code,name,market,price,market_cap,trade_amt,group_name
005930,삼성전자,KOSPI,201000,11898472,9416.6,반도체와반도체장비
000660,SK하이닉스,KOSPI,1016000,7226801,6262.8,반도체와반도체장비
005935,삼성전자우,KOSPI,142800,1166027,1734.4,반도체와반도체장비
005380,현대차,KOSPI,521000,1068835,664.0,자동차
373220,LG에너지솔루션,KOSPI,374000,875160,104.2,전기제품
402340,SK스퀘어,KOSPI,610000,804410,533.1,복합기업
207940,삼성바이오로직스,KOSPI,1602000,743432,50.8,제약
034020,두산에너빌리티,KOSPI,108400,696930,1577.1,기계
012450,한화에어로스페이스,KOSPI,1324000,682699,564.9,우주항공과국방
000270,기아,KOSPI,171100,667606,250.9,자동차
105560,KB금융,KOSPI,158000,589103,284.9,은행
329180,HD현대중공업,KOSPI,559000,586733,215.0,조선
028260,삼성물산,KOSPI,304500,515878,233.5,복합기업
055550,신한지주,KOSPI,98600,468009,215.7,은행
068270,셀트리온,KOSPI,202500,467872,94.9,제약
032830,삼성생명,KOSPI,224000,448000,212.3,생명보험
042660,한화오션,KOSPI,128300,392821,287.1,조선
006800,미래에셋증권,KOSPI,68400,379836,498.9,증권
012330,현대모비스,KOSPI,408000,369735,187.7,자동차부품
009150,삼성전기,KOSPI,474500,354421,643.1,전자장비와기기
035420,NAVER,KOSPI,222000,348212,171.3,양방향미디어와서비스
267260,HD현대일렉트릭,KOSPI,964000,347494,181.0,전기장비
010130,고려아연,KOSPI,1617000,337724,54.2,비철금속
006400,삼성SDI,KOSPI,400750,323147,354.9,전기제품
086790,하나금융지주,KOSPI,115000,319796,255.4,은행
015760,한국전력,KOSPI,49000,314883,287.8,전기유틸리티
042700,한미반도체,KOSPI,313000,298327,837.4,반도체와반도체장비
009540,HD한국조선해양,KOSPI,411500,292292,99.9,조선
005490,POSCO홀딩스,KOSPI,341000,275981,138.8,철강
010120,LS ELECTRIC,KOSPI,893000,267900,440.0,전기장비
034730,SK,KOSPI,359000,260284,166.7,석유와가스
272210,한화시스템,KOSPI,137300,259197,330.0,우주항공과국방
298040,효성중공업,KOSPI,2761000,257637,143.5,전기장비
316140,우리금융지주,KOSPI,34450,252522,134.4,은행
010140,삼성중공업,KOSPI,28450,250360,244.9,조선
035720,카카오,KOSPI,50100,221825,86.2,양방향미디어와서비스
000810,삼성화재,KOSPI,480000,220853,44.8,손해보험
051910,LG화학,KOSPI,307500,217071,105.9,화학
267250,HD현대,KOSPI,264500,208541,40.3,조선
086520,에코프로,KOSDAQ,151200,205565,252.8,화학
011200,HMM,KOSPI,21125,199494,62.6,해운사
064350,현대로템,KOSPI,181800,198311,463.7,우주항공과국방
096770,SK이노베이션,KOSPI,115300,194748,258.7,석유와가스
066570,LG전자,KOSPI,119100,194649,236.5,전자제품
024110,기업은행,KOSPI,24300,193774,33.3,은행
000720,현대건설,KOSPI,173550,193424,525.6,건설
138040,메리츠금융지주,KOSPI,114100,193168,37.0,증권
196170,알테오젠,KOSDAQ,354500,189777,115.5,생물공학
000150,두산,KOSPI,1174000,189629,197.4,복합기업
000250,삼천당제약,KOSDAQ,798000,187659,233.4,제약
247540,에코프로비엠,KOSDAQ,190100,185877,137.5,전기제품
047810,한국항공우주,KOSPI,188300,183545,145.1,우주항공과국방
033780,KT&G,KOSPI,158900,182221,23.3,담배
003670,포스코퓨처엠,KOSPI,199600,177447,81.8,화학
069500,KODEX 200,KOSPI,87340,177427,2345.9,기타
086280,현대글로비스,KOSPI,231500,173250,35.0,항공화물운송과물류
017670,SK텔레콤,KOSPI,78300,168395,196.4,무선통신서비스
030200,KT,KOSPI,60400,151969,20.7,다각화된통신서비스
079550,LIG넥스원,KOSPI,683000,150480,301.2,우주항공과국방
352820,하이브,KOSPI,346000,148584,276.5,방송과엔터테인먼트
360750,TIGER 미국S&P500,KOSPI,24465,147144,335.4,기타
003550,LG,KOSPI,94100,145276,41.5,복합기업
278470,에이피알,KOSPI,372000,139831,125.5,화장품
047050,포스코인터내셔널,KOSPI,76100,133701,412.6,무역회사와판매업체
277810,레인보우로보틱스,KOSDAQ,689000,132889,338.3,기계
0126Z0,삼성에피스홀딩스,KOSPI,532000,132626,47.4,제약
005830,DB손해보험,KOSPI,188000,130441,19.0,손해보험
071050,한국금융지주,KOSPI,234500,130120,110.3,증권
010950,S-Oil,KOSPI,112200,126543,191.9,석유와가스
018260,삼성에스디에스,KOSPI,162600,125738,31.8,IT서비스
039490,키움증권,KOSPI,457500,123631,144.0,증권
005940,NH투자증권,KOSPI,34600,122938,77.2,증권
323410,카카오뱅크,KOSPI,25300,120692,64.6,은행
307950,현대오토에버,KOSPI,432000,118608,46.8,IT서비스
259960,크래프톤,KOSPI,234000,110689,24.2,게임엔터테인먼트
298380,에이비엘바이오,KOSDAQ,189700,106264,137.5,생물공학
007660,이수페타시스,KOSPI,128800,94551,357.3,전자장비와기기
006260,LS,KOSPI,302500,94380,72.7,전기장비
003490,대한항공,KOSPI,25500,93896,138.0,항공사
005387,현대차2우B,KOSPI,268500,93703,38.8,자동차
009830,한화솔루션,KOSPI,53850,92821,2251.0,에너지장비및서비스
000880,한화,KOSPI,121300,90849,19.2,복합기업
016360,삼성증권,KOSPI,101600,90550,106.6,증권
396500,TIGER 반도체TOP10,KOSPI,34500,86307,1239.6,기타
058470,리노공업,KOSDAQ,112900,86043,368.9,반도체와반도체장비
180640,한진칼,KOSPI,127400,84988,24.9,항공사
003230,삼양식품,KOSPI,1130000,84821,55.7,식품
377300,카카오페이,KOSPI,61800,83568,51.5,IT서비스
443060,HD현대마린솔루션,KOSPI,183800,82444,21.7,조선
090430,아모레퍼시픽,KOSPI,140600,82299,84.2,화장품
459580,KODEX CD금리액티브(합성),KOSPI,1074947,81571,770.5,기타
950160,코오롱티슈진,KOSDAQ,96700,80508,41.7,생물공학
379800,KODEX 미국S&P500,KOSPI,22360,80115,299.9,기타
000100,유한양행,KOSPI,99400,79249,39.6,제약
133690,TIGER 미국나스닥100,KOSPI,160845,79110,173.0,기타
326030,SK바이오팜,KOSPI,97300,76120,10.5,제약
047040,대우건설,KOSPI,18280,76017,4752.0,건설
087010,펩트론,KOSDAQ,323500,75431,81.1,생물공학
488770,KODEX 머니마켓액티브,KOSPI,103872,74654,124.8,기타
102110,TIGER 200,KOSPI,87300,73795,953.6,기타
229200,KODEX 코스닥150,KOSPI,19895,73047,644.9,기타
141080,리가켐바이오,KOSDAQ,197700,72268,82.6,제약
161390,한국타이어앤테크놀로지,KOSPI,58000,71847,12.1,자동차부품
028050,삼성E&A,KOSPI,35350,69776,251.2,건설
128940,한미약품,KOSPI,542000,69691,150.6,제약
029780,삼성카드,KOSPI,59900,69399,2.6,카드
011070,LG이노텍,KOSPI,289500,68397,164.3,전자장비와기기
032640,LG유플러스,KOSPI,15790,67912,14.7,무선통신서비스
028300,HLB,KOSDAQ,50800,67623,42.2,건강관리장비와용품
052690,한전기술,KOSPI,174000,66464,174.4,전기유틸리티
267270,HD건설기계,KOSPI,136200,65244,130.0,기계
064400,LG씨엔에스,KOSPI,66700,64719,50.7,IT서비스
078930,GS,KOSPI,68900,64018,55.0,석유와가스
005385,현대차우,KOSPI,269000,62670,36.1,자동차
241560,두산밥캣,KOSPI,63800,61156,38.0,기계
001040,CJ,KOSPI,208000,60688,59.0,복합기업
214370,케어젠,KOSDAQ,112500,60483,15.0,건강관리업체및서비스
310210,보로노이,KOSDAQ,328500,60422,27.6,제약
240810,원익IPS,KOSDAQ,122900,60373,106.1,반도체와반도체장비
034220,LG디스플레이,KOSPI,12060,60300,153.1,디스플레이패널
278530,KODEX 200TR,KOSPI,31420,59035,42.7,기타
138930,BNK금융지주,KOSPI,18990,58838,15.9,은행
175330,JB금융지주,KOSPI,31250,58640,9.0,은행
454910,두산로보틱스,KOSPI,89200,57819,27.4,기계
001440,대한전선,KOSPI,30850,57612,217.5,전기장비
122630,KODEX 레버리지,KOSPI,90600,55827,3152.0,기타
379810,KODEX 미국나스닥100,KOSPI,24100,55646,124.8,기타
088980,맥쿼리인프라,KOSPI,11500,55028,40.5,운송인프라
039030,이오테크닉스,KOSDAQ,439000,54021,154.6,반도체와반도체장비
271560,오리온,KOSPI,134000,53017,15.4,식품
021240,코웨이,KOSPI,74900,53004,26.3,가정용기기와용품
095340,ISC,KOSDAQ,238500,50554,77.8,반도체와반도체장비
002380,KCC,KOSPI,553000,49231,24.2,건축자재
032820,우리기술,KOSDAQ,29000,49034,2093.4,우주항공과국방
357870,TIGER CD금리투자KIS(합성),KOSPI,57245,49017,15.8,기타
036570,엔씨소프트,KOSPI,224500,48474,36.5,게임엔터테인먼트
004020,현대제철,KOSPI,36350,48374,52.9,철강
411060,ACE KRX금현물,KOSPI,31225,48180,326.5,기타
022100,포스코DX,KOSPI,31650,48118,17.4,IT서비스
062040,산일전기,KOSPI,153300,46825,48.4,전기장비
233740,KODEX 코스닥150레버리지,KOSPI,17100,46590,1243.2,기타
088350,한화생명,KOSPI,5160,44816,153.5,생명보험
423160,KODEX KOFR금리액티브(합성),KOSPI,110792,43779,33.4,기타
489790,한화비전,KOSPI,86600,43773,187.6,통신장비
066970,엘앤에프,KOSPI,108100,43547,33.2,전기제품
450080,에코프로머티,KOSPI,61300,43252,67.2,전기제품
018880,한온시스템,KOSPI,4125,42384,152.7,자동차부품
251270,넷마블,KOSPI,51700,42291,7.4,게임엔터테인먼트
091160,KODEX 반도체,KOSPI,103990,41879,784.5,기타
403870,HPSP,KOSDAQ,50600,41561,645.8,반도체와반도체장비
082740,한화엔진,KOSPI,49300,41097,18.2,조선
010060,OCI홀딩스,KOSPI,218500,41074,205.4,화학
353200,대덕전자,KOSPI,83100,41065,728.7,전자장비와기기
031210,서울보증보험,KOSPI,57000,39798,2.8,손해보험
035250,강원랜드,KOSPI,18180,38915,16.6,"호텔,레스토랑,레저"
273130,KODEX 종합채권(AA-이상)액티브,KOSPI,113390,38883,2.0,기타
103590,일진전기,KOSPI,81200,38768,63.9,전기장비
108490,로보티즈,KOSDAQ,264500,38683,121.6,기계
051900,LG생활건강,KOSPI,251000,38409,53.4,화장품
011790,SKC,KOSPI,100300,37981,20.6,화학
000990,DB하이텍,KOSPI,87300,37979,41.6,반도체와반도체장비
498400,KODEX 200타겟위클리커버드콜,KOSPI,18105,37423,287.4,기타
111770,영원무역,KOSPI,84200,37354,8.0,"섬유,의류,신발,호화품"
381170,TIGER 미국테크TOP10 INDXX,KOSPI,28800,36956,44.8,기타
226950,올릭스,KOSDAQ,180900,36503,67.2,생명과학도구및서비스
012510,더존비즈온,KOSPI,119300,36261,299.6,소프트웨어
0009K0,에임드바이오,KOSDAQ,55800,36086,35.8,생물공학
0043B0,TIGER 머니마켓액티브,KOSPI,101960,35929,18.5,기타
011170,롯데케미칼,KOSPI,83900,35888,56.1,화학
439260,대한조선,KOSPI,92500,35636,37.8,조선
381180,TIGER 미국필라델피아반도체나스닥,KOSPI,30740,35606,66.2,기타
214150,클래시스,KOSDAQ,54100,35227,15.6,건강관리장비와용품
017800,현대엘리베이터,KOSPI,90000,35144,32.6,기계
011780,금호석유화학,KOSPI,134400,35012,20.0,화학
001720,신영증권,KOSPI,210000,34524,10.5,증권
347850,디앤디파마텍,KOSDAQ,79200,34523,59.7,생물공학
036460,한국가스공사,KOSPI,37250,34386,64.2,가스유틸리티
012750,에스원,KOSPI,89600,34161,5.3,상업서비스와공급품
004990,롯데지주,KOSPI,32300,33780,31.3,복합기업
214450,파마리서치,KOSDAQ,325000,33740,31.6,건강관리장비와용품
357780,솔브레인,KOSDAQ,434000,33720,25.5,반도체와반도체장비
014680,한솔케미칼,KOSPI,295500,33655,36.9,화학
036930,주성엔지니어링,KOSDAQ,72200,33652,1320.5,반도체와반도체장비
302440,SK바이오사이언스,KOSPI,42550,33413,7.4,제약
319400,현대무벡스,KOSDAQ,29600,32967,56.6,기계
083650,비에이치아이,KOSDAQ,106400,32924,87.6,에너지장비및서비스
360200,ACE 미국S&P500,KOSPI,24730,32890,29.0,기타
148020,RISE 200,KOSPI,88050,32688,87.6,기타
004170,신세계,KOSPI,336000,32407,24.8,백화점과일반상점
145020,휴젤,KOSDAQ,261000,32113,24.7,생물공학
097950,CJ제일제당,KOSPI,207000,31237,54.5,식품
237690,에스티팜,KOSDAQ,150000,31211,21.3,제약
009970,영원무역홀딩스,KOSPI,230500,31115,4.3,"섬유,의류,신발,호화품"
336260,두산퓨얼셀,KOSPI,47100,30945,158.5,전기제품
023530,롯데쇼핑,KOSPI,109200,30863,28.4,백화점과일반상점
458730,TIGER 미국배당다우존스,KOSPI,14480,30636,41.4,기타
085620,미래에셋생명,KOSPI,17090,30216,38.3,생명보험
084370,유진테크,KOSDAQ,131300,29974,40.3,반도체와반도체장비
005850,에스엘,KOSPI,63500,29494,15.7,자동차부품
051600,한전KPS,KOSPI,65300,29340,153.4,전기유틸리티
009420,한올바이오파마,KOSPI,55500,28941,24.1,제약
043260,성호전자,KOSDAQ,40750,28936,192.1,전기제품
476830,알지노믹스,KOSDAQ,206000,28703,193.0,생물공학
001450,현대해상,KOSPI,31950,28384,30.2,손해보험
00680K,미래에셋증권2우B,KOSPI,20700,28187,15.2,증권
440110,파두,KOSDAQ,56400,28155,234.7,반도체와반도체장비
481050,KODEX CD1년금리플러스액티브(합성),KOSPI,1022985,28065,12.4,기타
112610,씨에스윈드,KOSPI,66600,28001,216.0,에너지장비및서비스
028670,팬오션,KOSPI,5210,27904,73.9,해운사
140410,메지온,KOSDAQ,92000,27889,254.6,식품
139130,iM금융지주,KOSPI,17320,27788,9.9,은행
103140,풍산,KOSPI,98700,27687,52.5,비철금속
457190,이수스페셜티케미컬,KOSPI,91400,27620,42.4,화학
263750,펄어비스,KOSDAQ,42850,27449,778.8,게임엔터테인먼트
367380,ACE 미국나스닥100,KOSPI,27660,27106,34.1,기타
139480,이마트,KOSPI,97600,26933,30.0,백화점과일반상점
178320,서진시스템,KOSDAQ,45850,26926,161.3,전기장비
279570,케이뱅크,KOSPI,6620,26857,179.2,은행
064760,티씨케이,KOSDAQ,239500,26774,17.0,반도체와반도체장비
058610,에스피지,KOSDAQ,120700,26701,80.6,전기제품
006360,GS건설,KOSPI,31200,26658,765.5,건설
071970,HD현대마린엔진,KOSPI,78500,26594,12.5,조선
068760,셀트리온제약,KOSDAQ,60500,26472,4.9,제약
475830,오름테라퓨틱,KOSDAQ,124200,26391,55.7,제약
026960,동서,KOSPI,26450,26370,2.1,식품
000120,CJ대한통운,KOSPI,115000,26302,6.1,항공화물운송과물류
008930,한미사이언스,KOSPI,38200,26125,9.2,제약
003690,코리안리,KOSPI,13370,25989,5.2,손해보험
030530,원익홀딩스,KOSDAQ,33550,25951,116.6,반도체와반도체장비
102780,KODEX 삼성그룹,KOSPI,19080,25922,26.3,기타
161510,PLUS 고배당주,KOSPI,26775,25705,63.8,기타
000240,한국앤컴퍼니,KOSPI,27050,25679,2.3,자동차부품
005290,동진쎄미켐,KOSDAQ,49900,25655,62.6,반도체와반도체장비
017960,한국카본,KOSPI,48750,25279,31.2,조선
204320,HL만도,KOSPI,53800,25262,15.0,자동차부품
097230,HJ중공업,KOSPI,27550,24921,158.8,건설
004800,효성,KOSPI,148100,24792,2.9,복합기업
455890,RISE 머니마켓액티브,KOSPI,54690,24685,22.6,기타
005440,현대지에프홀딩스,KOSPI,15520,24445,32.8,복합기업
449170,TIGER KOFR금리액티브(합성),KOSPI,110460,24420,17.7,기타
018670,SK가스,KOSPI,264000,24407,75.3,가스유틸리티
030000,제일기획,KOSPI,21050,24273,8.2,광고
001430,세아베스틸지주,KOSPI,67100,24063,19.7,철강
278540,KODEX MSCI Korea TR,KOSPI,30445,23777,2.3,기타
035900,JYP Ent.,KOSDAQ,67000,23771,18.5,방송과엔터테인먼트
375500,DL이앤씨,KOSPI,61300,23757,424.6,건설
292150,TIGER 코리아TOP10,KOSPI,31295,23749,120.4,기타
383220,F&F,KOSPI,61700,23673,9.9,"섬유,의류,신발,호화품"
319660,피에스케이,KOSDAQ,82000,23665,51.4,반도체와반도체장비
081660,미스토홀딩스,KOSPI,44250,23466,6.4,"섬유,의류,신발,호화품"
222800,심텍,KOSDAQ,62500,23338,188.7,전자장비와기기
257720,실리콘투,KOSDAQ,38100,23337,34.1,인터넷과카탈로그소매
004370,농심,KOSPI,378000,22992,14.3,식품
011210,현대위아,KOSPI,84500,22952,11.7,자동차부품
458870,씨어스테크놀로지,KOSDAQ,181500,22937,64.1,건강관리기술
031980,피에스케이홀딩스,KOSDAQ,106100,22856,37.0,반도체와반도체장비
067310,하나마이크론,KOSDAQ,34400,22851,129.2,반도체와반도체장비
395160,KODEX AI반도체,KOSPI,28665,22780,154.4,기타
023590,다우기술,KOSPI,50300,22567,4.2,증권
041510,에스엠,KOSDAQ,98100,22482,15.9,방송과엔터테인먼트
232080,TIGER 코스닥150,KOSPI,20300,22218,93.8,기타
007340,DN오토모티브,KOSPI,37800,22117,19.4,자동차부품
475150,SK이터닉스,KOSPI,64700,21838,1412.3,에너지장비및서비스
002790,아모레퍼시픽홀딩스,KOSPI,28250,21675,11.5,화장품
218410,RFHIC,KOSDAQ,81300,21641,154.6,통신장비
192820,코스맥스,KOSPI,189700,21609,69.8,화장품
445680,큐리옥스바이오시스템즈,KOSDAQ,126600,21553,162.8,생명과학도구및서비스
089030,테크윙,KOSDAQ,58000,21491,253.0,반도체와반도체장비
282330,BGF리테일,KOSPI,123700,21380,6.4,백화점과일반상점
039200,오스코텍,KOSDAQ,55800,21348,50.5,제약
323280,태성,KOSDAQ,69900,21346,31.2,전자장비와기기
347700,스피어,KOSDAQ,44700,21068,194.3,우주항공과국방
069960,현대백화점,KOSPI,90700,20501,15.5,백화점과일반상점
098460,고영,KOSDAQ,29900,20493,97.2,전자장비와기기
003540,대신증권,KOSPI,40400,20461,12.5,증권
000155,두산우,KOSPI,510000,20421,25.2,복합기업
020150,롯데에너지머티리얼즈,KOSPI,38800,20317,12.1,전자장비와기기
491000,리브스메드,KOSDAQ,81100,20287,51.6,건강관리장비와용품
214980,KODEX 단기채권PLUS,KOSPI,114745,19874,10.0,기타
376900,로킷헬스케어,KOSDAQ,124500,19815,161.9,건강관리장비와용품
483650,달바글로벌,KOSPI,158800,19766,25.8,화장품
099320,쎄트렉아이,KOSDAQ,180400,19734,28.3,우주항공과국방
003380,하림지주,KOSDAQ,17450,19488,487.8,식품
487240,KODEX AI전력핵심설비,KOSPI,34480,19481,316.7,기타
120110,코오롱인더,KOSPI,69800,19235,21.9,화학
078600,대주전자재료,KOSDAQ,123600,19134,114.4,전자장비와기기
140860,파크시스템스,KOSDAQ,272000,19033,55.5,전자장비와기기
000500,가온전선,KOSPI,114400,18875,17.2,전기장비
466920,SOL 조선TOP3플러스,KOSPI,36115,18854,119.7,기타
290650,엘앤씨바이오,KOSDAQ,75300,18784,17.0,건강관리장비와용품
069620,대웅제약,KOSPI,161400,18700,4.9,제약
395400,SK리츠,KOSPI,6175,18602,1.6,부동산
305720,KODEX 2차전지산업,KOSPI,16350,18469,145.0,기타
001120,LX인터내셔널,KOSPI,47450,18411,46.8,무역회사와판매업체
101490,에스앤에스텍,KOSDAQ,86200,18390,22.1,반도체와반도체장비
038500,삼표시멘트,KOSDAQ,17100,18356,92.4,건축자재
361610,SK아이이테크놀로지,KOSPI,22350,18279,7.0,전기제품
073240,금호타이어,KOSPI,6230,17896,4.4,자동차부품
453850,ACE 미국30년국채액티브(H),KOSPI,7640,17862,46.9,기타
462870,시프트업,KOSPI,30250,17842,1.9,게임엔터테인먼트
006040,동원산업,KOSPI,40250,17813,3.8,식품
131970,두산테스나,KOSDAQ,91600,17703,57.4,반도체와반도체장비
085660,차바이오텍,KOSDAQ,19050,17625,26.5,건강관리업체및서비스
417200,LS머트리얼즈,KOSDAQ,26050,17522,1639.1,전기제품
437730,삼현,KOSDAQ,55000,17470,33.3,자동차부품
161890,한국콜마,KOSPI,73600,17420,63.8,화장품
008770,호텔신라,KOSPI,44300,17386,12.9,백화점과일반상점
006280,녹십자,KOSPI,148200,17319,11.6,제약
232140,와이씨,KOSDAQ,21100,17311,78.8,반도체와반도체장비
065350,신성델타테크,KOSDAQ,62900,17287,14.7,가정용기기와용품
449450,PLUS K방산,KOSPI,72045,17266,215.7,기타
034230,파라다이스,KOSPI,18620,17256,14.6,"호텔,레스토랑,레저"
007070,GS리테일,KOSPI,20500,17097,3.4,백화점과일반상점
090710,휴림로봇,KOSDAQ,14140,16939,720.9,기계
060370,LS마린솔루션,KOSDAQ,32400,16925,87.6,건설
082270,젬백스,KOSDAQ,38350,16900,9.1,반도체와반도체장비
032350,롯데관광개발,KOSPI,21100,16875,19.4,"호텔,레스토랑,레저"
012630,HDC,KOSPI,28250,16847,30.9,건설
475630,TIGER CD1년금리액티브(합성),KOSPI,1061810,16784,761.0,기타
298020,효성티앤씨,KOSPI,381000,16488,22.9,"섬유,의류,신발,호화품"
115180,큐리언트,KOSDAQ,44100,16479,21.4,제약
294400,KIWOOM 200TR,KOSPI,114065,16475,11.5,기타
395270,HANARO Fn K-반도체,KOSPI,36035,16409,185.8,기타
003530,한화투자증권,KOSPI,7630,16348,75.4,증권
160190,하이젠알앤엠,KOSDAQ,53100,16339,6.3,기계
322000,HD현대에너지솔루션,KOSPI,143300,16083,1180.8,에너지장비및서비스
005070,코스모신소재,KOSPI,49150,15979,11.7,화학
003570,SNT다이내믹스,KOSPI,47550,15811,3.8,자동차부품
294870,HDC현대산업개발,KOSPI,23700,15685,55.9,건설
174900,앱클론,KOSDAQ,78800,15681,54.8,생물공학
001800,오리온홀딩스,KOSPI,25000,15630,4.0,식품
100090,SK오션플랜트,KOSPI,25000,15588,836.2,에너지장비및서비스
493280,아이엠바이오로직스,KOSDAQ,104000,15367,1082.2,제약
007810,코리아써키트,KOSPI,64000,15348,66.4,전자장비와기기
030610,교보증권,KOSPI,13150,14951,2.3,증권
007310,오뚜기,KOSPI,373000,14929,3.9,식품
080220,제주반도체,KOSDAQ,43150,14913,107.0,반도체와반도체장비
315930,KODEX Top5PlusTR,KOSPI,63330,14874,6.3,기타
397030,에이프릴바이오,KOSDAQ,63800,14869,58.8,제약
284430,KODEX 200미국채혼합,KOSPI,20060,14856,82.9,기타
195940,HK이노엔,KOSDAQ,52000,14703,13.9,제약
0072R0,TIGER KRX금현물,KOSPI,14925,14611,140.1,기타
456160,지투지바이오,KOSDAQ,88000,14526,74.7,제약
082640,동양생명,KOSPI,8970,14457,5.5,생명보험
487230,KODEX 미국AI전력핵심인프라,KOSPI,20785,14421,122.5,기타
329200,TIGER 리츠부동산인프라,KOSPI,4617,14416,16.2,기타
488080,TIGER 반도체TOP10레버리지,KOSPI,46410,14363,674.1,기타
048410,현대바이오,KOSDAQ,14740,14234,107.6,화장품
466100,클로봇,KOSDAQ,57000,14170,22.8,기계
003090,대웅,KOSPI,24350,14157,4.3,제약
004000,롯데정밀화학,KOSPI,54600,14138,14.1,화학
441640,KODEX 미국배당커버드콜액티브,KOSPI,12645,14080,55.4,기타
124500,아이티센글로벌,KOSDAQ,60900,14038,81.1,IT서비스
105190,ACE 200,KOSPI,87835,13998,39.2,기타
229640,LS에코에너지,KOSPI,45150,13903,25.9,전기장비
388210,씨엠티엑스,KOSDAQ,145800,13882,55.6,반도체와반도체장비
077970,STX엔진,KOSPI,34500,13851,6.1,조선
035760,CJ ENM,KOSDAQ,62500,13705,2.7,방송과엔터테인먼트
127120,제이에스링크,KOSDAQ,39850,13630,14.9,생명과학도구및서비스
131290,티에스이,KOSDAQ,121800,13450,12.7,반도체와반도체장비
152100,PLUS 200,KOSPI,88735,13441,97.4,기타
379780,RISE 미국S&P500,KOSPI,21355,13389,12.5,기타
003240,태광산업,KOSPI,1188000,13216,13.1,화학
281740,레이크머티리얼즈,KOSDAQ,20100,13211,21.9,화학
082920,비츠로셀,KOSDAQ,29000,13171,114.0,전기제품
000210,DL,KOSPI,62700,13118,192.4,화학
189300,인텔리안테크,KOSDAQ,122100,13067,23.7,통신장비
371460,TIGER 차이나전기차SOLACTIVE,KOSPI,13110,12957,3.0,기타
095610,테스,KOSDAQ,66200,12796,11.3,반도체와반도체장비
494310,KODEX 반도체레버리지,KOSPI,74715,12753,633.7,기타
300720,한일시멘트,KOSPI,17390,12738,6.4,건축자재
181710,NHN,KOSPI,38550,12659,1.6,IT서비스
183300,코미코,KOSDAQ,119700,12500,35.5,반도체와반도체장비
293490,카카오게임즈,KOSDAQ,13920,12498,12.7,게임엔터테인먼트
368590,RISE 미국나스닥100,KOSPI,26800,12464,9.0,기타
001740,SK네트웍스,KOSPI,5610,12391,9.6,복합기업
000815,삼성화재우,KOSPI,399000,12367,14.5,손해보험
032500,케이엠더블유,KOSDAQ,30000,12346,40.1,통신장비
144600,KODEX 은선물(H),KOSPI,12035,12282,202.6,기타
185750,종근당,KOSPI,88500,12215,3.7,제약
456600,TIME 글로벌AI인공지능액티브,KOSPI,44245,12174,32.3,기타
530031,삼성 레버리지 WTI원유 선물 ETN,KOSPI,2990,12099,28.3,기타
166090,하나머티리얼즈,KOSDAQ,60900,12005,16.9,반도체와반도체장비
100790,미래에셋벤처투자,KOSDAQ,22600,11979,62.9,창업투자
253450,스튜디오드래곤,KOSDAQ,39500,11843,3.6,방송과엔터테인먼트
096530,씨젠,KOSDAQ,22650,11829,10.5,생명과학도구및서비스
051915,LG화학우,KOSPI,153700,11817,6.1,화학
000080,하이트진로,KOSPI,16730,11726,11.1,음료
388720,유일로보틱스,KOSDAQ,99500,11710,16.2,기계
486290,TIGER 미국나스닥100타겟데일리커버드콜,KOSPI,10230,11703,50.3,기타
213420,덕산네오룩스,KOSDAQ,47200,11683,26.5,디스플레이장비및부품
036540,SFA반도체,KOSDAQ,7090,11660,23.4,반도체와반도체장비
010170,대한광통신,KOSDAQ,7490,11653,394.8,통신장비
089860,롯데렌탈,KOSPI,31900,11582,1.2,도로와철도운송
007390,네이처셀,KOSDAQ,17800,11475,12.5,생물공학
089970,브이엠,KOSDAQ,46950,11412,77.0,반도체와반도체장비
137400,피엔티,KOSDAQ,48200,11383,19.6,전기제품
457480,ACE 테슬라밸류체인액티브,KOSPI,20655,11379,49.6,기타
305540,TIGER 2차전지테마,KOSPI,20090,11272,25.6,기타
426030,TIME 미국나스닥100액티브,KOSPI,40300,11211,239.5,기타
348370,엔켐,KOSDAQ,51000,11196,42.6,전기제품
455850,SOL AI반도체소부장,KOSPI,27435,11189,234.1,기타
122870,와이지엔터테인먼트,KOSDAQ,59900,11177,13.7,방송과엔터테인먼트
005300,롯데칠성,KOSPI,119300,11078,3.9,음료
328130,루닛,KOSDAQ,37450,10952,29.3,건강관리기술
192080,더블유게임즈,KOSPI,51600,10925,3.5,게임엔터테인먼트
476060,온코닉테라퓨틱스,KOSDAQ,24200,10862,49.4,제약
476550,TIGER 미국30년국채커버드콜액티브(H),KOSPI,7505,10855,29.9,기타
006120,SK디스커버리,KOSPI,62300,10848,12.4,석유와가스
295310,에이치브이엠,KOSDAQ,91000,10842,22.3,비철금속
056080,유진로봇,KOSDAQ,28700,10765,24.5,기계
171090,선익시스템,KOSDAQ,106600,10750,55.4,디스플레이장비및부품
448330,KODEX 삼성전자채권혼합,KOSPI,15635,10750,103.3,기타
036830,솔브레인홀딩스,KOSDAQ,52100,10723,3.1,전기제품
003160,디아이,KOSPI,37700,10640,45.3,반도체와반도체장비
204270,제이앤티씨,KOSDAQ,18320,10597,5.5,핸드셋
280360,롯데웰푸드,KOSPI,113800,10588,1.5,식품
000670,영풍,KOSPI,58400,10575,7.0,핸드셋
102970,KODEX 증권,KOSPI,27730,10565,332.4,기타
001510,SK증권,KOSPI,2240,10562,883.2,증권
0163Y0,KoAct 코스닥액티브,KOSPI,12645,10543,163.1,기타
036530,SNT홀딩스,KOSPI,64600,10532,1.2,자동차부품
446770,ACE 글로벌반도체TOP4 Plus,KOSPI,58985,10528,25.7,기타
052020,에스티큐브,KOSDAQ,15315,10503,29.9,판매업체
389470,인벤티지랩,KOSDAQ,79100,10502,27.8,제약
157450,TIGER 단기통안채,KOSPI,111330,10490,1.6,기타
056190,에스에프에이,KOSDAQ,29150,10485,3.6,기계
071320,지역난방공사,KOSPI,90900,10467,6.7,복합유틸리티
044490,태웅,KOSDAQ,52400,10463,328.5,에너지장비및서비스
445290,KODEX 로봇액티브,KOSPI,32950,10400,43.4,기타
484870,엠앤씨솔루션,KOSPI,113400,10380,6.3,우주항공과국방
057050,현대홈쇼핑,KOSPI,85900,10296,2.7,인터넷과카탈로그소매
003470,유안타증권,KOSPI,5150,10259,4.6,증권
285130,SK케미칼,KOSPI,59300,10258,3.3,화학
281820,케이씨텍,KOSPI,49500,10241,11.0,반도체와반도체장비
126340,비나텍,KOSDAQ,147400,10226,46.0,전기장비
466940,TIGER 은행고배당플러스TOP10,KOSPI,26315,10195,67.1,기타
298050,HS효성첨단소재,KOSPI,226500,10191,9.5,화학
009240,한샘,KOSPI,43150,10154,1.1,가구
490470,세미파이브,KOSDAQ,29750,10039,150.8,반도체와반도체장비
006730,서부T&D,KOSDAQ,15420,10018,38.3,"호텔,레스토랑,레저"
222080,씨아이에스,KOSDAQ,12910,10018,56.0,전기제품
071055,한국금융지주우,KOSPI,171400,10017,7.2,증권
420770,기가비스,KOSDAQ,79000,10013,9.9,반도체와반도체장비
469830,SOL 초단기채권액티브,KOSPI,53585,9970,18.1,기타
499790,GS피앤엘,KOSPI,50100,9935,6.4,"호텔,레스토랑,레저"
030190,NICE평가정보,KOSPI,16820,9903,2.7,상업서비스와공급품
100840,SNT에너지,KOSPI,48000,9895,180.2,에너지장비및서비스
075580,세진중공업,KOSPI,17370,9880,6.2,조선
249420,일동제약,KOSPI,31200,9855,8.7,제약
494890,KODEX 200액티브,KOSPI,25240,9841,7.9,기타
114800,KODEX 인버스,KOSPI,1595,9802,571.0,기타
465580,ACE 미국빅테크TOP7 Plus,KOSPI,21525,9772,21.2,기타
032190,다우데이타,KOSDAQ,25450,9747,11.4,증권
195870,해성디에스,KOSPI,57400,9741,26.1,반도체와반도체장비
005690,파미셀,KOSPI,16100,9668,11.9,화학
009450,경동나비엔,KOSPI,66300,9658,9.4,가정용기기와용품
139260,TIGER 200 IT,KOSPI,87355,9625,54.7,기타
358570,지아이이노베이션,KOSDAQ,14910,9555,22.4,생물공학
036810,에프에스티,KOSDAQ,43400,9529,25.6,반도체와반도체장비
010780,아이에스동서,KOSPI,31450,9508,10.4,건설
161580,필옵틱스,KOSDAQ,40600,9489,14.7,전자장비와기기
00088K,한화3우B,KOSPI,48900,9488,2.3,복합기업
486990,노타,KOSDAQ,43850,9370,25.0,IT서비스
014620,성광벤드,KOSDAQ,35300,9348,73.2,기계
066575,LG전자우,KOSPI,54000,9297,9.8,전자제품
494670,TIGER 조선TOP10,KOSPI,28700,9190,86.4,기타
438080,ACE 미국S&P500미국채혼합50액티브,KOSPI,13965,9147,15.5,기타
446720,SOL 미국배당다우존스,KOSPI,13265,9059,7.3,기타
226490,KODEX 코스피,KOSPI,59915,8983,32.4,기타
091230,TIGER 반도체,KOSPI,108770,8968,77.9,기타
027360,아주IB투자,KOSDAQ,7400,8952,97.9,창업투자
371160,TIGER 차이나항셍테크,KOSPI,8105,8911,15.8,기타
481060,KODEX 미국30년국채타겟커버드콜(합성 H),KOSPI,8065,8859,14.7,기타
078160,메디포스트,KOSDAQ,22450,8840,5.9,생물공학
074600,원익QnC,KOSDAQ,33650,8832,14.8,반도체와반도체장비
434730,HANARO 원자력iSelect,KOSPI,72650,8825,89.2,기타
006650,대한유화,KOSPI,135400,8814,11.7,화학
479080,1Q 머니마켓액티브,KOSPI,52982,8807,4.1,기타
456040,OCI,KOSPI,96900,8719,11.9,화학
376300,디어유,KOSDAQ,36400,8676,2.4,양방향미디어와서비스
495050,RISE 코리아밸류업,KOSPI,25980,8657,72.2,기타
064960,SNT모티브,KOSPI,32500,8625,2.3,자동차부품
084110,휴온스글로벌,KOSDAQ,67600,8558,2.2,제약
317450,명인제약,KOSPI,58400,8526,1.5,제약
468530,프로티나,KOSDAQ,78000,8510,44.2,생물공학
348340,뉴로메카,KOSDAQ,68700,8480,36.1,기계
004490,세방전지,KOSPI,61100,8468,2.5,자동차부품
052400,코나아이,KOSDAQ,58300,8461,7.3,IT서비스
248070,솔루엠,KOSPI,17690,8458,2.7,전자장비와기기
463250,TIGER K방산&우주,KOSPI,45735,8458,157.4,기타
497570,TIGER 미국필라델피아AI반도체나스닥,KOSPI,16975,8445,7.3,기타
348210,넥스틴,KOSDAQ,80300,8413,5.3,반도체와반도체장비
108320,LX세미콘,KOSPI,51100,8359,5.1,디스플레이장비및부품
033240,자화전자,KOSPI,38350,8354,10.8,통신장비
086450,동국제약,KOSDAQ,18450,8345,8.5,제약
023160,태광,KOSDAQ,31900,8303,95.6,기계
000370,한화손해보험,KOSPI,7080,8265,6.1,손해보험
390390,KODEX 미국반도체,KOSPI,40250,8251,14.9,기타
001270,부국증권,KOSPI,79000,8192,3.8,증권
241710,코스메카코리아,KOSDAQ,76300,8170,7.4,화장품
102710,이엔에프테크놀로지,KOSDAQ,56700,8086,3.1,반도체와반도체장비
079160,CJ CGV,KOSPI,4880,8072,3.0,방송과엔터테인먼트
253590,네오셈,KOSDAQ,18390,8067,63.2,반도체와반도체장비
003030,세아제강지주,KOSPI,196000,8047,52.7,철강
003850,보령,KOSPI,9380,8046,1.8,제약
079900,전진건설로봇,KOSPI,55100,8025,16.8,기계
472150,TIGER 배당커버드콜액티브,KOSPI,18340,7925,156.6,기타
033100,제룡전기,KOSDAQ,49200,7918,9.8,전기장비
033500,동성화인텍,KOSDAQ,26450,7917,10.9,화학
086900,메디톡스,KOSDAQ,108000,7882,9.5,생물공학
214320,이노션,KOSPI,19640,7864,2.6,광고
356860,티엘비,KOSDAQ,79900,7856,130.9,반도체와반도체장비
060250,NHN KCP,KOSDAQ,19510,7855,18.7,IT서비스
069260,TKG휴켐스,KOSPI,19100,7820,2.0,화학
402970,ACE 미국배당다우존스,KOSPI,14675,7777,10.6,기타
187660,현대ADM,KOSDAQ,13960,7770,375.3,제약
050890,쏠리드,KOSDAQ,12780,7764,207.9,통신장비
475720,RISE 200위클리커버드콜,KOSPI,12780,7748,33.4,기타
102940,코오롱생명과학,KOSDAQ,58500,7684,2.4,제약
462010,TIGER 2차전지소재Fn,KOSPI,6465,7657,62.7,기타
042520,한스바이오메드,KOSDAQ,53800,7644,21.1,건강관리장비와용품
005090,SGC에너지,KOSPI,53100,7636,14.8,에너지장비및서비스
272580,TIGER 단기채권액티브,KOSPI,56425,7591,2.6,기타
399720,가온칩스,KOSDAQ,65400,7586,9.8,반도체와반도체장비
093370,후성,KOSPI,7060,7582,3.4,화학
025540,한국단자,KOSPI,74800,7566,1.3,자동차부품
00104K,CJ4우(전환),KOSPI,178300,7535,5.3,복합기업
024850,HLB이노베이션,KOSDAQ,5080,7535,77.2,반도체와반도체장비
121600,나노신소재,KOSDAQ,61600,7522,4.1,화학
114090,GKL,KOSPI,12150,7509,2.3,"호텔,레스토랑,레저"
251600,PLUS 고배당주채권혼합,KOSPI,15995,7472,34.9,기타
112040,위메이드,KOSDAQ,22050,7468,3.9,게임엔터테인먼트
0091P0,TIGER 코리아원자력,KOSPI,23530,7465,705.2,기타
014820,동원시스템즈,KOSPI,25750,7450,5.1,포장재
475960,토모큐브,KOSDAQ,55500,7427,7.2,생명과학도구및서비스
009520,포스코엠텍,KOSDAQ,17840,7424,3.1,철강
001060,JW중외제약,KOSPI,31800,7404,3.9,제약
444200,SOL 코리아메가테크액티브,KOSPI,44310,7398,60.8,기타
458760,TIGER 미국배당다우존스타겟커버드콜2호,KOSPI,11200,7397,4.9,기타
138540,TIGER 현대차그룹플러스,KOSPI,60650,7375,67.6,기타
015750,성우하이텍,KOSDAQ,9220,7372,18.9,자동차부품
487340,ACE 머니마켓액티브,KOSPI,104247,7332,26.2,기타
225570,넥슨게임즈,KOSDAQ,11110,7310,2.1,게임엔터테인먼트
153130,KODEX 단기채권,KOSPI,113315,7308,4.4,기타
005880,대한해운,KOSPI,2255,7277,75.9,해운사
003620,KG모빌리티,KOSPI,3590,7265,8.4,자동차
067160,SOOP,KOSDAQ,63100,7264,2.3,양방향미디어와서비스
017940,E1,KOSPI,105400,7244,20.8,가스유틸리티
237350,KODEX 코스피100,KOSPI,69225,7230,35.7,기타
002350,넥센타이어,KOSPI,7400,7227,1.9,자동차부품
287840,인투셀,KOSDAQ,48000,7203,25.6,제약
001680,대상,KOSPI,20750,7189,6.6,식품
365340,성일하이텍,KOSDAQ,58600,7179,3.4,전기제품
042000,카페24,KOSDAQ,29500,7154,2.5,IT서비스
003545,대신증권우,KOSPI,27500,7150,4.3,증권
214430,아이쓰리시스템,KOSDAQ,97700,7139,8.6,우주항공과국방
005180,빙그레,KOSPI,74700,7138,2.3,식품
760013,키움 레버리지 반도체TOP10 ETN,KOSPI,109180,7096,3.4,기타
002020,코오롱,KOSPI,55100,7086,6.8,복합기업
425420,티에프이,KOSDAQ,58800,7032,24.1,반도체와반도체장비
001500,현대차증권,KOSPI,11420,7018,5.4,증권
003280,흥아해운,KOSPI,2915,7008,56.2,해운사
025980,아난티,KOSDAQ,7390,6998,17.4,"호텔,레스토랑,레저"
438330,TIGER 우량회사채액티브,KOSPI,115255,6985,5.0,기타
449180,KODEX 미국S&P500(H),KOSPI,14920,6980,10.5,기타
441800,TIME Korea플러스배당액티브,KOSPI,28395,6953,53.2,기타
130660,한전산업,KOSPI,21200,6927,56.0,전기유틸리티
090460,비에이치,KOSPI,20550,6927,21.9,전자장비와기기
462330,KODEX 2차전지산업레버리지,KOSPI,1597,6926,133.0,기타
053800,안랩,KOSDAQ,62200,6909,2.0,소프트웨어
372320,큐로셀,KOSDAQ,45750,6880,4.8,생물공학
448900,한국피아이엠,KOSDAQ,113000,6785,40.4,자동차부품
000640,동아쏘시오홀딩스,KOSPI,101900,6660,1.2,제약
0120G0,삼양바이오팜,KOSPI,88700,6595,9.1,건강관리장비와용품
498410,KODEX 금융고배당TOP10타겟위클리커버드콜,KOSPI,13470,6559,46.1,기타
039130,하나투어,KOSPI,42100,6536,4.1,"호텔,레스토랑,레저"
456610,TIGER 미국달러SOFR금리액티브(합성),KOSPI,63540,6531,1.6,기타
000400,롯데손해보험,KOSPI,2105,6517,1.5,손해보험
495850,KODEX 코리아밸류업,KOSPI,25875,6515,16.6,기타
520009,미래에셋 레버리지 원유선물혼합 ETN(H),KOSPI,15860,6502,1.3,기타
455030,KODEX 미국달러SOFR금리액티브(합성),KOSPI,12805,6499,4.6,기타
178920,PI첨단소재,KOSPI,21900,6431,23.2,화학
383800,LX홀딩스,KOSPI,8460,6430,3.2,무역회사와판매업체
424870,이뮨온시아,KOSDAQ,8650,6417,3.8,제약
385560,RISE KIS국고채30년Enhanced,KOSPI,65380,6410,2.8,기타
272290,이녹스첨단소재,KOSDAQ,32100,6396,10.3,디스플레이장비및부품
053610,프로텍,KOSDAQ,58100,6391,10.2,반도체와반도체장비
271940,일진하이솔루스,KOSPI,17550,6376,16.0,자동차부품
060280,큐렉소,KOSDAQ,15500,6373,10.1,건강관리장비와용품
002960,한국쉘석유,KOSPI,489500,6363,3.2,화학
006910,보성파워텍,KOSDAQ,12920,6357,574.7,전기장비
336570,원텍,KOSDAQ,7020,6324,2.5,건강관리장비와용품
090360,로보스타,KOSDAQ,64900,6318,8.7,기계
383310,에코프로에이치엔,KOSDAQ,30100,6313,14.6,상업서비스와공급품
460930,현대힘스,KOSDAQ,17700,6303,4.3,조선
046890,서울반도체,KOSDAQ,10800,6296,33.2,디스플레이장비및부품
494300,KODEX 미국나스닥100데일리커버드콜OTM,KOSPI,9855,6294,36.0,기타
0082N0,카나프테라퓨틱스,KOSDAQ,48950,6290,238.5,제약
462900,KoAct 바이오헬스케어액티브,KOSPI,23845,6288,58.0,기타
200710,에이디테크놀로지,KOSDAQ,46650,6276,11.3,반도체와반도체장비
011930,신성이엔지,KOSPI,3055,6257,449.4,반도체와반도체장비
211050,인카금융서비스,KOSDAQ,12660,6246,1.2,손해보험
041960,코미팜,KOSDAQ,8430,6228,3.8,제약
252990,샘씨엔에스,KOSDAQ,10330,6226,9.9,반도체와반도체장비
003000,부광약품,KOSPI,6280,6196,33.1,제약
0117V0,TIGER 코리아AI전력기기TOP3플러스,KOSPI,18470,6195,98.7,기타
001820,삼화콘덴서,KOSPI,59400,6174,47.9,전기제품
0105E0,SOL 코리아고배당,KOSPI,13535,6158,17.2,기타
069660,KIWOOM 200,KOSPI,87255,6150,54.4,기타
447770,TIGER 테슬라채권혼합Fn,KOSPI,14515,6142,7.1,기타
314250,KODEX 미국빅테크10(H),KOSPI,49500,6107,7.7,기타
389650,넥스트바이오메디컬,KOSDAQ,74400,6103,12.6,건강관리장비와용품
438100,ACE 미국나스닥100미국채혼합50액티브,KOSPI,14785,6091,9.8,기타
0048J0,KODEX 미국머니마켓액티브,KOSPI,14900,6078,27.3,기타
008730,율촌화학,KOSPI,24150,6001,2.7,포장재
458250,TIGER 미국30년국채스트립액티브(합성 H),KOSPI,37925,5982,22.3,기타
004690,삼천리,KOSPI,146900,5964,3.4,가스유틸리티
327260,RF머트리얼즈,KOSDAQ,70100,5951,242.0,우주항공과국방
125490,한라캐스트,KOSDAQ,16290,5946,11.9,자동차부품
005389,현대차3우B,KOSPI,255500,5935,5.4,자동차
336370,솔루스첨단소재,KOSPI,8440,5926,2.6,전자장비와기기
016610,DB증권,KOSPI,13970,5925,1.2,증권
009410,태영건설,KOSPI,1983,5916,15.0,건설
484790,KODEX 미국30년국채액티브(H),KOSPI,8825,5904,30.8,기타
020000,한섬,KOSPI,26300,5901,8.2,"섬유,의류,신발,호화품"
0131V0,1Q 미국우주항공테크,KOSPI,12610,5863,44.5,기타
014830,유니드,KOSPI,86100,5833,14.1,화학
476800,KODEX 한국부동산리츠인프라,KOSPI,4860,5811,7.6,기타
016380,KG스틸,KOSPI,5820,5810,6.5,철강
251970,펌텍코리아,KOSDAQ,46550,5797,2.2,포장재
0025N0,TIGER TDF2045,KOSPI,11415,5779,6.7,기타
0148J0,TIGER 코리아휴머노이드로봇산업,KOSPI,12345,5775,70.4,기타
041190,우리기술투자,KOSDAQ,6880,5770,7.0,창업투자
099190,아이센스,KOSDAQ,20250,5751,1.2,건강관리장비와용품
0162Z0,RISE 삼성전자SK하이닉스채권혼합50,KOSPI,10380,5750,157.2,기타
119850,지엔씨에너지,KOSDAQ,34900,5740,9.3,전기장비
278280,천보,KOSDAQ,47450,5711,2.4,전기제품
318060,그래피,KOSDAQ,51200,5686,97.3,건강관리장비와용품
950210,프레스티지바이오파마,KOSPI,9460,5685,1.0,제약
077360,덕산하이메탈,KOSDAQ,12480,5670,23.9,반도체와반도체장비
091180,KODEX 자동차,KOSPI,32060,5608,33.2,기타
364980,TIGER 2차전지TOP10,KOSPI,10115,5598,44.2,기타
025320,시노펙스,KOSDAQ,6040,5566,6.6,핸드셋
005420,코스모화학,KOSPI,14450,5549,2.4,화학
000070,삼양홀딩스,KOSPI,71600,5542,3.3,화학
105840,우진,KOSPI,27400,5534,99.5,기계
488900,비츠로넥스텍,KOSDAQ,19100,5534,13.6,우주항공과국방
095660,네오위즈,KOSDAQ,25200,5507,2.1,게임엔터테인먼트
234340,헥토파이낸셜,KOSDAQ,39350,5504,68.1,IT서비스
079370,제우스,KOSDAQ,17740,5502,22.6,반도체와반도체장비
083450,GST,KOSDAQ,29750,5492,17.9,반도체와반도체장비
005810,풍산홀딩스,KOSPI,37950,5478,1.5,비철금속
045100,한양이엔지,KOSDAQ,30400,5472,10.3,반도체와반도체장비
094170,동운아나텍,KOSDAQ,26200,5467,4.2,반도체와반도체장비
104830,원익머트리얼즈,KOSDAQ,43250,5452,2.1,화학
064260,다날,KOSDAQ,7160,5431,16.8,IT서비스
469150,ACE AI반도체TOP3+,KOSPI,49045,5418,181.0,기타
009155,삼성전기우,KOSPI,186300,5415,18.0,전자장비와기기
483280,KODEX 미국AI테크TOP10타겟커버드콜,KOSPI,11885,5383,15.8,기타
217590,티엠씨,KOSPI,22350,5373,171.4,조선
145720,덴티움,KOSPI,52100,5342,1.5,건강관리장비와용품
018290,브이티,KOSDAQ,15250,5332,9.9,화장품
009900,명신산업,KOSPI,10170,5330,9.9,자동차부품
034310,NICE,KOSPI,14530,5329,2.7,IT서비스
114260,KODEX 국고채3년,KOSPI,61635,5287,1.1,기타
031330,에스에이엠티,KOSDAQ,5280,5269,5.1,전자장비와기기
368770,파이버프로,KOSDAQ,16050,5266,20.5,전자장비와기기
122640,예스티,KOSDAQ,24600,5252,5.2,반도체와반도체장비
0162Y0,TIME 코스닥액티브,KOSPI,11810,5249,97.2,기타
0080G0,KODEX 방산TOP10,KOSPI,13770,5215,143.5,기타
338840,와이바이오로직스,KOSDAQ,34500,5213,18.3,생물공학
453340,현대그린푸드,KOSPI,16000,5200,1.1,식품
047920,HLB제약,KOSDAQ,15790,5179,1.7,제약
206650,유바이오로직스,KOSDAQ,14100,5177,8.7,생물공학
006220,제주은행,KOSPI,13680,5170,4.8,은행
482730,TIGER 미국S&P500타겟데일리커버드콜,KOSPI,11540,5164,11.0,기타
101160,월덱스,KOSDAQ,31050,5134,3.8,반도체와반도체장비
039440,에스티아이,KOSDAQ,33075,5132,9.3,반도체와반도체장비
006340,대원전선,KOSPI,6540,5128,209.1,전기장비
452260,한화갤러리아,KOSPI,2645,5127,14.7,백화점과일반상점
098070,한텍,KOSDAQ,46650,5115,45.4,에너지장비및서비스
491010,TIGER 글로벌AI전력인프라액티브,KOSPI,24525,5113,8.2,기타
090435,아모레퍼시픽우,KOSPI,48300,5099,1.1,화장품
484590,삼양컴텍,KOSDAQ,12370,5097,13.4,우주항공과국방
036620,감성코퍼레이션,KOSDAQ,5660,5095,3.0,"섬유,의류,신발,호화품"
005945,NH투자증권우,KOSPI,26950,5085,9.6,증권
025900,동화기업,KOSDAQ,9990,5050,3.1,건축자재
059090,미코,KOSDAQ,15090,5039,11.8,반도체와반도체장비
494120,큐리오시스,KOSDAQ,66100,5034,11.6,생명과학도구및서비스
0052D0,TIGER 코리아배당다우존스,KOSPI,16435,5032,9.8,기타
192650,드림텍,KOSPI,7290,5028,4.0,핸드셋
030520,한글과컴퓨터,KOSDAQ,20700,5005,3.1,소프트웨어
138490,코오롱ENP,KOSPI,13150,4997,1.1,화학
091170,KODEX 은행,KOSPI,15740,4997,37.9,기타
093320,케이아이엔엑스,KOSDAQ,102300,4992,1.9,IT서비스
168360,펨트론,KOSDAQ,23450,4981,14.6,전자장비와기기
270810,RISE 코스닥150,KOSPI,19750,4977,28.5,기타
471230,KODEX 국고채10년액티브,KOSPI,107565,4965,3.9,기타
148070,KIWOOM 국고채10년,KOSPI,108035,4953,4.9,기타
001200,유진투자증권,KOSPI,5110,4949,8.3,증권
900290,GRT,KOSDAQ,6100,4939,6.5,화학
006110,삼아알미늄,KOSPI,32550,4922,20.2,비철금속
478340,나라스페이스테크놀로지,KOSDAQ,42600,4913,13.9,우주항공과국방
089010,켐트로닉스,KOSDAQ,30050,4909,7.1,전자장비와기기
215200,메가스터디교육,KOSDAQ,47200,4897,3.9,교육서비스
434060,KODEX TDF2050액티브,KOSPI,16325,4879,4.6,기타
376270,HEM파마,KOSDAQ,68000,4876,2.6,건강관리업체및서비스
469070,RISE AI&로봇,KOSPI,15245,4832,19.4,기타
215600,신라젠,KOSDAQ,3505,4827,6.7,제약
315960,RISE 대형고배당10TR,KOSPI,60295,4821,17.6,기타
194480,데브시스터즈,KOSDAQ,39750,4815,7.7,게임엔터테인먼트
228760,지노믹트리,KOSDAQ,19550,4814,1.4,건강관리장비와용품
474220,TIGER 미국테크TOP10타겟커버드콜,KOSPI,14875,4812,13.1,기타
067630,HLB생명과학,KOSDAQ,3935,4797,1.2,건강관리장비와용품
251350,KODEX MSCI선진국,KOSPI,36790,4796,2.1,기타
107640,한중엔시에스,KOSDAQ,52800,4795,14.8,전기장비
220100,퓨쳐켐,KOSDAQ,21250,4765,3.6,제약
393890,더블유씨피,KOSDAQ,13930,4724,106.4,전기제품
329750,TIGER 미국달러단기채권액티브,KOSPI,13870,4707,14.9,기타
471990,KODEX AI반도체핵심장비,KOSPI,26845,4695,209.0,기타
460860,동국제강,KOSPI,9460,4692,3.0,철강
441270,파인엠텍,KOSDAQ,11140,4664,43.5,핸드셋
091700,파트론,KOSDAQ,8480,4658,5.2,핸드셋
019210,와이지-원,KOSDAQ,12500,4641,29.8,기계
008060,대덕,KOSPI,13650,4626,1.6,전자장비와기기
394800,쓰리빌리언,KOSDAQ,14520,4611,5.0,건강관리기술
180400,DXVX,KOSDAQ,4680,4606,2.7,건강관리업체및서비스
449190,KODEX 미국나스닥100(H),KOSPI,18540,4550,14.1,기타
009290,광동제약,KOSPI,9130,4546,7.5,제약
183190,아세아시멘트,KOSPI,12280,4542,1.8,건축자재
489250,KODEX 미국배당다우존스,KOSPI,12430,4536,4.2,기타
490590,RISE 미국AI밸류체인데일리고정커버드콜,KOSPI,12995,4528,17.3,기타
463050,TIME K바이오액티브,KOSPI,20195,4527,16.3,기타
078020,LS증권,KOSDAQ,8130,4516,4.8,증권
0001A0,덕양에너젠,KOSDAQ,18240,4511,11.0,석유와가스
072710,농심홀딩스,KOSPI,97100,4507,1.2,식품
309710,아이티켐,KOSDAQ,35000,4480,3.7,제약
132030,KODEX 골드선물(H),KOSPI,26495,4424,25.9,기타
117730,티로보틱스,KOSDAQ,19790,4381,6.4,기계
031430,신세계인터내셔날,KOSPI,12360,4368,2.0,"섬유,의류,신발,호화품"
089890,코세스,KOSDAQ,26300,4361,12.6,반도체와반도체장비
448290,TIGER 미국S&P500(H),KOSPI,15495,4361,7.1,기타
499660,TIGER CD금리플러스액티브(합성),KOSPI,1001960,4335,10.4,기타
114810,한솔아이원스,KOSDAQ,15160,4334,18.2,반도체와반도체장비
034830,한국토지신탁,KOSPI,1703,4299,10.9,부동산
199800,툴젠,KOSDAQ,47700,4290,1.1,생물공학
013030,하이록코리아,KOSDAQ,36450,4283,4.1,기계
496080,TIGER 코리아밸류업,KOSPI,25935,4276,26.6,기타
033160,엠케이전자,KOSDAQ,18650,4273,273.3,반도체와반도체장비
389260,대명에너지,KOSDAQ,23600,4255,146.9,에너지장비및서비스
065660,안트로젠,KOSDAQ,42500,4252,6.0,제약
046120,오르비텍,KOSDAQ,12910,4240,683.4,에너지장비및서비스
344820,KCC글라스,KOSPI,26500,4240,1.9,건축자재
029460,케이씨,KOSPI,32900,4234,2.6,반도체와반도체장비
290550,디케이티,KOSDAQ,20950,4230,97.5,핸드셋
361580,RISE 200TR,KOSPI,49400,4220,4.1,기타
394280,오픈엣지테크놀로지,KOSDAQ,16070,4217,13.1,반도체와반도체장비
060980,HL홀딩스,KOSPI,46500,4212,3.9,자동차부품
126720,수산인더스트리,KOSPI,29500,4207,10.2,에너지장비및서비스
295040,SOL 200TR,KOSPI,32620,4204,4.5,기타
455900,엔젤로보틱스,KOSDAQ,27500,4192,3.0,건강관리장비와용품
277630,TIGER 코스피,KOSPI,60660,4183,6.6,기타
010690,화신,KOSPI,11970,4176,6.9,자동차부품
018000,유니슨,KOSDAQ,1710,4160,249.6,에너지장비및서비스
475400,씨메스,KOSDAQ,35400,4149,7.6,기계
080580,오킨스전자,KOSDAQ,20150,4147,41.7,반도체와반도체장비
478150,TIME 글로벌우주테크&방산액티브,KOSPI,22635,4141,8.0,기타
025860,남해화학,KOSPI,8300,4123,55.7,화학
026890,스틱인베스트먼트,KOSPI,9890,4121,2.0,창업투자
089590,제주항공,KOSPI,5100,4112,3.3,항공사
097520,엠씨넥스,KOSPI,23650,4106,1.5,핸드셋
157500,TIGER 증권,KOSPI,18980,4104,194.2,기타
110990,디아이티,KOSDAQ,21650,4101,4.6,디스플레이장비및부품
304360,에스바이오메딕스,KOSDAQ,33100,4099,3.3,생물공학
179900,유티아이,KOSDAQ,20700,4096,2.0,핸드셋
306200,세아제강,KOSPI,144500,4095,10.1,철강
078350,한양디지텍,KOSDAQ,26850,4085,12.9,반도체와반도체장비
053030,바이넥스,KOSDAQ,12470,4075,3.1,제약
033640,네패스,KOSDAQ,17670,4072,5.5,반도체와반도체장비
092870,엑시콘,KOSDAQ,31150,4058,23.4,반도체와반도체장비
490490,SOL 미국배당미국채혼합50,KOSPI,11435,4057,7.6,기타
241180,TIGER 일본니케이225,KOSPI,30180,4056,1.5,기타
298830,슈어소프트테크,KOSDAQ,7570,4046,17.6,소프트웨어
139230,TIGER 200 중공업,KOSPI,16205,4035,10.8,기타
089980,상아프론테크,KOSDAQ,25150,4029,14.8,전자장비와기기
365780,ACE 국고채10년,KOSPI,85265,4025,1.1,기타
484880,SOL 금융지주플러스고배당,KOSPI,22110,4001,39.2,기타
0122W0,RISE 26-11 회사채(AA-이상)액티브,KOSPI,50395,3998,1.3,기타
000157,두산2우B,KOSPI,444000,3987,2.1,복합기업
086390,유니테스트,KOSDAQ,18830,3973,12.4,반도체와반도체장비
200670,휴메딕스,KOSDAQ,35300,3958,2.0,제약
0023A0,SOL 미국양자컴퓨팅TOP10,KOSPI,22595,3954,6.2,기타
0015G0,그린광학,KOSDAQ,33600,3932,30.3,우주항공과국방
078340,컴투스,KOSDAQ,32450,3923,2.6,게임엔터테인먼트
423920,TIGER 미국필라델피아반도체레버리지(합성),KOSPI,50785,3920,7.6,기타
307520,TIGER 지주회사,KOSPI,21135,3919,50.9,기타
461490,RISE 글로벌자산배분액티브,KOSPI,14810,3908,11.3,기타
302450,RISE 코스피,KOSPI,60535,3892,1.9,기타
365270,큐라클,KOSDAQ,17730,3887,7.5,제약
138080,오이솔루션,KOSDAQ,32200,3867,51.0,통신장비
417310,코람코더원리츠,KOSPI,9580,3866,6.7,부동산
035810,이지홀딩스,KOSDAQ,5980,3864,4.9,식품
037270,YG PLUS,KOSPI,6070,3864,6.0,방송과엔터테인먼트
279530,KODEX 고배당주,KOSPI,18010,3853,13.5,기타
340570,티앤엘,KOSDAQ,47100,3828,1.8,건강관리장비와용품
0053L0,TIGER 차이나휴머노이드로봇,KOSPI,12365,3826,7.2,기타
453810,KODEX 인도Nifty50,KOSPI,12555,3816,7.7,기타
058970,엠로,KOSDAQ,30800,3800,2.0,소프트웨어
037460,삼지전자,KOSDAQ,23100,3777,3.8,통신장비
473330,SOL 미국30년국채커버드콜(합성),KOSPI,9390,3774,3.0,기타
314930,바이오다인,KOSDAQ,12760,3765,1.8,건강관리장비와용품
226590,엠디바이스,KOSDAQ,35100,3747,77.4,반도체와반도체장비
091810,티웨이항공,KOSPI,1109,3729,1.5,항공사
241520,DSC인베스트먼트,KOSDAQ,13770,3717,37.2,창업투자
001390,KG케미칼,KOSPI,5530,3711,24.4,자동차
051500,CJ프레시웨이,KOSDAQ,31250,3709,1.2,식품과기본식료품소매
442580,PLUS 글로벌HBM반도체,KOSPI,65380,3705,48.9,기타
036890,진성티이씨,KOSDAQ,16760,3703,7.2,기계
200880,서연이화,KOSPI,13690,3702,1.3,자동차부품
441680,TIGER 미국나스닥100커버드콜(합성),KOSPI,11195,3699,3.3,기타
439870,KODEX 국고채30년액티브,KOSPI,104155,3689,1.9,기타
015860,일진홀딩스,KOSPI,7450,3681,2.0,전기장비
442320,RISE 글로벌원자력,KOSPI,45730,3678,5.4,기타
453870,TIGER 인도니프티50,KOSPI,12405,3659,3.0,기타
0016X0,SOL 중단기회사채(A-이상)액티브,KOSPI,50900,3649,5.9,기타
170920,엘티씨,KOSDAQ,34450,3639,31.8,반도체와반도체장비
002310,아세아제지,KOSPI,8960,3627,1.0,포장재
099440,스맥,KOSDAQ,5330,3623,20.0,기계
123890,한국자산신탁,KOSPI,2955,3610,6.0,부동산
079940,가비아,KOSDAQ,26800,3596,1.7,IT서비스
049630,재영솔루텍,KOSDAQ,3075,3594,22.2,핸드셋
0060H0,TIGER 토탈월드스탁액티브,KOSPI,11960,3588,2.2,기타
456880,ACE 미국달러SOFR금리(합성),KOSPI,12885,3575,2.2,기타
094360,칩스앤미디어,KOSDAQ,16750,3564,1.6,반도체와반도체장비
006405,삼성SDI우,KOSPI,220000,3559,3.8,전기제품
236200,슈프리마,KOSDAQ,50800,3549,1.5,전자장비와기기
012030,DB,KOSPI,1765,3548,2.0,IT서비스
092200,디아이씨,KOSPI,9110,3538,6.1,자동차부품
093520,매커스,KOSDAQ,24950,3533,2.4,반도체와반도체장비
0046A0,TIGER 미국초단기(3개월이하)국채,KOSPI,10320,3532,19.7,기타
308430,셀비온,KOSDAQ,27450,3528,25.5,제약
041920,메디아나,KOSDAQ,18890,3528,6.0,건강관리장비와용품
012210,삼미금속,KOSDAQ,15650,3499,18.1,기계
474650,링크솔루션,KOSDAQ,61300,3497,11.2,기계
084690,대상홀딩스,KOSPI,9650,3494,1.9,식품
286940,롯데이노베이트,KOSPI,23050,3487,2.2,IT서비스
011760,현대코퍼레이션,KOSPI,26350,3485,2.3,무역회사와판매업체
462350,이노스페이스,KOSDAQ,16870,3483,13.0,우주항공과국방
060720,KH바텍,KOSDAQ,14730,3482,7.2,핸드셋
010820,퍼스텍,KOSPI,7140,3482,41.1,우주항공과국방
114190,강원에너지,KOSDAQ,13320,3471,3.6,전자장비와기기
241770,메카로,KOSDAQ,34400,3470,8.2,반도체와반도체장비
094480,갤럭시아머니트리,KOSDAQ,8830,3463,4.3,IT서비스
265520,AP시스템,KOSDAQ,23000,3461,4.9,디스플레이장비및부품
230240,에치에프알,KOSDAQ,25850,3447,32.3,통신장비
017860,DS단석,KOSPI,19550,3444,9.4,화학
017390,서울가스,KOSPI,69000,3440,7.4,가스유틸리티
043150,바텍,KOSDAQ,23100,3438,1.6,건강관리장비와용품
078520,에이블씨엔씨,KOSPI,13090,3410,3.2,화장품
0040Y0,SOL 팔란티어커버드콜OTM채권혼합,KOSPI,9280,3408,6.8,기타
128820,대성산업,KOSPI,7530,3406,14.1,석유와가스
000650,천일고속,KOSPI,238000,3401,1.9,도로와철도운송
136480,하림,KOSDAQ,3190,3393,8.4,식품
475080,KODEX 테슬라커버드콜채권혼합액티브,KOSPI,8635,3389,17.3,기타
138610,나이벡,KOSDAQ,29600,3364,2.1,건강관리장비와용품
389020,자람테크놀로지,KOSDAQ,53100,3359,11.8,통신장비
472870,RISE 미국30년국채엔화노출(합성 H),KOSPI,8080,3345,19.7,기타
023410,유진기업,KOSDAQ,4325,3343,2.4,건축자재
033790,피노,KOSDAQ,4915,3340,1.5,전기제품
001750,한양증권,KOSPI,26200,3328,1.6,증권
001230,동국홀딩스,KOSPI,10460,3326,5.7,철강
272450,진에어,KOSPI,6360,3325,1.1,항공사
200470,에이팩트,KOSDAQ,7840,3325,18.8,반도체와반도체장비
204620,글로벌텍스프리,KOSDAQ,4660,3275,20.6,기타금융
317330,덕산테코피아,KOSDAQ,15900,3255,2.4,반도체와반도체장비
389500,에스비비테크,KOSDAQ,48900,3247,8.2,기계
433500,ACE 원자력TOP10,KOSPI,73715,3246,72.6,기타
011500,한농화성,KOSPI,20700,3244,12.6,화학
003520,영진약품,KOSPI,1774,3242,1.0,제약
228790,TIGER 화장품,KOSPI,3565,3224,35.7,기타
014940,오리엔탈정공,KOSDAQ,7070,3222,2.0,조선
000320,노루홀딩스,KOSPI,24450,3216,1.4,건축자재
034120,SBS,KOSPI,17340,3216,1.6,방송과엔터테인먼트
096760,JW홀딩스,KOSPI,4345,3212,1.2,제약
0144L0,KODEX 미국성장커버드콜액티브,KOSPI,9350,3207,16.9,기타
472170,TIGER 미국테크TOP10채권혼합,KOSPI,13460,3203,2.3,기타
092790,넥스틸,KOSPI,12280,3193,12.8,철강
117580,대성에너지,KOSPI,11550,3179,323.1,가스유틸리티
006805,미래에셋증권우,KOSPI,22600,3167,6.3,증권
036200,유니셈,KOSDAQ,10260,3155,8.1,반도체와반도체장비
221800,유투바이오,KOSDAQ,19990,3153,26.4,건강관리업체및서비스
151860,KG에코솔루션,KOSDAQ,6670,3146,9.9,자동차
416180,신성에스티,KOSDAQ,34550,3127,4.6,전기제품
491620,RISE 미국테크100데일리고정커버드콜,KOSPI,10425,3122,12.1,기타
216080,제테마,KOSDAQ,8380,3121,4.2,건강관리장비와용품
950250,테라뷰,KOSDAQ,8730,3118,47.6,반도체와반도체장비
421320,PLUS 우주항공&UAM,KOSPI,45210,3116,34.9,기타
243070,휴온스,KOSDAQ,26000,3114,1.4,제약
051370,인터플렉스,KOSDAQ,13350,3111,2.8,전자장비와기기
005680,삼영전자,KOSPI,15540,3110,7.9,전기제품
073490,이노와이어리스,KOSDAQ,40900,3109,21.1,통신장비
472160,TIGER 미국테크TOP10 INDXX(H),KOSPI,16460,3102,8.1,기타
101360,에코앤드림,KOSDAQ,17430,3100,1.5,화학
099430,바이오플러스,KOSDAQ,5030,3100,2.6,건강관리장비와용품
0098F0,KODEX 원자력SMR,KOSPI,21845,3097,246.4,기타
035510,신세계 I&C,KOSPI,22300,3096,70.9,IT서비스
255220,SG,KOSDAQ,2840,3092,25.7,건축자재
086820,바이오솔루션,KOSDAQ,12730,3092,7.0,생물공학
378340,필에너지,KOSDAQ,14380,3086,3.2,전기제품
215000,골프존,KOSDAQ,49000,3081,1.2,"호텔,레스토랑,레저"
322310,오로스테크놀로지,KOSDAQ,32400,3081,20.5,반도체와반도체장비
0007C0,아크릴,KOSDAQ,38200,3079,26.1,IT서비스
500029,신한 레버리지 은 선물 ETN(H),KOSPI,30780,3078,6.7,기타
000540,흥국화재,KOSPI,4770,3061,1.9,손해보험
0038A0,KODEX 미국휴머노이드로봇,KOSPI,15670,3054,4.4,기타
476760,ACE 미국30년국채액티브,KOSPI,10245,3053,7.5,기타
049070,인탑스,KOSDAQ,17700,3046,1.5,핸드셋
005010,휴스틸,KOSPI,5400,3034,62.0,철강
245710,ACE 베트남VN30(합성),KOSPI,29430,3031,2.2,기타
024060,흥구석유,KOSDAQ,20150,3030,204.8,석유와가스
371950,풍원정밀,KOSDAQ,13310,3025,4.0,디스플레이장비및부품
445090,에이직랜드,KOSDAQ,27700,3020,2.0,반도체와반도체장비
290130,RISE ESG사회책임투자,KOSPI,35105,3019,10.9,기타
002320,한진,KOSPI,19430,3016,1.2,항공화물운송과물류
464080,에스오에스랩,KOSDAQ,16950,3016,20.0,전자장비와기기
348950,제이알글로벌리츠,KOSPI,1521,3002,1.5,부동산
304100,솔트룩스,KOSDAQ,23650,2991,2.5,IT서비스
900140,엘브이엠씨홀딩스,KOSPI,1544,2987,2.4,자동차
036170,에이치엠넥스,KOSDAQ,4860,2985,18.9,디스플레이장비및부품
520054,미래에셋 레버리지 코스피200 선물 ETN,KOSPI,149130,2982,3.3,기타
435420,TIGER 미국나스닥100채권혼합Fn,KOSPI,13460,2981,4.0,기타
004310,현대약품,KOSPI,9290,2979,28.7,제약
001340,PKC,KOSPI,6640,2978,2.9,화학
045390,대아티아이,KOSDAQ,4215,2977,6.5,IT서비스
042370,비츠로테크,KOSDAQ,11330,2976,16.6,전기제품
272110,케이엔제이,KOSDAQ,37000,2965,6.3,반도체와반도체장비
354320,알멕,KOSDAQ,46350,2962,21.8,자동차부품
244580,KODEX 바이오,KOSPI,13230,2961,43.0,기타
481190,SOL 미국테크TOP10,KOSPI,15630,2930,11.6,기타
448300,TIGER 미국나스닥100(H),KOSPI,19150,2929,6.0,기타
314130,지놈앤컴퍼니,KOSDAQ,8400,2927,7.8,제약
452430,사피엔반도체,KOSDAQ,35550,2921,3.2,반도체와반도체장비
000490,대동,KOSPI,10100,2908,5.1,기계
003070,코오롱글로벌,KOSPI,11420,2900,15.0,건설
003200,일신방직,KOSPI,12630,2899,1.4,"섬유,의류,신발,호화품"
108860,셀바스AI,KOSDAQ,10760,2896,9.0,건강관리장비와용품
035600,KG이니시스,KOSDAQ,10510,2895,1.3,IT서비스
233160,TIGER 코스닥150 레버리지,KOSPI,18920,2890,62.2,기타
004360,세방,KOSPI,15030,2886,3.2,항공화물운송과물류
385720,TIME 코스피액티브,KOSPI,21320,2854,7.3,기타
458260,TIGER 미국투자등급회사채액티브(H),KOSPI,48010,2840,1.2,기타
274090,켄코아에어로스페이스,KOSDAQ,20700,2837,10.7,우주항공과국방
002900,TYM,KOSPI,6870,2835,1.9,기계
092730,네오팜,KOSDAQ,17660,2832,1.1,화장품
000390,삼화페인트,KOSPI,10400,2829,120.7,건축자재
095500,미래나노텍,KOSDAQ,9110,2828,1.4,디스플레이장비및부품
0011A0,액스비스,KOSDAQ,30300,2828,35.2,전자장비와기기
053690,한미글로벌,KOSPI,25800,2827,224.4,건설
459510,나우로보틱스,KOSDAQ,21800,2827,3.7,기계
094820,일진파워,KOSDAQ,18670,2819,55.8,건설
02826K,삼성물산우B,KOSPI,192100,2817,3.2,복합기업
457550,우진엔텍,KOSDAQ,30150,2809,52.7,에너지장비및서비스
012860,모베이스전자,KOSDAQ,3820,2793,13.0,자동차부품
451060,1Q 200액티브,KOSPI,28185,2789,4.5,기타
418660,TIGER 미국나스닥100레버리지(합성),KOSPI,33020,2789,11.3,기타
283580,KODEX 차이나CSI300,KOSPI,15920,2770,1.9,기타
452280,한선엔지니어링,KOSDAQ,15640,2769,14.6,기계
380550,뉴로핏,KOSDAQ,22850,2769,17.4,건강관리기술
126700,하이비젼시스템,KOSDAQ,18500,2764,3.1,핸드셋
013120,동원개발,KOSDAQ,3075,2760,1.6,건설
206640,바디텍메드,KOSDAQ,11790,2752,1.7,생명과학도구및서비스
364970,TIGER 바이오TOP10,KOSPI,8300,2751,12.1,기타
214180,헥토이노베이션,KOSDAQ,21150,2748,5.3,IT서비스
451760,컨텍,KOSDAQ,17430,2748,11.4,우주항공과국방
485540,KODEX 미국AI테크TOP10,KOSPI,14005,2744,3.8,기타
382900,범한퓨얼셀,KOSDAQ,31400,2742,6.9,전기제품
361390,제노코,KOSDAQ,29150,2741,10.2,우주항공과국방
061970,LB세미콘,KOSDAQ,4710,2735,2.2,반도체와반도체장비
067080,대화제약,KOSDAQ,14660,2729,1.2,제약
112290,와이씨켐,KOSDAQ,26850,2719,6.6,반도체와반도체장비
385510,KODEX 신재생에너지액티브,KOSPI,45575,2714,169.1,기타
254490,미래반도체,KOSDAQ,18730,2702,4.8,반도체와반도체장비
007160,사조산업,KOSPI,53900,2695,2.0,식품
0000J0,PLUS 한화그룹주,KOSPI,40195,2693,22.8,기타
085910,네오티스,KOSDAQ,19205,2685,4.3,자동차부품
244920,에이플러스에셋,KOSPI,11870,2683,1.4,손해보험
256840,한국비엔씨,KOSDAQ,3905,2674,2.7,건강관리장비와용품
013580,계룡건설,KOSPI,29950,2670,41.5,건설
108670,LX하우시스,KOSPI,29750,2667,1.9,건축자재
474170,루미르,KOSDAQ,14940,2661,7.9,우주항공과국방
473460,KODEX 미국서학개미,KOSPI,22060,2647,3.5,기타
115450,HLB테라퓨틱스,KOSDAQ,3125,2636,3.4,제약
199430,케이엔알시스템,KOSDAQ,23650,2635,2.8,기계
056090,시지메드텍,KOSDAQ,2550,2633,11.3,건강관리장비와용품
136490,선진,KOSPI,11050,2624,2.9,식품
000050,경방,KOSPI,9570,2623,1.9,"섬유,의류,신발,호화품"
092220,KEC,KOSPI,1310,2623,17.5,반도체와반도체장비
0051G0,SOL 미국원자력SMR,KOSPI,16145,2623,9.2,기타
462860,더즌,KOSDAQ,3655,2622,1.8,IT서비스
005710,대원산업,KOSDAQ,13090,2622,1.3,자동차부품
033920,무학,KOSPI,9180,2616,1.1,음료
199820,제일일렉트릭,KOSDAQ,11790,2610,49.9,전기장비
190510,나무가,KOSDAQ,18510,2607,2.0,핸드셋
078070,유비쿼스홀딩스,KOSDAQ,14800,2605,20.0,통신장비
041020,폴라리스오피스,KOSDAQ,5250,2600,46.8,자동차부품
418550,제이오,KOSDAQ,8120,2599,2.6,건설
160980,싸이맥스,KOSDAQ,23700,2589,27.1,반도체와반도체장비
0153K0,KODEX 주주환원고배당주,KOSPI,11750,2583,15.3,기타
0093A0,RISE AI반도체TOP10,KOSPI,32855,2582,32.7,기타
058820,CMG제약,KOSDAQ,1750,2581,23.8,제약
084990,헬릭스미스,KOSDAQ,5600,2581,1.4,생물공학
009470,삼화전기,KOSPI,38900,2579,9.9,전기제품
448630,RISE 삼성그룹Top3채권혼합,KOSPI,13695,2574,25.7,기타
486450,SOL 미국AI전력인프라,KOSPI,21525,2572,1.2,기타
493810,TIGER 미국AI빅테크10타겟데일리커버드콜,KOSPI,11150,2568,7.4,기타
213610,KODEX 삼성그룹밸류,KOSPI,17590,2566,1.2,기타
053300,한국정보인증,KOSDAQ,6040,2563,1.9,IT서비스
001790,대한제당,KOSPI,2860,2560,8.1,식품
432320,KB스타리츠,KOSPI,2525,2560,1.5,부동산
004560,현대비앤지스틸,KOSPI,16970,2558,3.9,비철금속
433330,SOL 미국S&P500,KOSPI,20450,2556,2.5,기타
054210,이랜텍,KOSDAQ,10100,2554,2.3,핸드셋
088800,에이스테크,KOSDAQ,3385,2548,5.3,통신장비
329650,KODEX TRF3070,KOSPI,14295,2544,1.6,기타
310960,TIGER 200TR,KOSPI,50865,2542,2.3,기타
357580,아모센스,KOSDAQ,21900,2540,9.6,핸드셋
0064K0,KODEX 금액티브,KOSPI,14530,2540,26.5,기타
030210,다올투자증권,KOSPI,4175,2536,4.0,증권
0089D0,KODEX 금융고배당TOP10,KOSPI,13470,2531,25.9,기타
950140,잉글우드랩,KOSDAQ,12730,2529,1.3,화장품
123320,TIGER 레버리지,KOSPI,90470,2527,51.6,기타
321550,티움바이오,KOSDAQ,8680,2524,12.2,제약
461300,아이스크림미디어,KOSDAQ,19010,2524,3.7,교육서비스
0052S0,1Q 미국S&P500미국채혼합50액티브,KOSPI,11555,2520,3.0,기타
484810,티엑스알로보틱스,KOSDAQ,16300,2512,2.0,기계
210980,SK디앤디,KOSPI,13460,2505,1.9,부동산
051360,토비스,KOSDAQ,16750,2498,4.3,디스플레이장비및부품
289930,웨이비스,KOSDAQ,19130,2491,22.7,우주항공과국방
044450,KSS해운,KOSPI,10770,2486,5.4,해운사
307750,국전약품,KOSDAQ,4870,2480,23.7,제약
242040,나무기술,KOSDAQ,7160,2477,50.9,IT서비스
203400,에이비온,KOSDAQ,2735,2464,3.4,제약
402490,그린리소스,KOSDAQ,14820,2458,52.4,반도체와반도체장비
357880,SKAI,KOSDAQ,4895,2445,38.0,IT서비스
028100,동아지질,KOSPI,18350,2442,3.8,건설
475230,엔알비,KOSDAQ,22750,2441,2.8,건설
211270,AP위성,KOSDAQ,16170,2441,9.2,통신장비
217730,강스템바이오텍,KOSDAQ,2595,2440,4.1,생물공학
388050,지투파워,KOSDAQ,13050,2437,323.6,전기장비
332570,PS일렉트로닉스,KOSDAQ,5190,2434,6.2,핸드셋
0047A0,TIGER 차이나테크TOP10,KOSPI,11835,2432,1.6,기타
079960,동양이엔피,KOSDAQ,30800,2428,1.7,전기제품
003720,삼영,KOSPI,7150,2427,8.4,화학
0026S0,1Q 미국S&P500,KOSPI,11955,2414,5.3,기타
083310,엘오티베큠,KOSDAQ,13530,2409,2.3,반도체와반도체장비
354500,ACE 코스닥150,KOSPI,20060,2406,33.4,기타
305080,TIGER 미국채10년선물,KOSPI,13505,2404,2.6,기타
261260,KODEX 미국달러선물인버스2X,KOSPI,4660,2399,19.4,기타
243840,신흥에스이씨,KOSDAQ,6200,2390,2.3,전기제품
489030,PLUS 고배당주위클리커버드콜,KOSPI,9060,2382,19.2,기타
004980,성신양회,KOSPI,9730,2378,1.1,건축자재
495230,KoAct 코리아밸류업액티브,KOSPI,26295,2378,11.3,기타
100120,뷰웍스,KOSDAQ,26450,2372,2.0,건강관리장비와용품
425040,티이엠씨,KOSDAQ,11110,2367,91.1,반도체와반도체장비
285490,노바텍,KOSDAQ,22400,2366,1.0,핸드셋
270660,에브리봇,KOSDAQ,18540,2352,1.1,가정용기기와용품
011690,와이투솔루션,KOSPI,6420,2347,7.0,전자장비와기기
330860,네패스아크,KOSDAQ,19180,2336,2.7,반도체와반도체장비
095570,AJ네트웍스,KOSPI,5140,2335,3.0,도로와철도운송
466930,SOL 자동차TOP3플러스,KOSPI,22000,2332,37.7,기타
098120,마이크로컨텍솔,KOSDAQ,28050,2331,4.5,반도체와반도체장비
448540,ACE 엔비디아채권혼합,KOSPI,25105,2331,1.9,기타
489500,엘케이켐,KOSDAQ,37100,2329,25.8,반도체와반도체장비
266160,RISE 고배당,KOSPI,30005,2325,7.5,기타
461950,KODEX 2차전지핵심소재10,KOSPI,6240,2325,11.5,기타
007860,서연,KOSPI,9840,2310,1.9,자동차부품
010955,S-Oil우,KOSPI,57400,2308,2.1,석유와가스
297090,씨에스베어링,KOSDAQ,8460,2304,87.5,기계
091580,상신이디피,KOSDAQ,17260,2300,6.6,전기제품
353810,이지바이오,KOSDAQ,6930,2292,1.3,식품
140670,알에스오토메이션,KOSDAQ,17800,2291,19.1,기계
0048K0,KODEX 차이나휴머노이드로봇,KOSPI,10105,2288,4.0,기타
092070,디엔에프,KOSDAQ,19670,2286,1.8,반도체와반도체장비
033530,SJG세종,KOSPI,8210,2281,4.1,자동차부품
422420,RISE 2차전지액티브,KOSPI,8385,2279,7.7,기타
051905,LG생활건강우,KOSPI,108500,2278,4.3,화장품
0101N0,RISE AI전력인프라,KOSPI,17720,2277,39.2,기타
039860,나노엔텍,KOSDAQ,5970,2274,2.9,생명과학도구및서비스
064850,에프앤가이드,KOSDAQ,19950,2270,6.4,IT서비스
004090,한국석유,KOSPI,17850,2265,83.7,화학
016880,웅진,KOSPI,2835,2265,20.0,출판
036190,금화피에스시,KOSDAQ,37600,2254,7.7,건설
005960,동부건설,KOSPI,9820,2253,22.5,건설
290740,액트로,KOSDAQ,22300,2244,11.0,핸드셋
498270,KIWOOM 미국양자컴퓨팅,KOSPI,12285,2242,4.5,기타
251370,와이엠티,KOSDAQ,12710,2240,1.2,화학
002150,도화엔지니어링,KOSPI,6580,2218,3.2,건설
064290,인텍플러스,KOSDAQ,17150,2212,33.3,반도체와반도체장비
417010,나노팀,KOSDAQ,10880,2196,6.9,전자장비와기기
405100,큐알티,KOSDAQ,17870,2196,4.7,반도체와반도체장비
118990,모트렉스,KOSDAQ,8830,2192,2.9,자동차부품
160580,TIGER 구리실물,KOSPI,14880,2191,7.6,기타
095700,제넥신,KOSDAQ,4810,2190,3.5,생물공학
272560,RISE 단기국공채액티브,KOSPI,113685,2187,3.3,기타
001250,GS글로벌,KOSPI,2640,2174,19.2,무역회사와판매업체
000520,삼일제약,KOSPI,10010,2171,2.0,제약
080160,모두투어,KOSDAQ,11420,2158,1.6,"호텔,레스토랑,레저"
119610,인터로조,KOSDAQ,18890,2157,2.0,건강관리장비와용품
0040X0,SOL 팔란티어미국채커버드콜혼합,KOSPI,10745,2154,6.4,기타
426020,TIME 미국S&P500액티브,KOSPI,29130,2138,5.8,기타
388420,RISE 비메모리반도체액티브,KOSPI,23000,2110,8.8,기타
367760,RISE 네트워크인프라,KOSPI,35710,2108,38.7,기타
282720,금양그린파워,KOSDAQ,17310,2103,117.1,에너지장비및서비스
396520,TIGER 차이나반도체FACTSET,KOSPI,10620,2100,1.1,기타
082800,비보존 제약,KOSDAQ,3450,2094,2.5,제약
005950,이수화학,KOSPI,7920,2085,1.6,화학
102120,어보브반도체,KOSDAQ,11700,2080,6.9,반도체와반도체장비
001045,CJ우,KOSPI,92100,2079,2.1,복합기업
471040,KoAct 글로벌AI&로봇액티브,KOSPI,25735,2072,71.5,기타
251340,KODEX 코스닥150선물인버스,KOSPI,2040,2072,175.2,기타
497880,SOL CD금리&머니마켓액티브,KOSPI,50110,2057,6.7,기타
200250,KIWOOM 인도Nifty50(합성),KOSPI,22865,2057,2.6,기타
078150,HB테크놀러지,KOSDAQ,2205,2053,7.6,디스플레이장비및부품
146320,비씨엔씨,KOSDAQ,16040,2052,7.8,반도체와반도체장비
232680,라온로보틱스,KOSDAQ,15670,2049,7.6,반도체와반도체장비
143860,TIGER 헬스케어,KOSPI,50465,2048,6.6,기타
300080,플리토,KOSDAQ,12400,2046,1.0,양방향미디어와서비스
471760,TIGER AI반도체핵심공정,KOSPI,20450,2046,140.9,기타
003350,한국화장품제조,KOSPI,44850,2032,1.8,화장품
483320,ACE 엔비디아밸류체인액티브,KOSPI,18070,2032,4.4,기타
011560,세보엠이씨,KOSDAQ,19580,2031,6.5,건설
264450,유비쿼스,KOSDAQ,13850,2031,2.2,통신장비
001780,알루코,KOSPI,2095,2028,3.4,비철금속
102260,동성케미컬,KOSPI,4030,2022,1.0,화학
380540,옵티코어,KOSDAQ,4165,2020,39.3,통신장비
473980,노머스,KOSDAQ,18260,2019,1.6,방송과엔터테인먼트
453450,그리드위즈,KOSDAQ,25200,2017,157.7,전기유틸리티
213500,한솔제지,KOSPI,8450,2013,1.8,종이와목재
081000,일진다이아,KOSPI,14180,2013,8.1,비철금속
156100,엘앤케이바이오,KOSDAQ,9000,2011,3.8,건강관리장비와용품
123410,코리아에프티,KOSDAQ,7200,2004,4.7,자동차부품
322510,제이엘케이,KOSDAQ,7780,2001,6.1,건강관리기술
002230,피에스텍,KOSDAQ,10370,2000,3.3,전기제품
039560,다산네트웍스,KOSDAQ,4975,1993,123.9,통신장비
104480,티케이케미칼,KOSDAQ,2170,1986,30.7,화학
0123G0,TIGER 미국AI전력SMR,KOSPI,7550,1985,3.7,기타
052710,아모텍,KOSDAQ,13575,1983,9.9,핸드셋
321370,센서뷰,KOSDAQ,3840,1983,69.9,통신장비
452360,SOL 미국배당다우존스(H),KOSPI,12095,1983,1.6,기타
482630,삼양엔씨켐,KOSDAQ,18100,1981,4.2,반도체와반도체장비
002990,금호건설,KOSPI,5350,1979,16.8,건설
000860,강남제비스코,KOSPI,15190,1974,2.3,건축자재
456010,아이씨티케이,KOSDAQ,14220,1974,5.5,통신장비
389030,지니너스,KOSDAQ,5920,1974,11.2,생물공학
054450,텔레칩스,KOSDAQ,12980,1965,1.2,반도체와반도체장비
123330,제닉,KOSDAQ,24700,1964,11.2,화장품
0111P0,1Q 미국나스닥100미국채혼합50액티브,KOSPI,10512,1955,2.0,기타
009070,KCTC,KOSPI,6500,1953,8.6,항공화물운송과물류
432720,퀄리타스반도체,KOSDAQ,13810,1953,10.7,반도체와반도체장비
004960,한신공영,KOSPI,17060,1951,87.6,건설
452450,피아이이,KOSDAQ,5440,1951,1.0,IT서비스
069540,빛과전자,KOSDAQ,2010,1947,408.3,통신장비
490090,TIGER 미국AI빅테크10,KOSPI,14320,1947,13.2,기타
008350,남선알미늄,KOSPI,1508,1943,47.8,비철금속
032940,원익,KOSDAQ,10660,1935,1.8,화장품
290690,소룩스,KOSDAQ,3985,1930,107.1,디스플레이장비및부품
264850,이랜시스,KOSDAQ,6350,1923,4.2,전자장비와기기
463290,1Q 단기금융채액티브,KOSPI,107860,1923,1.2,기타
0043Y0,TIME 차이나AI테크액티브,KOSPI,16875,1923,5.4,기타
037350,성도이엔지,KOSDAQ,12620,1921,23.3,건설
304660,KODEX 미국30년국채울트라선물(H),KOSPI,7635,1916,1.7,기타
458650,성우,KOSDAQ,12600,1895,1.1,전기제품
125020,티씨머티리얼즈,KOSDAQ,5430,1892,20.7,전기장비
418420,라온텍,KOSDAQ,6200,1889,4.6,반도체와반도체장비
0008S0,TIGER 미국배당다우존스타겟데일리커버드콜,KOSPI,10025,1889,3.9,기타
0004V0,엔비알모션,KOSDAQ,18080,1888,17.2,기계
409820,KODEX 미국나스닥100레버리지(합성 H),KOSPI,14280,1884,4.7,기타
235980,메드팩토,KOSDAQ,5490,1881,7.0,제약
008830,대동기어,KOSDAQ,20800,1878,17.1,기계
417500,제이아이테크,KOSDAQ,5730,1875,28.9,반도체와반도체장비
002100,경농,KOSPI,9600,1872,2.1,화학
323990,박셀바이오,KOSDAQ,8030,1867,1.3,제약
008970,KBI동양철관,KOSPI,1792,1858,13.6,철강
047310,파워로직스,KOSDAQ,5070,1856,1.7,핸드셋
307180,아이엘,KOSDAQ,5470,1849,48.5,디스플레이장비및부품
340450,지씨지놈,KOSDAQ,7810,1847,1.7,생명과학도구및서비스
289080,SV인베스트먼트,KOSDAQ,3400,1846,5.0,창업투자
012200,계양전기,KOSPI,6770,1842,4.3,자동차부품
119830,아이텍,KOSDAQ,6960,1833,3.2,반도체와반도체장비
101170,우림피티에스,KOSDAQ,13620,1830,3.5,기계
355150,코스텍시스,KOSDAQ,23550,1828,26.1,반도체와반도체장비
234690,녹십자웰빙,KOSDAQ,10210,1823,8.0,제약
000700,유수홀딩스,KOSPI,7000,1822,4.1,항공화물운송과물류
131030,옵투스제약,KOSDAQ,10190,1803,1.9,제약
214390,경보제약,KOSPI,7560,1802,42.8,제약
068790,DMS,KOSDAQ,7980,1801,1.4,디스플레이장비및부품
267770,TIGER 200선물레버리지,KOSPI,69260,1800,43.5,기타
317400,자이에스앤디,KOSPI,4620,1799,3.1,건설
475580,에이럭스,KOSDAQ,13220,1797,109.9,교육서비스
093640,케이알엠,KOSDAQ,5500,1795,3.0,반도체와반도체장비
051980,중앙첨단소재,KOSDAQ,1613,1791,4.8,통신장비
264660,씨앤지하이테크,KOSDAQ,18420,1790,15.6,반도체와반도체장비
267320,나인테크,KOSDAQ,3110,1785,2.4,전기제품
000440,중앙에너비스,KOSDAQ,28600,1784,56.3,석유와가스
333430,일승,KOSDAQ,5770,1782,3.2,조선
0092B0,SOL 한국원자력SMR,KOSPI,22060,1776,67.0,기타
460850,동국씨엠,KOSPI,5910,1767,1.3,철강
469610,이노테크,KOSDAQ,19900,1766,1.6,디스플레이장비및부품
365330,에스와이스틸텍,KOSDAQ,3505,1763,4.5,건축자재
023910,대한약품,KOSDAQ,29350,1761,1.9,제약
476040,오가노이드사이언스,KOSDAQ,26700,1758,5.9,생물공학
086980,쇼박스,KOSDAQ,2800,1753,3.2,방송과엔터테인먼트
001360,삼성제약,KOSPI,1855,1743,1.1,제약
0015B0,KoAct 미국나스닥성장기업액티브,KOSPI,17180,1743,7.6,기타
293580,나우IB,KOSDAQ,1835,1741,3.5,창업투자
126730,코칩,KOSDAQ,19840,1740,3.6,전기제품
035080,그래디언트,KOSDAQ,12650,1730,7.5,인터넷과카탈로그소매
090350,노루페인트,KOSPI,8670,1730,2.6,건축자재
011700,한신기계,KOSPI,5320,1729,68.1,기계
002170,삼양통상,KOSPI,57500,1728,1.0,"섬유,의류,신발,호화품"
464490,쿼드메디슨,KOSDAQ,15020,1724,3.6,생물공학
237370,KODEX 코리아배당성장채권혼합,KOSPI,15945,1722,8.0,기타
005160,동국산업,KOSDAQ,3170,1719,5.9,철강
480020,ACE 미국빅테크7+데일리타겟커버드콜(합성),KOSPI,11830,1715,1.9,기타
234030,싸이닉솔루션,KOSDAQ,7220,1704,1.9,반도체와반도체장비
220260,켐트로스,KOSDAQ,5310,1703,4.4,화학
090470,제이스텍,KOSDAQ,9770,1703,5.6,전자장비와기기
488280,에스투더블유,KOSDAQ,15770,1698,1.6,IT서비스
012610,경인양행,KOSPI,4070,1695,1.7,화학
054620,APS,KOSDAQ,9220,1695,16.1,반도체와반도체장비
049430,코메론,KOSDAQ,18670,1689,1.5,기계
047770,코데즈컴바인,KOSDAQ,4470,1687,4.9,"섬유,의류,신발,호화품"
282880,코윈테크,KOSDAQ,14690,1685,1.9,기계
322180,LS티라유텍,KOSDAQ,8050,1682,1.6,IT서비스
214420,토니모리,KOSPI,6980,1679,1.9,화장품
483340,ACE 구글밸류체인액티브,KOSPI,18010,1674,7.8,기타
104460,디와이피엔에프,KOSDAQ,15880,1670,1.6,기계
0005D0,SOL 전고체배터리&실리콘음극재,KOSPI,18055,1668,30.4,기타
033340,좋은사람들,KOSDAQ,1712,1659,4.3,"섬유,의류,신발,호화품"
025820,이구산업,KOSPI,4950,1655,5.0,비철금속
331740,아우토크립트,KOSDAQ,17000,1654,4.5,자동차부품
456070,이엔셀,KOSDAQ,14960,1642,2.4,제약
037070,파세코,KOSDAQ,8220,1642,1.4,가정용기기와용품
067000,조이시티,KOSDAQ,2350,1642,2.3,게임엔터테인먼트
013990,아가방컴퍼니,KOSDAQ,4995,1641,1.5,"섬유,의류,신발,호화품"
019180,티에이치엔,KOSPI,9120,1641,8.2,자동차부품
021320,KCC건설,KOSDAQ,7590,1637,11.4,건설
002780,진흥기업,KOSPI,1126,1632,252.5,건설
417840,저스템,KOSDAQ,7200,1627,39.5,반도체와반도체장비
474590,WON 반도체밸류체인액티브,KOSPI,31285,1626,12.0,기타
004710,한솔테크닉스,KOSPI,5100,1621,2.2,전자장비와기기
0091C0,KODEX 미국10년국채액티브(H),KOSPI,9940,1620,1.6,기타
372330,KODEX 차이나항셍테크,KOSPI,8060,1614,7.6,기타
018470,조일알미늄,KOSPI,1271,1609,4.2,비철금속
0015S0,페스카로,KOSDAQ,16560,1600,2.2,자동차부품
259630,엠플러스,KOSDAQ,13240,1598,5.1,전기제품
306620,지아이에스,KOSDAQ,3480,1592,28.6,반도체와반도체장비
147830,제룡산업,KOSDAQ,7940,1584,7.1,전기장비
455860,SOL 2차전지소부장Fn,KOSPI,5895,1584,10.3,기타
158430,아톤,KOSDAQ,6460,1583,2.1,소프트웨어
260970,에스앤디,KOSDAQ,54900,1582,1.2,식품
053700,삼보모터스,KOSDAQ,6220,1569,4.7,자동차부품
054540,삼영엠텍,KOSDAQ,12050,1567,3.6,조선
250060,모비스,KOSDAQ,4860,1563,9.4,소프트웨어
210540,디와이파워,KOSPI,14130,1560,5.3,기계
0138Y0,PLUS 금채권혼합,KOSPI,10465,1559,21.4,기타
520066,미래에셋 KRX금현물 Auto-KO-C 2810-01 ETN,KOSPI,25990,1559,5.2,기타
072870,메가스터디,KOSDAQ,13070,1558,1.4,교육서비스
005860,한일사료,KOSDAQ,3945,1556,31.1,식품
481180,SOL 미국AI소프트웨어,KOSPI,12695,1549,1.4,기타
530061,삼성 레버리지 은 선물 ETN(H),KOSPI,51560,1546,11.1,기타
053080,케이엔솔,KOSDAQ,11890,1545,3.9,기계
0104N0,TIGER 200타겟위클리커버드콜,KOSPI,17355,1544,5.2,기타
483290,KODEX 미국배당다우존스타겟커버드콜,KOSPI,10715,1542,1.5,기타
0019K0,TIME 미국나스닥100채권혼합50액티브,KOSPI,12185,1540,5.1,기타
495060,TIME 코리아밸류업액티브,KOSPI,23900,1540,4.8,기타
0080Y0,SOL 조선TOP3플러스레버리지,KOSPI,17870,1538,24.2,기타
445180,퓨릿,KOSDAQ,8910,1531,2.0,반도체와반도체장비
203650,드림시큐리티,KOSDAQ,1603,1530,1.5,상업서비스와공급품
225190,LK삼양,KOSDAQ,2165,1525,6.5,전자장비와기기
079430,현대리바트,KOSPI,7340,1519,1.1,가구
451530,TIGER 국고채30년스트립액티브,KOSPI,48095,1518,6.1,기타
429000,TIGER 미국S&P500배당귀족,KOSPI,13315,1517,2.9,기타
041440,현대에버다임,KOSDAQ,8450,1515,5.3,기계
215100,로보로보,KOSDAQ,7450,1515,3.5,교육서비스
088130,동아엘텍,KOSDAQ,8640,1510,5.0,디스플레이장비및부품
480030,ACE 미국500데일리타겟커버드콜(합성),KOSPI,10450,1504,1.4,기타
265740,엔에프씨,KOSDAQ,8440,1502,6.2,화장품
004150,한솔홀딩스,KOSPI,3655,1501,35.9,복합기업
530104,삼성 레버리지 코스피200 선물 ETN,KOSPI,150140,1501,6.9,기타
475050,ACE KPOP포커스,KOSPI,10850,1497,12.3,기타
024800,유성티엔에스,KOSDAQ,4070,1496,1.8,도로와철도운송
012320,경동인베스트,KOSPI,63100,1492,7.9,비철금속
017510,세명전기,KOSDAQ,9780,1489,8.8,전기장비
008110,대동전자,KOSPI,14200,1489,2.4,전자장비와기기
367770,RISE 수소경제테마,KOSPI,25195,1486,3.2,기타
136340,RISE 중기우량회사채,KOSPI,105210,1485,12.7,기타
138360,앤로보틱스,KOSDAQ,1919,1476,10.7,기계
014280,금강공업,KOSPI,5020,1472,1.3,건축제품
03473K,SK우,KOSPI,260000,1471,3.0,석유와가스
412570,TIGER 2차전지TOP10레버리지,KOSPI,1492,1471,14.0,기타
310200,애니플러스,KOSDAQ,2820,1470,1.8,방송과엔터테인먼트
100130,동국S&C,KOSDAQ,2535,1462,57.9,에너지장비및서비스
246710,티앤알바이오팹,KOSDAQ,3080,1462,1.6,생물공학
027710,팜스토리,KOSDAQ,1310,1458,3.3,식품
003480,한진중공업홀딩스,KOSPI,4920,1452,1.6,가스유틸리티
048530,인트론바이오,KOSDAQ,4590,1451,6.7,생명과학도구및서비스
094280,효성ITX,KOSPI,12520,1444,1.2,상업서비스와공급품
0005A0,KODEX 미국S&P500데일리커버드콜OTM,KOSPI,9630,1444,5.9,기타
413630,씨피시스템,KOSDAQ,3945,1437,1.3,기계
255440,야스,KOSDAQ,10990,1435,1.2,디스플레이장비및부품
036710,심텍홀딩스,KOSDAQ,2715,1431,2.5,전자장비와기기
008700,아남전자,KOSPI,1853,1426,442.5,전자제품
039980,폴라리스AI,KOSDAQ,1961,1425,35.2,IT서비스
065450,빅텍,KOSDAQ,4970,1424,19.7,우주항공과국방
363280,티와이홀딩스,KOSPI,2825,1422,1.1,"호텔,레스토랑,레저"
187870,디바이스,KOSDAQ,20300,1421,4.0,디스플레이장비및부품
442570,RISE TDF2050액티브,KOSPI,16085,1420,1.8,기타
205100,엑셈,KOSDAQ,1985,1417,3.2,소프트웨어
013520,화승코퍼레이션,KOSPI,2830,1416,1.5,자동차부품
059120,아진엑스텍,KOSDAQ,7730,1415,5.7,반도체와반도체장비
010100,한국무브넥스,KOSPI,4645,1414,1.7,자동차부품
204610,티쓰리,KOSDAQ,2590,1413,1.1,게임엔터테인먼트
083500,에프엔에스테크,KOSDAQ,16390,1406,6.2,디스플레이장비및부품
096350,대창솔루션,KOSDAQ,3825,1404,86.4,조선
382800,지앤비에스 에코,KOSDAQ,4420,1403,17.4,반도체와반도체장비
129920,대성하이텍,KOSDAQ,10160,1393,8.5,기계
077500,유니퀘스트,KOSPI,6440,1391,3.2,반도체와반도체장비
494220,UNICORN SK하이닉스밸류체인액티브,KOSPI,34725,1388,13.5,기타
003310,대주산업,KOSDAQ,3920,1387,7.1,식품
209640,와이제이링크,KOSDAQ,4855,1380,38.4,전자장비와기기
474610,RF시스템즈,KOSDAQ,9600,1373,27.7,우주항공과국방
001290,상상인증권,KOSPI,1265,1370,7.6,증권
0115D0,KODEX 조선TOP10,KOSPI,9920,1368,40.2,기타
261220,KODEX WTI원유선물(H),KOSPI,22770,1366,57.1,기타
0074K0,KoAct K수출핵심기업TOP30액티브,KOSPI,16640,1365,2.1,기타
114820,TIGER 국채3년,KOSPI,104855,1362,2.0,기타
086670,비엠티,KOSDAQ,13780,1361,4.7,기계
226400,오스테오닉,KOSDAQ,6610,1361,1.4,건강관리장비와용품
319640,TIGER 골드선물(H),KOSPI,27960,1356,4.8,기타
002460,HS화성,KOSPI,13350,1355,1.5,건설
123690,한국화장품,KOSPI,8420,1352,2.0,화장품
004140,동방,KOSPI,2820,1352,11.2,항공화물운송과물류
013570,디와이,KOSPI,5150,1350,1.6,자동차부품
458350,에스팀,KOSDAQ,15480,1348,27.7,광고
109610,에스와이,KOSDAQ,2755,1347,2.5,건축자재
025950,동신건설,KOSDAQ,16090,1346,10.3,건설
388790,라이콤,KOSDAQ,4350,1339,15.6,통신장비
309230,ACE 미국WideMoat동일가중,KOSPI,29740,1338,10.7,기타
382840,원준,KOSDAQ,8740,1334,1.0,전기제품
490480,SOL K방산,KOSPI,36990,1331,17.0,기타
085670,뉴프렉스,KOSDAQ,5440,1330,1.9,전자장비와기기
267290,경동도시가스,KOSPI,22550,1329,2.6,가스유틸리티
054050,농우바이오,KOSDAQ,8260,1324,1.6,생물공학
381620,제닉스로보틱스,KOSDAQ,10100,1323,4.1,기계
388870,파로스아이바이오,KOSDAQ,10190,1320,4.4,생물공학
530055,삼성 레버리지 금 선물 ETN(H),KOSPI,131795,1317,2.4,기타
014530,극동유화,KOSPI,3765,1312,12.4,석유와가스
016740,두올,KOSPI,4560,1307,1.1,자동차부품
014790,HL D&I,KOSPI,3455,1304,4.0,건설
243880,TIGER 200IT레버리지,KOSPI,200470,1303,10.1,기타
024880,케이피에프,KOSDAQ,6440,1298,5.6,기계
010660,화천기계,KOSPI,5870,1291,3.1,기계
271050,KODEX WTI원유선물인버스(H),KOSPI,2415,1289,30.8,기타
036580,팜스코,KOSPI,3505,1287,2.7,식품
0066W0,SOL 국제금,KOSPI,14685,1285,31.3,기타
007210,벽산,KOSPI,1913,1279,1.9,건축자재
389140,포바이포,KOSDAQ,8940,1275,6.6,방송과엔터테인먼트
187790,나노,KOSDAQ,4125,1269,2.0,화학
469170,ACE 포스코그룹포커스,KOSPI,6995,1268,12.1,기타
495550,SOL 코리아밸류업TR,KOSPI,26410,1267,3.5,기타
084670,동양고속,KOSPI,43550,1262,3.2,도로와철도운송
488500,TIGER 미국S&P500동일가중,KOSPI,12165,1258,1.1,기타
491820,HANARO 전력설비투자,KOSPI,41900,1257,10.1,기타
038110,에코플라스틱,KOSDAQ,3055,1257,6.2,자동차부품
013310,아진산업,KOSDAQ,3240,1257,1.3,자동차부품
417970,모델솔루션,KOSDAQ,19550,1255,2.8,기계
054920,한컴위드,KOSDAQ,4450,1255,1.6,비철금속
005870,휴니드,KOSPI,8860,1253,10.4,우주항공과국방
023900,풍국주정,KOSDAQ,9900,1247,1.8,화학
014580,태경비케이,KOSPI,4510,1245,1.2,비철금속
017900,광전자,KOSPI,2145,1242,3.0,전자장비와기기
432470,케이엔에스,KOSDAQ,14110,1236,3.2,전기제품
396270,넥스트칩,KOSDAQ,3755,1234,20.7,반도체와반도체장비
454320,HANARO CAPEX설비투자iSelect,KOSPI,46550,1233,3.7,기타
086960,MDS테크,KOSDAQ,1200,1231,7.2,소프트웨어
040160,누리플렉스,KOSDAQ,10300,1230,2.1,소프트웨어
105330,케이엔더블유,KOSDAQ,7660,1230,2.1,반도체와반도체장비
026150,특수건설,KOSDAQ,7000,1229,10.5,건설
0015N0,아로마티카,KOSDAQ,9640,1225,2.5,화장품
059270,해성에어로보틱스,KOSDAQ,10850,1219,3.8,기계
0085N0,ACE 미국10년국채액티브(H),KOSPI,10080,1219,1.1,기타
0151S0,KODEX 미국AI반도체TOP3플러스,KOSPI,10980,1218,2.1,기타
012800,대창,KOSPI,1333,1213,2.4,비철금속
141000,비아트론,KOSDAQ,10000,1210,1.9,디스플레이장비및부품
007110,일신석재,KOSPI,1561,1209,1.1,건축자재
424960,스마트레이더시스템,KOSDAQ,7310,1205,1.8,자동차부품
228810,TIGER 미디어컨텐츠,KOSPI,5265,1199,1.5,기타
036010,아비코전자,KOSDAQ,9010,1197,9.1,전기제품
261780,차백신연구소,KOSDAQ,4490,1196,486.4,제약
017550,수산세보틱스,KOSPI,1913,1193,1.6,기계
0118Z0,ACE 미국AI테크핵심산업액티브,KOSPI,8600,1186,3.8,기타
530136,삼성 인버스 2X 천연가스 선물 ETN D,KOSPI,11890,1186,9.8,기타
423170,SOL 글로벌AI반도체탑픽액티브,KOSPI,41757,1185,17.0,기타
464310,TIGER 글로벌AI&로보틱스 INDXX,KOSPI,14750,1185,1.7,기타
363580,KODEX 200IT TR,KOSPI,34620,1177,3.6,기타
046210,HLB파나진,KOSDAQ,2590,1177,4.6,생명과학도구및서비스
317770,엑스페릭스,KOSDAQ,3225,1176,1.6,전자장비와기기
166480,코아스템켐온,KOSDAQ,2220,1173,5.6,생물공학
091120,이엠텍,KOSDAQ,6830,1170,2.1,핸드셋
014160,대영포장,KOSPI,1080,1170,3.4,포장재
038460,바이오스마트,KOSDAQ,4475,1170,5.3,전자장비와기기
340360,다보링크,KOSDAQ,2285,1165,14.9,통신장비
046970,우리로,KOSDAQ,2615,1156,307.6,컴퓨터와주변기기
308080,바이젠셀,KOSDAQ,5650,1156,1.9,제약
214270,FSN,KOSDAQ,2630,1149,12.1,양방향미디어와서비스
142210,유니트론텍,KOSDAQ,5540,1149,1.9,반도체와반도체장비
078890,가온그룹,KOSDAQ,6200,1146,2.2,전자제품
0069M0,1Q 미국나스닥100,KOSPI,12040,1143,2.2,기타
124560,태웅로직스,KOSDAQ,2955,1142,5.6,해운사
004100,태양금속,KOSPI,3120,1141,3.7,자동차부품
208370,셀바스헬스케어,KOSDAQ,4380,1135,1.4,건강관리장비와용품
0082V0,KODEX TDF2060액티브,KOSPI,10970,1135,2.2,기타
101330,모베이스,KOSDAQ,4905,1135,1.1,자동차부품
570059,한투 레버리지 금 선물 ETN,KOSPI,113255,1132,3.6,기타
307930,컴퍼니케이,KOSDAQ,7250,1131,5.7,창업투자
396470,워트,KOSDAQ,7000,1126,1.7,반도체와반도체장비
377990,TIGER Fn신재생에너지,KOSPI,28500,1126,53.1,기타
465610,ACE 미국빅테크TOP7 Plus레버리지(합성),KOSPI,35145,1124,1.6,기타
399110,SOL 미국S&P500ESG,KOSPI,19330,1121,1.5,기타
157490,TIGER 소프트웨어,KOSPI,9100,1119,2.2,기타
460940,피앤에스로보틱스,KOSDAQ,8440,1118,1.5,건강관리장비와용품
377480,마음AI,KOSDAQ,15690,1116,1.3,IT서비스
411420,KODEX 미국나스닥AI테크액티브,KOSPI,23655,1111,1.2,기타
0151P0,RISE 코리아전략산업액티브,KOSPI,14255,1111,3.8,기타
308620,KODEX 미국10년국채선물,KOSPI,12635,1111,1.6,기타
058850,KTcs,KOSPI,2600,1109,1.8,상업서비스와공급품
468380,KODEX iShares미국하이일드액티브,KOSPI,11860,1107,1.3,기타
081180,쎄크,KOSDAQ,12540,1106,2.5,전자장비와기기
115500,케이씨에스,KOSDAQ,9210,1105,2.2,IT서비스
067290,JW신약,KOSDAQ,1963,1100,1.8,제약
065170,비엘팜텍,KOSDAQ,3960,1095,31.2,건강관리업체및서비스
011370,서한,KOSDAQ,1082,1089,1.1,건설
317830,에스피시스템스,KOSDAQ,10120,1086,1.5,기계
330350,위더스제약,KOSDAQ,8220,1085,1.2,제약
299170,더블유에스아이,KOSDAQ,2620,1085,5.9,제약
217330,싸이토젠,KOSDAQ,4680,1084,6.2,건강관리업체및서비스
007820,에스엠코어,KOSDAQ,5410,1083,2.3,기계
101670,하이드로리튬,KOSDAQ,1912,1080,5.9,전기제품
013360,일성건설,KOSPI,1980,1078,9.5,건설
494840,TIGER 미국방산TOP10,KOSPI,15275,1076,2.2,기타
294630,서남,KOSDAQ,4060,1070,3.6,전기장비
041910,폴라리스AI파마,KOSDAQ,7900,1066,22.1,제약
303810,동국생명과학,KOSDAQ,3330,1065,1.2,건강관리장비와용품
479730,TIGER 인도빌리언컨슈머,KOSPI,9895,1063,1.1,기타
0115E0,KODEX 코리아소버린AI,KOSPI,13895,1062,1.6,기타
495330,1Q 코리아밸류업,KOSPI,25840,1058,1.8,기타
570116,한투 블룸버그레버리지WTI원유선물 ETN B,KOSPI,52500,1050,3.8,기타
040910,아이씨디,KOSDAQ,5630,1049,1.4,디스플레이장비및부품
172670,에이엘티,KOSDAQ,11730,1049,1.4,반도체와반도체장비
315640,딥노이드,KOSDAQ,3570,1048,1.4,IT서비스
014950,삼익제약,KOSDAQ,11360,1044,1.8,제약
048910,대원미디어,KOSDAQ,8290,1042,1.9,방송과엔터테인먼트
348350,위드텍,KOSDAQ,10420,1041,4.5,반도체와반도체장비
201490,미투온,KOSDAQ,3190,1039,1.1,게임엔터테인먼트
473640,HANARO 글로벌금채굴기업,KOSPI,32365,1036,38.7,기타
364960,TIGER BBIG,KOSPI,7115,1035,2.8,기타
490600,RISE 미국배당100데일리고정커버드콜,KOSPI,9290,1035,1.9,기타
530111,삼성 레버리지 천연가스 선물 ETN C,KOSPI,2070,1035,11.1,기타
002720,국제약품,KOSPI,4885,1033,4.6,제약
448100,WON 200,KOSPI,89755,1032,1.3,기타
760007,키움 코스피 200 TR ETN,KOSPI,25650,1026,1.9,기타
0098N0,PLUS 자사주매입고배당주,KOSPI,13200,1023,3.8,기타
005750,대림바스,KOSPI,6130,1022,7.7,건축제품
0132K0,PLUS 테슬라위클리커버드콜채권혼합,KOSPI,9240,1021,8.5,기타
441540,HANARO Fn조선해운,KOSPI,31905,1020,3.3,기타
500094,신한 블룸버그 인버스2X WTI원유선물 ETN B,KOSPI,4830,1018,1.3,기타
105740,디케이락,KOSDAQ,9990,1016,3.6,기계
054670,대한뉴팜,KOSDAQ,7080,1013,5.2,제약
448710,코츠테크놀로지,KOSDAQ,19110,1010,6.7,우주항공과국방
0111J0,HANARO 증권고배당TOP3플러스,KOSPI,18200,1009,22.5,기타
006890,태경케미컬,KOSPI,8690,1006,14.9,화학
014970,삼륭물산,KOSDAQ,6640,1004,4.1,포장재
0167A0,SOL AI반도체TOP2플러스,KOSPI,10850,1004,181.8,기타
211900,KODEX 코리아배당성장,KOSPI,29495,1002,2.1,기타
024740,한일단조,KOSDAQ,3045,1001,15.9,자동차부품
037030,파워넷,KOSDAQ,3945,1000,62.5,전기제품
033320,제이씨현시스템,KOSDAQ,5220,997,27.4,컴퓨터와주변기기
0036R0,RISE 미국휴머노이드로봇,KOSPI,16330,995,1.2,기타
290720,푸드나무,KOSDAQ,2827,993,2.8,식품
120240,대정화금,KOSDAQ,13820,993,1.5,화학
084650,랩지노믹스,KOSDAQ,1333,989,2.2,생명과학도구및서비스
092040,아미코젠,KOSDAQ,1400,988,3.5,생물공학
175140,휴먼테크놀로지,KOSDAQ,3950,987,4.3,전자제품
457990,PLUS 태양광&ESS,KOSPI,38605,986,163.8,기타
010960,삼호개발,KOSPI,4100,984,2.0,건설
053050,지에스이,KOSDAQ,3285,983,191.9,가스유틸리티
173130,오파스넷,KOSDAQ,7540,983,3.5,IT서비스
329660,KODEX TRF5050,KOSPI,17475,978,2.0,기타
0035T0,PLUS 글로벌휴머노이드로봇액티브,KOSPI,20040,971,2.2,기타
212560,네오오토,KOSDAQ,8170,965,1.6,자동차부품
138520,TIGER 삼성그룹,KOSPI,26230,964,6.7,기타
060590,씨티씨바이오,KOSDAQ,3960,957,1.1,제약
451220,아이엠티,KOSDAQ,12150,956,1.5,반도체와반도체장비
091440,한울소재과학,KOSDAQ,3030,955,1.1,통신장비
530107,삼성 인버스 2X 코스닥150 선물 ETN,KOSPI,1588,952,51.9,기타
241690,유니테크노,KOSDAQ,3865,945,1.6,자동차부품
019990,에너토크,KOSDAQ,9690,944,13.5,기계
520092,미래에셋 레버리지 은 선물 ETN B,KOSPI,47240,944,9.1,기타
277880,티에스아이,KOSDAQ,4730,938,1.6,전자장비와기기
266420,KODEX 헬스케어,KOSPI,22880,938,3.1,기타
461030,아이엠비디엑스,KOSDAQ,6590,938,1.4,생명과학도구및서비스
337160,KODEX 200ESG,KOSPI,35870,932,6.4,기타
122090,PLUS 코스피50,KOSPI,63355,931,7.4,기타
413390,엠오티,KOSDAQ,8030,929,2.1,전기제품
066310,큐에스아이,KOSDAQ,10010,929,1.3,반도체와반도체장비
001260,남광토건,KOSPI,9460,928,2.7,건설
360350,코셈,KOSDAQ,16150,928,6.5,전자장비와기기
323350,다원넥스뷰,KOSDAQ,11610,928,36.8,반도체와반도체장비
412350,레이저쎌,KOSDAQ,7120,927,44.0,반도체와반도체장비
019540,일지테크,KOSDAQ,6840,921,6.2,자동차부품
011000,진원생명과학,KOSPI,1013,920,1.8,생물공학
0018C0,PLUS 고배당주위클리고정커버드콜,KOSPI,13290,917,4.6,기타
099220,SDN,KOSDAQ,1399,913,42.8,에너지장비및서비스
032850,비트컴퓨터,KOSDAQ,5490,912,1.0,건강관리기술
290660,네오펙트,KOSDAQ,1158,901,12.3,건강관리장비와용품
137950,제이씨케미칼,KOSDAQ,4035,897,14.6,에너지장비및서비스
089230,THE E&M,KOSDAQ,2745,895,3.5,양방향미디어와서비스
261070,TIGER 코스닥150바이오테크,KOSPI,20450,895,4.4,기타
0085P0,ACE 미국10년국채액티브,KOSPI,10900,894,2.1,기타
126880,제이엔케이글로벌,KOSDAQ,3850,893,1.9,석유와가스
0113D0,TIME 글로벌탑픽액티브,KOSPI,11355,891,1.7,기타
046940,우원개발,KOSDAQ,4935,890,12.9,건설
104200,NHN벅스,KOSDAQ,5980,886,3.6,방송과엔터테인먼트
37550L,DL이앤씨2우(전환),KOSPI,41950,885,2.9,건설
520087,미래에셋 레버리지 KRX 금현물 ETN,KOSPI,44270,885,7.3,기타
210780,TIGER 코스피고배당,KOSPI,25645,884,1.3,기타
476750,ACE 미국30년국채엔화노출액티브(H),KOSPI,8710,879,7.7,기타
326240,RISE IT플러스,KOSPI,34805,877,2.1,기타
475300,SOL 반도체전공정,KOSPI,18785,872,21.7,기타
0167Z0,KODEX 미국우주항공,KOSPI,10445,872,105.1,기타
039610,화성밸브,KOSDAQ,8320,866,1.4,기계
004440,삼일씨엔에스,KOSPI,6750,864,2.9,건축자재
006880,신송홀딩스,KOSPI,7280,861,2.1,식품과기본식료품소매
115440,우리넷,KOSDAQ,7960,861,7.4,통신장비
025550,한국선재,KOSDAQ,3330,855,1.0,철강
0132H0,KODEX 미국원자력SMR,KOSPI,10560,855,1.8,기타
085310,엔케이,KOSPI,1074,855,2.6,조선
228800,TIGER 여행레저,KOSPI,3350,850,1.8,기타
001550,조비,KOSPI,16200,844,20.1,화학
269540,PLUS 미국S&P500(H),KOSPI,26360,843,1.3,기타
131400,이브이첨단소재,KOSDAQ,1410,840,1.0,전자장비와기기
440910,WON 미국우주항공방산,KOSPI,27055,838,2.4,기타
226330,신테카바이오,KOSDAQ,3450,833,18.3,건강관리업체및서비스
0013V0,삼진식품,KOSDAQ,8380,831,1.5,식품
252400,RISE 200선물레버리지,KOSPI,83285,830,2.3,기타
094940,푸른기술,KOSDAQ,9910,828,1.7,컴퓨터와주변기기
329670,KODEX TRF7030,KOSPI,21245,828,1.0,기타
475310,SOL 반도체후공정,KOSPI,31800,827,23.5,기타
424980,마이크로투나노,KOSDAQ,13940,825,1.3,반도체와반도체장비
0049M0,ACE 미국배당퀄리티+커버드콜액티브,KOSPI,11460,825,2.3,기타
011390,부산산업,KOSPI,78000,823,2.0,건축자재
020710,시공테크,KOSDAQ,4115,823,2.7,"호텔,레스토랑,레저"
066430,아이로보틱스,KOSDAQ,2100,822,1.2,화학
089850,유비벨록스,KOSDAQ,5570,820,5.4,전자제품
306040,에스제이그룹,KOSDAQ,8250,818,1.3,"섬유,의류,신발,호화품"
0154F0,WON 초대형IB&금융지주,KOSPI,14345,817,3.2,기타
053450,세코닉스,KOSDAQ,5470,809,1.2,전자장비와기기
052900,KX하이텍,KOSDAQ,1160,805,2.5,반도체와반도체장비
217190,제너셈,KOSDAQ,6120,805,1.6,반도체와반도체장비
476850,KoAct 배당성장액티브,KOSPI,19100,802,3.2,기타
027830,대성창투,KOSDAQ,1485,801,1.0,창업투자
117700,KODEX 건설,KOSPI,7560,800,113.6,기타
0000Z0,RISE 바이오TOP10액티브,KOSPI,17950,798,8.1,기타
0100K0,KODEX 방산TOP10레버리지,KOSPI,14020,798,31.4,기타
261240,KODEX 미국달러선물,KOSPI,15190,797,12.1,기타
0022T0,SOL 국제금커버드콜액티브,KOSPI,15345,797,17.7,기타
076610,해성옵틱스,KOSDAQ,1499,795,42.9,핸드셋
000725,현대건설우,KOSPI,75200,792,3.2,건설
081150,티플랙스,KOSDAQ,3265,787,5.5,비철금속
066980,한성크린텍,KOSDAQ,1512,785,5.6,건설
018500,동원금속,KOSPI,1681,785,2.1,자동차부품
0168K0,TIGER 기술이전바이오액티브,KOSPI,10430,784,28.6,기타
009835,한화솔루션우,KOSPI,30300,780,8.6,에너지장비및서비스
246690,TS인베스트먼트,KOSDAQ,1735,775,1.0,창업투자
570061,한투 레버리지 은 선물 ETN,KOSPI,76920,769,2.4,기타
241790,티이엠씨씨엔에스,KOSDAQ,7680,768,2.4,반도체와반도체장비
900260,로스웰,KOSDAQ,1665,766,2.1,통신장비
378800,샤페론,KOSDAQ,1655,765,2.0,제약
530067,삼성 KRX 금현물 ETN,KOSPI,38115,762,2.4,기타
024840,KBI메탈,KOSDAQ,2175,759,3.1,전기장비
094840,슈프리마에이치큐,KOSDAQ,7340,758,1.1,전자장비와기기
459550,알트,KOSDAQ,3000,752,2.2,핸드셋
199550,레이저옵텍,KOSDAQ,6130,751,33.0,건강관리장비와용품
100590,머큐리,KOSDAQ,4685,744,16.9,통신장비
040610,SG&G,KOSDAQ,2180,744,2.4,자동차부품
307870,비투엔,KOSDAQ,1243,743,31.7,IT서비스
004590,한국가구,KOSDAQ,4940,741,2.6,식품과기본식료품소매
071090,하이스틸,KOSPI,3660,739,2.5,철강
139220,TIGER 200 건설,KOSPI,8365,739,95.5,기타
465330,RISE 2차전지TOP10,KOSPI,12280,727,7.3,기타
054930,유신,KOSDAQ,24200,726,2.4,건설
457370,한켐,KOSDAQ,9030,724,1.6,디스플레이장비및부품
369370,블리츠웨이엔터테인먼트,KOSDAQ,1445,723,2.6,방송과엔터테인먼트
058730,다스코,KOSPI,3590,716,6.1,건축자재
317850,대모,KOSDAQ,8610,716,5.0,기계
072990,에이치시티,KOSDAQ,4945,713,1.3,전자장비와기기
229000,젠큐릭스,KOSDAQ,3030,712,13.9,건강관리장비와용품
065500,오리엔트정공,KOSDAQ,2225,706,2.3,자동차부품
192410,오늘이엔엠,KOSDAQ,3020,704,7.1,통신장비
445150,KODEX 친환경조선해운액티브,KOSPI,35235,704,3.1,기타
095270,웨이브일렉트로,KOSDAQ,4905,704,2.9,우주항공과국방
340930,유일에너테크,KOSDAQ,1020,702,1.6,전자장비와기기
0008T0,SOL 화장품TOP3플러스,KOSPI,14460,701,32.8,기타
003010,혜인,KOSPI,5510,700,2.2,기계
000910,유니온,KOSPI,4465,697,2.3,건축자재
053350,이니텍,KOSDAQ,3160,695,1.4,소프트웨어
002140,고려산업,KOSPI,2785,694,2.8,식품
036670,삼양케이씨아이,KOSDAQ,6150,693,1.2,화학
052860,아이앤씨,KOSDAQ,3882,693,1.6,반도체와반도체장비
042110,에스씨디,KOSDAQ,1427,692,10.1,전기제품
015710,코콤,KOSDAQ,3952,691,1.9,통신장비
238120,얼라인드,KOSDAQ,4810,691,3.8,생명과학도구및서비스
099410,동방선기,KOSDAQ,4950,690,1.3,조선
196450,코아시아씨엠,KOSDAQ,1519,688,2.0,핸드셋
347860,알체라,KOSDAQ,1779,688,1.1,소프트웨어
0021E0,ACE TDF2050액티브,KOSPI,12405,688,3.0,기타
087260,모바일어플라이언스,KOSDAQ,2125,688,6.3,자동차부품
496770,PLUS 글로벌방산,KOSPI,20830,687,2.3,기타
261270,KODEX 미국달러선물인버스,KOSPI,7510,684,7.5,기타
0142D0,TIGER 미국AI데이터센터TOP4Plus,KOSPI,9480,677,2.7,기타
047400,유니온머티리얼,KOSPI,1606,674,2.9,자동차부품
530134,삼성 블룸버그 인버스2X WTI원유선물 ETN B,KOSPI,4805,673,11.4,기타
024910,경창산업,KOSDAQ,1885,671,3.2,자동차부품
288620,에스퓨얼셀,KOSDAQ,9600,670,2.1,전기제품
042940,상지건설,KOSDAQ,9490,654,12.3,건설
444490,WON 미국S&P500,KOSPI,18690,654,1.5,기타
218150,미래생명자원,KOSDAQ,3200,653,3.8,식품
395290,HANARO Fn K-POP&미디어,KOSPI,8180,650,1.3,기타
0005G0,ITF K-AI반도체코어테크,KOSPI,31725,650,2.1,기타
0139P0,ACE 고배당주,KOSPI,14140,649,34.6,기타
471780,TIGER 코리아테크액티브,KOSPI,26010,646,10.8,기타
495040,PLUS 코리아밸류업,KOSPI,25730,643,1.1,기타
447430,ACE 주주환원가치주액티브,KOSPI,17785,640,1.2,기타
014190,원익큐브,KOSDAQ,1796,635,1.5,화학
215090,솔디펜스,KOSDAQ,2745,635,1.2,우주항공과국방
337140,KODEX 코스피대형주,KOSPI,30040,630,1.7,기타
0041D0,KODEX 미국AI소프트웨어TOP10,KOSPI,12480,617,1.5,기타
007120,미래아이앤지,KOSPI,2135,616,8.9,IT서비스
089790,제이티,KOSDAQ,5970,615,1.7,반도체와반도체장비
006920,모헨즈,KOSDAQ,5570,608,28.4,건축자재
275980,TIGER 글로벌4차산업혁신기술(합성 H),KOSPI,20435,608,1.1,기타
195990,에이비프로바이오,KOSDAQ,2115,603,15.8,기계
189860,서전기전,KOSDAQ,6210,602,94.5,전기장비
291650,압타머사이언스,KOSDAQ,1494,601,1.0,생물공학
550064,N2 레버리지 은 선물 ETN(H),KOSPI,60000,600,24.1,기타
473590,ACE 미국주식베스트셀러,KOSPI,19990,599,1.5,기타
092780,DYP,KOSPI,4535,597,1.0,자동차부품
225040,TIGER 미국S&P500레버리지(합성 H),KOSPI,51470,596,1.1,기타
37550K,DL이앤씨우,KOSPI,28000,590,4.7,건설
0080X0,SOL 미국S&P500미국채혼합50,KOSPI,11150,590,2.3,기타
089150,케이씨티,KOSDAQ,3450,588,88.9,컴퓨터와주변기기
123310,TIGER 인버스,KOSPI,1787,586,7.9,기타
037440,희림,KOSDAQ,4220,583,1.2,건설
072950,빛샘전자,KOSDAQ,7240,582,2.2,전자장비와기기
056360,코위버,KOSDAQ,5940,581,2.6,통신장비
498860,RISE 코리아금융고배당,KOSPI,20380,581,3.3,기타
139320,TIGER 금은선물(H),KOSPI,19980,579,5.3,기타
610078,메리츠 3X 레버리지 미국채30년 ETN,KOSPI,47785,573,1.2,기타
365000,TIGER 인터넷TOP10,KOSPI,4980,569,3.9,기타
415920,PLUS 글로벌희토류&전략자원생산기업,KOSPI,8505,569,4.2,기타
0041E0,KODEX 미국S&P500액티브,KOSPI,14220,568,1.2,기타
065440,이루온,KOSDAQ,2065,565,12.0,IT서비스
114450,그린생명과학,KOSDAQ,2815,563,3.8,제약
062970,한국첨단소재,KOSDAQ,2440,563,2.9,통신장비
331920,셀레믹스,KOSDAQ,6900,563,3.2,생물공학
061040,알에프텍,KOSDAQ,1754,562,1.0,핸드셋
266370,KODEX IT,KOSPI,46860,561,1.7,기타
109080,옵티시스,KOSDAQ,9900,559,1.7,통신장비
364950,에이아이코리아,KOSDAQ,6770,559,2.8,전자장비와기기
0094M0,RISE 코리아밸류업위클리고정커버드콜,KOSPI,16580,555,4.6,기타
0104H0,KoAct 미국나스닥채권혼합50액티브,KOSPI,11515,552,1.9,기타
009190,대양금속,KOSPI,1275,550,1.5,철강
474800,KIWOOM 미국원유에너지기업,KOSPI,16170,549,22.9,기타
376180,피코그램,KOSDAQ,2955,547,7.2,가정용기기와용품
140700,KODEX 보험,KOSPI,16115,546,2.7,기타
332290,누보,KOSDAQ,1353,543,4.7,화학
097870,효성오앤비,KOSDAQ,6390,542,3.7,화학
316670,KIWOOM 코스닥150,KOSPI,9935,540,2.1,기타
455660,ACE 미국하이일드액티브(H),KOSPI,9605,537,1.0,기타
354200,엔젠바이오,KOSDAQ,1991,533,2.6,생명과학도구및서비스
277640,TIGER 코스피대형주,KOSPI,31055,527,1.2,기타
465350,RISE 2차전지TOP10인버스(합성),KOSPI,18360,523,10.2,기타
700029,하나 S&P 레버리지 WTI원유 선물 ETN B,KOSPI,51925,519,1.1,기타
530133,삼성 블룸버그 레버리지 WTI원유선물 ETN B,KOSPI,51800,518,5.7,기타
054780,키이스트,KOSDAQ,2620,515,1.2,방송과엔터테인먼트
0152E0,SOL 배당성향탑픽액티브,KOSPI,12180,511,9.4,기타
239890,피엔에이치테크,KOSDAQ,5150,510,4.4,디스플레이장비및부품
218420,KODEX 미국S&P500에너지(합성),KOSPI,20505,510,8.1,기타
0118S0,SOL 미국넥스트테크TOP10액티브,KOSPI,10530,505,3.1,기타
095910,에스에너지,KOSDAQ,2225,503,86.7,에너지장비및서비스
052460,아이크래프트,KOSDAQ,3460,502,1.7,통신장비
336060,웨이버스,KOSDAQ,1043,502,1.6,IT서비스
017040,광명전기,KOSPI,1158,500,3.6,전기장비
232830,아이티센피엔에스,KOSDAQ,3020,500,1.2,IT서비스
475260,ACE 2월만기자동연장회사채AA-이상액티브,KOSPI,10625,500,12.0,기타
