cluster_id,rep_name,cohesion,size,code,name,market,market_cap,naver_group
1,현대차,0.5525,40,005380,현대차,KOSPI,1437399,자동차
1,현대차,0.5525,40,000270,기아,KOSPI,687907,자동차
1,현대차,0.5525,40,005387,현대차2우B,KOSPI,97724,자동차
1,현대차,0.5525,40,005385,현대차우,KOSPI,64887,자동차
1,현대차,0.5525,40,108490,로보티즈,KOSDAQ,51592,기계
1,현대차,0.5525,40,022100,포스코DX,KOSPI,50855,IT서비스
1,현대차,0.5525,40,058610,에스피지,KOSDAQ,29429,전기제품
1,현대차,0.5525,40,011210,현대위아,KOSPI,26324,자동차부품
1,현대차,0.5525,40,437730,삼현,KOSDAQ,17312,자동차부품
1,현대차,0.5525,40,445680,큐리옥스바이오시스템즈,KOSDAQ,16239,생명과학도구및서비스
1,현대차,0.5525,40,090710,휴림로봇,KOSDAQ,15278,기계
1,현대차,0.5525,40,160190,하이젠알앤엠,KOSDAQ,12880,기계
1,현대차,0.5525,40,388720,유일로보틱스,KOSDAQ,11910,기계
1,현대차,0.5525,40,466100,클로봇,KOSDAQ,11851,기계
1,현대차,0.5525,40,476060,온코닉테라퓨틱스,KOSDAQ,10125,제약
1,현대차,0.5525,40,056080,유진로봇,KOSDAQ,10034,기계
1,현대차,0.5525,40,399720,가온칩스,KOSDAQ,7801,반도체와반도체장비
1,현대차,0.5525,40,090360,로보스타,KOSDAQ,7293,기계
1,현대차,0.5525,40,125490,한라캐스트,KOSDAQ,6296,자동차부품
1,현대차,0.5525,40,005389,현대차3우B,KOSPI,6249,자동차
1,현대차,0.5525,40,376270,HEM파마,KOSDAQ,5116,건강관리업체및서비스
1,현대차,0.5525,40,381970,케이카,KOSPI,4882,자동차
1,현대차,0.5525,40,105840,우진,KOSPI,4766,기계
1,현대차,0.5525,40,117730,티로보틱스,KOSDAQ,4601,기계
1,현대차,0.5525,40,455900,엔젤로보틱스,KOSDAQ,4391,건강관리장비와용품
1,현대차,0.5525,40,060980,HL홀딩스,KOSPI,4203,자동차부품
1,현대차,0.5525,40,200880,서연이화,KOSPI,3838,자동차부품
1,현대차,0.5525,40,475400,씨메스로보틱스,KOSDAQ,3826,기계
1,현대차,0.5525,40,200470,에이팩트,KOSDAQ,3583,반도체와반도체장비
1,현대차,0.5525,40,199430,케이엔알시스템,KOSDAQ,2691,기계
1,현대차,0.5525,40,138610,나이벡,KOSDAQ,2517,건강관리장비와용품
1,현대차,0.5525,40,101170,우림피티에스,KOSDAQ,2386,기계
1,현대차,0.5525,40,010580,에스엠벡셀,KOSPI,2302,자동차부품
1,현대차,0.5525,40,270660,에브리봇,KOSDAQ,2234,가정용기기와용품
1,현대차,0.5525,40,140670,알에스오토메이션,KOSDAQ,2198,기계
1,현대차,0.5525,40,381620,제닉스로보틱스,KOSDAQ,1676,기계
1,현대차,0.5525,40,019180,티에이치엔,KOSPI,1443,자동차부품
1,현대차,0.5525,40,215100,로보로보,KOSDAQ,1434,교육서비스
1,현대차,0.5525,40,059270,해성에어로보틱스,KOSDAQ,1196,기계
1,현대차,0.5525,40,214330,금호에이치티,KOSPI,802,자동차부품
2,고려아연,0.443,50,010130,고려아연,KOSPI,313720,비철금속
2,고려아연,0.443,50,214370,케어젠,KOSDAQ,50492,건강관리업체및서비스
2,고려아연,0.443,50,011780,금호석유화학,KOSPI,35647,화학
2,고려아연,0.443,50,036460,한국가스공사,KOSPI,33648,가스유틸리티
2,고려아연,0.443,50,263750,펄어비스,KOSDAQ,33408,게임엔터테인먼트
2,고려아연,0.443,50,457190,이수스페셜티케미컬,KOSPI,32243,화학
2,고려아연,0.443,50,237690,에스티팜,KOSDAQ,29729,제약
2,고려아연,0.443,50,001430,세아베스틸지주,KOSPI,25820,철강
2,고려아연,0.443,50,282330,BGF리테일,KOSPI,23385,백화점과일반상점
2,고려아연,0.443,50,281740,레이크머티리얼즈,KOSDAQ,13343,화학
2,고려아연,0.443,50,298050,HS효성첨단소재,KOSPI,10371,화학
2,고려아연,0.443,50,365340,성일하이텍,KOSDAQ,8443,전기제품
2,고려아연,0.443,50,348370,엔켐,KOSDAQ,8380,전기제품
2,고려아연,0.443,50,009240,한샘,KOSPI,8319,가구
2,고려아연,0.443,50,009520,포스코엠텍,KOSDAQ,8087,철강
2,고려아연,0.443,50,069260,TKG휴켐스,KOSPI,7031,화학
2,고려아연,0.443,50,058650,세아홀딩스,KOSPI,6422,철강
2,고려아연,0.443,50,060280,큐렉소,KOSDAQ,6279,건강관리장비와용품
2,고려아연,0.443,50,215200,메가스터디교육,KOSDAQ,4602,교육서비스
2,고려아연,0.443,50,003800,에이스침대,KOSDAQ,3709,가구
2,고려아연,0.443,50,011500,한농화성,KOSPI,3361,화학
2,고려아연,0.443,50,034120,SBS,KOSPI,2780,방송과엔터테인먼트
2,고려아연,0.443,50,003200,일신방직,KOSPI,2741,"섬유,의류,신발,호화품"
2,고려아연,0.443,50,005710,대원산업,KOSDAQ,2658,자동차부품
2,고려아연,0.443,50,004310,현대약품,KOSPI,2422,제약
2,고려아연,0.443,50,126600,BGF에코머티리얼즈,KOSDAQ,2391,화학
2,고려아연,0.443,50,028100,동아지질,KOSPI,2179,건설
2,고려아연,0.443,50,285490,노바텍,KOSDAQ,2162,핸드셋
2,고려아연,0.443,50,007860,서연,KOSPI,2129,자동차부품
2,고려아연,0.443,50,011785,금호석유화학우,KOSPI,1774,화학
2,고려아연,0.443,50,032940,원익,KOSDAQ,1733,화장품
2,고려아연,0.443,50,053700,삼보모터스,KOSDAQ,1447,자동차부품
2,고려아연,0.443,50,016740,두올,KOSPI,1364,자동차부품
2,고려아연,0.443,50,109740,디에스케이,KOSDAQ,1306,전자장비와기기
2,고려아연,0.443,50,248170,샘표식품,KOSPI,1162,식품
2,고려아연,0.443,50,101670,하이드로리튬,KOSDAQ,1087,전기제품
2,고려아연,0.443,50,010660,화천기계,KOSPI,1061,기계
2,고려아연,0.443,50,026150,특수건설,KOSDAQ,1035,건설
2,고려아연,0.443,50,413390,엠오티,KOSDAQ,991,전기제품
2,고려아연,0.443,50,066590,스모트로닉,KOSDAQ,974,자동차부품
2,고려아연,0.443,50,131400,이브이첨단소재,KOSDAQ,971,전자장비와기기
2,고려아연,0.443,50,067570,엔브이에이치코리아,KOSDAQ,872,자동차부품
2,고려아연,0.443,50,014950,삼익제약,KOSDAQ,786,제약
2,고려아연,0.443,50,024910,경창산업,KOSDAQ,721,자동차부품
2,고려아연,0.443,50,222420,쎄노텍,KOSDAQ,709,화학
2,고려아연,0.443,50,053270,구영테크,KOSDAQ,634,자동차부품
2,고려아연,0.443,50,289220,자이언트스텝,KOSDAQ,575,양방향미디어와서비스
2,고려아연,0.443,50,206560,덱스터,KOSDAQ,538,방송과엔터테인먼트
2,고려아연,0.443,50,122690,서진오토모티브,KOSDAQ,526,자동차부품
2,고려아연,0.443,50,122350,삼기,KOSDAQ,513,자동차부품
3,삼성전자,0.3496,53,005930,삼성전자,KOSPI,16384195,반도체와반도체장비
3,삼성전자,0.3496,53,000660,SK하이닉스,KOSPI,13662504,반도체와반도체장비
3,삼성전자,0.3496,53,005935,삼성전자우,KOSPI,1500434,반도체와반도체장비
3,삼성전자,0.3496,53,034020,두산에너빌리티,KOSPI,770915,기계
3,삼성전자,0.3496,53,267260,HD현대일렉트릭,KOSPI,464647,전기장비
3,삼성전자,0.3496,53,010120,LS ELECTRIC,KOSPI,431250,전기장비
3,삼성전자,0.3496,53,298040,효성중공업,KOSPI,392656,전기장비
3,삼성전자,0.3496,53,042700,한미반도체,KOSPI,371717,반도체와반도체장비
3,삼성전자,0.3496,53,066570,LG전자,KOSPI,312416,전자제품
3,삼성전자,0.3496,53,010140,삼성중공업,KOSPI,273240,조선
3,삼성전자,0.3496,53,047050,포스코인터내셔널,KOSPI,127368,무역회사와판매업체
3,삼성전자,0.3496,53,353200,대덕전자,KOSPI,69677,전자장비와기기
3,삼성전자,0.3496,53,103590,일진전기,KOSPI,67665,전기장비
3,삼성전자,0.3496,53,052690,한전기술,KOSPI,59661,전기유틸리티
3,삼성전자,0.3496,53,004800,효성,KOSPI,42855,복합기업
3,삼성전자,0.3496,53,178320,서진시스템,KOSDAQ,39541,전기장비
3,삼성전자,0.3496,53,319660,피에스케이,KOSDAQ,31544,반도체와반도체장비
3,삼성전자,0.3496,53,084370,유진테크,KOSDAQ,28324,반도체와반도체장비
3,삼성전자,0.3496,53,083650,비에이치아이,KOSDAQ,25745,에너지장비및서비스
3,삼성전자,0.3496,53,089970,브이엠,KOSDAQ,14293,반도체와반도체장비
3,삼성전자,0.3496,53,195870,해성디에스,KOSPI,14161,반도체와반도체장비
3,삼성전자,0.3496,53,356860,티엘비,KOSDAQ,10353,반도체와반도체장비
3,삼성전자,0.3496,53,024850,HLB이노베이션,KOSDAQ,7695,반도체와반도체장비
3,삼성전자,0.3496,53,015750,성우하이텍,KOSDAQ,7176,자동차부품
3,삼성전자,0.3496,53,089890,코세스,KOSDAQ,6716,반도체와반도체장비
3,삼성전자,0.3496,53,006910,보성파워텍,KOSDAQ,6160,전기장비
3,삼성전자,0.3496,53,119850,지엔씨에너지,KOSDAQ,5847,전기장비
3,삼성전자,0.3496,53,003300,한일홀딩스,KOSPI,5531,건축자재
3,삼성전자,0.3496,53,010690,화신,KOSPI,5398,자동차부품
3,삼성전자,0.3496,53,144960,뉴파워프라즈마,KOSDAQ,4775,반도체와반도체장비
3,삼성전자,0.3496,53,126720,수산인더스트리,KOSPI,4342,에너지장비및서비스
3,삼성전자,0.3496,53,098070,한텍,KOSDAQ,4292,에너지장비및서비스
3,삼성전자,0.3496,53,093520,매커스,KOSDAQ,3583,반도체와반도체장비
3,삼성전자,0.3496,53,112290,와이씨켐,KOSDAQ,3073,반도체와반도체장비
3,삼성전자,0.3496,53,307180,아이엘,KOSDAQ,2902,디스플레이장비및부품
3,삼성전자,0.3496,53,382900,범한퓨얼셀,KOSDAQ,2785,전기제품
3,삼성전자,0.3496,53,950170,JTC,KOSDAQ,2509,백화점과일반상점
3,삼성전자,0.3496,53,001080,만호제강,KOSPI,2498,철강
3,삼성전자,0.3496,53,457550,우진엔텍,KOSDAQ,2469,에너지장비및서비스
3,삼성전자,0.3496,53,081000,일진다이아,KOSPI,1893,비철금속
3,삼성전자,0.3496,53,321370,센서뷰,KOSDAQ,1748,통신장비
3,삼성전자,0.3496,53,047770,코데즈컴바인,KOSDAQ,1526,"섬유,의류,신발,호화품"
3,삼성전자,0.3496,53,011700,한신기계,KOSPI,1348,기계
3,삼성전자,0.3496,53,076610,해성옵틱스,KOSDAQ,1238,핸드셋
3,삼성전자,0.3496,53,265740,엔에프씨,KOSDAQ,1202,화장품
3,삼성전자,0.3496,53,025560,미래산업,KOSPI,1112,반도체와반도체장비
3,삼성전자,0.3496,53,019990,에너토크,KOSDAQ,911,기계
3,삼성전자,0.3496,53,291650,압타머사이언스,KOSDAQ,735,생물공학
3,삼성전자,0.3496,53,072470,우리산업홀딩스,KOSDAQ,727,자동차부품
3,삼성전자,0.3496,53,064240,홈캐스트,KOSDAQ,702,전문소매
3,삼성전자,0.3496,53,005670,푸드웰,KOSDAQ,671,식품
3,삼성전자,0.3496,53,460470,아이빔테크놀로지,KOSDAQ,615,생명과학도구및서비스
3,삼성전자,0.3496,53,364950,에이아이코리아,KOSDAQ,518,전자장비와기기
4,LG에너지솔루션,0.4152,55,373220,LG에너지솔루션,KOSPI,1014390,전기제품
4,LG에너지솔루션,0.4152,55,051910,LG화학,KOSPI,276721,화학
4,LG에너지솔루션,0.4152,55,003670,포스코퓨처엠,KOSPI,224589,화학
4,LG에너지솔루션,0.4152,55,096770,SK이노베이션,KOSPI,213175,석유와가스
4,LG에너지솔루션,0.4152,55,247540,에코프로비엠,KOSDAQ,194878,전기제품
4,LG에너지솔루션,0.4152,55,086520,에코프로,KOSDAQ,183705,화학
4,LG에너지솔루션,0.4152,55,003550,LG,KOSPI,167947,복합기업
4,LG에너지솔루션,0.4152,55,066970,엘앤에프,KOSPI,68612,전기제품
4,LG에너지솔루션,0.4152,55,018880,한온시스템,KOSPI,52082,자동차부품
4,LG에너지솔루션,0.4152,55,095340,ISC,KOSDAQ,51296,반도체와반도체장비
4,LG에너지솔루션,0.4152,55,450080,에코프로머티,KOSPI,48544,전기제품
4,LG에너지솔루션,0.4152,55,026960,동서,KOSPI,24426,식품
4,LG에너지솔루션,0.4152,55,005070,코스모신소재,KOSPI,18566,화학
4,LG에너지솔루션,0.4152,55,361610,SK아이이테크놀로지,KOSPI,18197,전기제품
4,LG에너지솔루션,0.4152,55,051915,LG화학우,KOSPI,14132,화학
4,LG에너지솔루션,0.4152,55,066575,LG전자우,KOSPI,12614,전자제품
4,LG에너지솔루션,0.4152,55,137400,피엔티,KOSDAQ,11809,전기제품
4,LG에너지솔루션,0.4152,55,002020,코오롱,KOSPI,9241,복합기업
4,LG에너지솔루션,0.4152,55,121600,나노신소재,KOSDAQ,8932,화학
4,LG에너지솔루션,0.4152,55,014820,동원시스템즈,KOSPI,7102,포장재
4,LG에너지솔루션,0.4152,55,005420,코스모화학,KOSPI,6033,화학
4,LG에너지솔루션,0.4152,55,383310,에코프로에이치엔,KOSDAQ,5841,상업서비스와공급품
4,LG에너지솔루션,0.4152,55,008730,율촌화학,KOSPI,5673,포장재
4,LG에너지솔루션,0.4152,55,025900,동화기업,KOSDAQ,5252,건축자재
4,LG에너지솔루션,0.4152,55,416180,신성에스티,KOSDAQ,3028,전기제품
4,LG에너지솔루션,0.4152,55,012210,삼미금속,KOSDAQ,3002,기계
4,LG에너지솔루션,0.4152,55,101360,에코앤드림,KOSDAQ,2932,화학
4,LG에너지솔루션,0.4152,55,054210,이랜텍,KOSDAQ,2913,핸드셋
4,LG에너지솔루션,0.4152,55,255220,SG,KOSDAQ,2634,건축자재
4,LG에너지솔루션,0.4152,55,005950,이수화학,KOSPI,2482,화학
4,LG에너지솔루션,0.4152,55,042600,새로닉스,KOSDAQ,2478,가정용기기와용품
4,LG에너지솔루션,0.4152,55,372170,윤성에프앤씨,KOSDAQ,2409,전자장비와기기
4,LG에너지솔루션,0.4152,55,009680,모토닉,KOSPI,2295,자동차부품
4,LG에너지솔루션,0.4152,55,003555,LG우,KOSPI,2240,복합기업
4,LG에너지솔루션,0.4152,55,299030,하나기술,KOSDAQ,2026,전자장비와기기
4,LG에너지솔루션,0.4152,55,051980,중앙첨단소재,KOSDAQ,1984,통신장비
4,LG에너지솔루션,0.4152,55,267320,나인테크,KOSDAQ,1891,전기제품
4,LG에너지솔루션,0.4152,55,008830,대동기어,KOSDAQ,1860,기계
4,LG에너지솔루션,0.4152,55,015230,대창단조,KOSPI,1832,기계
4,LG에너지솔루션,0.4152,55,037070,파세코,KOSDAQ,1828,가정용기기와용품
4,LG에너지솔루션,0.4152,55,004960,한신공영,KOSPI,1703,건설
4,LG에너지솔루션,0.4152,55,217820,원익피앤이,KOSDAQ,1596,전기제품
4,LG에너지솔루션,0.4152,55,014280,금강공업,KOSPI,1554,건축제품
4,LG에너지솔루션,0.4152,55,054540,삼영엠텍,KOSDAQ,1540,조선
4,LG에너지솔루션,0.4152,55,107600,새빗켐,KOSDAQ,1472,전기제품
4,LG에너지솔루션,0.4152,55,360070,탑머티리얼,KOSDAQ,1326,전자장비와기기
4,LG에너지솔루션,0.4152,55,004250,NPC,KOSPI,1292,포장재
4,LG에너지솔루션,0.4152,55,277880,티에스아이,KOSDAQ,1089,전자장비와기기
4,LG에너지솔루션,0.4152,55,463480,모티브링크,KOSDAQ,1023,자동차부품
4,LG에너지솔루션,0.4152,55,058630,엠게임,KOSDAQ,915,게임엔터테인먼트
4,LG에너지솔루션,0.4152,55,459100,위츠,KOSDAQ,902,핸드셋
4,LG에너지솔루션,0.4152,55,096775,SK이노베이션우,KOSPI,902,석유와가스
4,LG에너지솔루션,0.4152,55,290670,대보마그네틱,KOSDAQ,808,전자장비와기기
4,LG에너지솔루션,0.4152,55,452400,이닉스,KOSDAQ,776,전기제품
4,LG에너지솔루션,0.4152,55,006880,신송홀딩스,KOSPI,771,식품과기본식료품소매
5,한국전력,0.5892,70,015760,한국전력,KOSPI,261279,전기유틸리티
5,한국전력,0.5892,70,161390,한국타이어앤테크놀로지,KOSPI,73457,자동차부품
5,한국전력,0.5892,70,298380,에이비엘바이오,KOSDAQ,68640,생물공학
5,한국전력,0.5892,70,000100,유한양행,KOSPI,67939,제약
5,한국전력,0.5892,70,128940,한미약품,KOSPI,56944,제약
5,한국전력,0.5892,70,035250,강원랜드,KOSPI,33588,"호텔,레스토랑,레저"
5,한국전력,0.5892,70,347850,디앤디파마텍,KOSDAQ,29918,생물공학
5,한국전력,0.5892,70,009970,영원무역홀딩스,KOSPI,26552,"섬유,의류,신발,호화품"
5,한국전력,0.5892,70,030530,원익홀딩스,KOSDAQ,24214,반도체와반도체장비
5,한국전력,0.5892,70,068760,셀트리온제약,KOSDAQ,23000,제약
5,한국전력,0.5892,70,475830,오름테라퓨틱,KOSDAQ,16844,제약
5,한국전력,0.5892,70,069620,대웅제약,KOSPI,16012,제약
5,한국전력,0.5892,70,073240,금호타이어,KOSPI,14262,자동차부품
5,한국전력,0.5892,70,085660,차바이오텍,KOSDAQ,14001,건강관리업체및서비스
5,한국전력,0.5892,70,003380,하림지주,KOSDAQ,13843,식품
5,한국전력,0.5892,70,293490,카카오게임즈,KOSDAQ,9957,게임엔터테인먼트
5,한국전력,0.5892,70,071320,지역난방공사,KOSPI,8487,복합유틸리티
5,한국전력,0.5892,70,030190,NICE평가정보,KOSPI,7964,상업서비스와공급품
5,한국전력,0.5892,70,389470,인벤티지랩,KOSDAQ,7302,제약
5,한국전력,0.5892,70,348210,넥스틴,KOSDAQ,7250,반도체와반도체장비
5,한국전력,0.5892,70,249420,일동제약,KOSPI,7166,제약
5,한국전력,0.5892,70,001060,JW중외제약,KOSPI,6834,제약
5,한국전력,0.5892,70,002350,넥센타이어,KOSPI,6709,자동차부품
5,한국전력,0.5892,70,468530,프로티나,KOSDAQ,5404,생물공학
5,한국전력,0.5892,70,211050,인카금융서비스,KOSDAQ,5039,손해보험
5,한국전력,0.5892,70,287840,인투셀,KOSDAQ,4859,제약
5,한국전력,0.5892,70,950210,프레스티지바이오파마,KOSPI,4669,제약
5,한국전력,0.5892,70,389650,넥스트바이오메디컬,KOSDAQ,4462,건강관리장비와용품
5,한국전력,0.5892,70,424870,이뮨온시아,KOSDAQ,4446,제약
5,한국전력,0.5892,70,095660,네오위즈,KOSDAQ,4392,게임엔터테인먼트
5,한국전력,0.5892,70,192650,드림텍,KOSPI,4386,핸드셋
5,한국전력,0.5892,70,105630,한세실업,KOSPI,4140,"섬유,의류,신발,호화품"
5,한국전력,0.5892,70,170900,동아에스티,KOSPI,4110,제약
5,한국전력,0.5892,70,450950,아스테라시스,KOSDAQ,3883,건강관리장비와용품
5,한국전력,0.5892,70,220100,퓨쳐켐,KOSDAQ,3832,제약
5,한국전력,0.5892,70,228760,지노믹트리,KOSDAQ,3651,건강관리장비와용품
5,한국전력,0.5892,70,144510,지씨셀,KOSDAQ,3649,건강관리업체및서비스
5,한국전력,0.5892,70,092200,디아이씨,KOSPI,3601,자동차부품
5,한국전력,0.5892,70,394800,쓰리빌리언,KOSDAQ,3442,건강관리기술
5,한국전력,0.5892,70,474650,링크솔루션,KOSDAQ,3390,기계
5,한국전력,0.5892,70,000650,천일고속,KOSPI,3244,도로와철도운송
5,한국전력,0.5892,70,065660,안트로젠,KOSDAQ,3166,제약
5,한국전력,0.5892,70,318060,그래피,KOSDAQ,3016,건강관리장비와용품
5,한국전력,0.5892,70,049630,재영솔루텍,KOSDAQ,2971,핸드셋
5,한국전력,0.5892,70,099440,스맥,KOSDAQ,2818,기계
5,한국전력,0.5892,70,314130,지놈앤컴퍼니,KOSDAQ,2560,제약
5,한국전력,0.5892,70,064550,바이오니아,KOSDAQ,2454,생물공학
5,한국전력,0.5892,70,216080,제테마,KOSDAQ,2211,건강관리장비와용품
5,한국전력,0.5892,70,033530,SJG세종,KOSPI,2195,자동차부품
5,한국전력,0.5892,70,300080,플리토,KOSDAQ,1774,양방향미디어와서비스
5,한국전력,0.5892,70,042420,네오위즈홀딩스,KOSDAQ,1618,게임엔터테인먼트
5,한국전력,0.5892,70,235980,메드팩토,KOSDAQ,1578,제약
5,한국전력,0.5892,70,323990,박셀바이오,KOSDAQ,1553,제약
5,한국전력,0.5892,70,456070,이엔셀,KOSDAQ,1448,제약
5,한국전력,0.5892,70,460940,피앤에스로보틱스,KOSDAQ,1391,건강관리장비와용품
5,한국전력,0.5892,70,417970,모델솔루션,KOSDAQ,1388,기계
5,한국전력,0.5892,70,156100,엘앤케이바이오,KOSDAQ,1363,건강관리장비와용품
5,한국전력,0.5892,70,413630,씨피시스템,KOSDAQ,1362,기계
5,한국전력,0.5892,70,084670,동양고속,KOSPI,1252,도로와철도운송
5,한국전력,0.5892,70,476040,오가노이드사이언스,KOSDAQ,1226,생물공학
5,한국전력,0.5892,70,099750,이지케어텍,KOSDAQ,1077,건강관리기술
5,한국전력,0.5892,70,096240,크레버스,KOSDAQ,1053,교육서비스
5,한국전력,0.5892,70,208370,셀바스헬스케어,KOSDAQ,1018,건강관리장비와용품
5,한국전력,0.5892,70,000230,일동홀딩스,KOSPI,987,제약
5,한국전력,0.5892,70,388870,파로스아이바이오,KOSDAQ,987,생물공학
5,한국전력,0.5892,70,299170,더블유에스아이,KOSDAQ,946,제약
5,한국전력,0.5892,70,000105,유한양행우,KOSPI,857,제약
5,한국전력,0.5892,70,443250,레뷰코퍼레이션,KOSDAQ,780,양방향미디어와서비스
5,한국전력,0.5892,70,104540,코렌텍,KOSDAQ,676,건강관리장비와용품
5,한국전력,0.5892,70,369370,블리츠웨이엔터테인먼트,KOSDAQ,517,방송과엔터테인먼트
6,삼성화재,0.5542,56,000810,삼성화재,KOSPI,225023,손해보험
6,삼성화재,0.5542,56,035720,카카오,KOSPI,188543,양방향미디어와서비스
6,삼성화재,0.5542,56,078930,GS,KOSPI,67735,석유와가스
6,삼성화재,0.5542,56,007810,코리아써키트,KOSPI,23982,전자장비와기기
6,삼성화재,0.5542,56,006280,녹십자,KOSPI,16185,제약
6,삼성화재,0.5542,56,038500,삼표시멘트,KOSDAQ,16111,건축자재
6,삼성화재,0.5542,56,456160,지투지바이오,KOSDAQ,11399,제약
6,삼성화재,0.5542,56,005300,롯데칠성,KOSPI,10503,음료
6,삼성화재,0.5542,56,035760,CJ ENM,KOSDAQ,9846,방송과엔터테인먼트
6,삼성화재,0.5542,56,253450,스튜디오드래곤,KOSDAQ,8942,방송과엔터테인먼트
6,삼성화재,0.5542,56,005250,녹십자홀딩스,KOSPI,7500,제약
6,삼성화재,0.5542,56,005180,빙그레,KOSPI,6608,식품
6,삼성화재,0.5542,56,372320,큐로셀,KOSDAQ,6181,생물공학
6,삼성화재,0.5542,56,377740,바이오노트,KOSPI,5145,건강관리장비와용품
6,삼성화재,0.5542,56,183190,아세아시멘트,KOSPI,3957,건축자재
6,삼성화재,0.5542,56,180400,DXVX,KOSDAQ,3760,건강관리업체및서비스
6,삼성화재,0.5542,56,041920,메디아나,KOSDAQ,3464,건강관리장비와용품
6,삼성화재,0.5542,56,084690,대상홀딩스,KOSPI,3349,식품
6,삼성화재,0.5542,56,236200,슈프리마,KOSDAQ,3323,전자장비와기기
6,삼성화재,0.5542,56,128820,대성산업,KOSPI,3270,석유와가스
6,삼성화재,0.5542,56,475560,더본코리아,KOSPI,2861,"호텔,레스토랑,레저"
6,삼성화재,0.5542,56,000430,대원강업,KOSPI,2588,자동차부품
6,삼성화재,0.5542,56,176750,듀켐바이오,KOSDAQ,2544,제약
6,삼성화재,0.5542,56,007160,사조산업,KOSPI,2520,식품
6,삼성화재,0.5542,56,013120,동원개발,KOSDAQ,2361,건설
6,삼성화재,0.5542,56,179290,엠아이텍,KOSDAQ,2009,건강관리장비와용품
6,삼성화재,0.5542,56,086890,이수앱지스,KOSDAQ,1763,제약
6,삼성화재,0.5542,56,338220,뷰노,KOSDAQ,1666,건강관리기술
6,삼성화재,0.5542,56,317400,자이에스앤디,KOSPI,1657,건설
6,삼성화재,0.5542,56,038290,마크로젠,KOSDAQ,1608,생명과학도구및서비스
6,삼성화재,0.5542,56,009070,KCTC,KOSPI,1584,항공화물운송과물류
6,삼성화재,0.5542,56,334970,프레스티지바이오로직스,KOSDAQ,1582,제약
6,삼성화재,0.5542,56,322510,제이엘케이,KOSDAQ,1553,건강관리기술
6,삼성화재,0.5542,56,234030,싸이닉솔루션,KOSDAQ,1541,반도체와반도체장비
6,삼성화재,0.5542,56,250060,모비스,KOSDAQ,1450,소프트웨어
6,삼성화재,0.5542,56,255440,야스,KOSDAQ,1369,디스플레이장비및부품
6,삼성화재,0.5542,56,011280,태림포장,KOSPI,1324,포장재
6,삼성화재,0.5542,56,063170,서울옥션,KOSDAQ,1126,판매업체
6,삼성화재,0.5542,56,074430,아미노로직스,KOSDAQ,1095,제약
6,삼성화재,0.5542,56,003310,대주산업,KOSDAQ,1094,식품
6,삼성화재,0.5542,56,078935,GS우,KOSPI,988,석유와가스
6,삼성화재,0.5542,56,105740,디케이락,KOSDAQ,981,기계
6,삼성화재,0.5542,56,048550,SM C&C,KOSDAQ,967,광고
6,삼성화재,0.5542,56,067290,JW신약,KOSDAQ,961,제약
6,삼성화재,0.5542,56,241690,유니테크노,KOSDAQ,929,자동차부품
6,삼성화재,0.5542,56,038460,바이오스마트,KOSDAQ,918,전자장비와기기
6,삼성화재,0.5542,56,013360,일성건설,KOSPI,915,건설
6,삼성화재,0.5542,56,311690,CJ 바이오사이언스,KOSDAQ,915,생명과학도구및서비스
6,삼성화재,0.5542,56,348150,고바이오랩,KOSDAQ,903,건강관리업체및서비스
6,삼성화재,0.5542,56,010960,삼호개발,KOSPI,899,건설
6,삼성화재,0.5542,56,461030,아이엠비디엑스,KOSDAQ,877,생명과학도구및서비스
6,삼성화재,0.5542,56,111380,동인기연,KOSPI,808,"섬유,의류,신발,호화품"
6,삼성화재,0.5542,56,102370,케이옥션,KOSDAQ,771,판매업체
6,삼성화재,0.5542,56,072990,에이치시티,KOSDAQ,660,전자장비와기기
6,삼성화재,0.5542,56,005305,롯데칠성우,KOSPI,600,음료
6,삼성화재,0.5542,56,014190,원익큐브,KOSDAQ,565,화학
7,KB금융,0.5358,84,105560,KB금융,KOSPI,570088,은행
7,KB금융,0.5358,84,055550,신한지주,KOSPI,453769,은행
7,KB금융,0.5358,84,068270,셀트리온,KOSPI,423014,제약
7,KB금융,0.5358,84,138040,메리츠금융지주,KOSPI,178224,증권
7,KB금융,0.5358,84,024110,기업은행,KOSPI,166263,은행
7,KB금융,0.5358,84,010950,S-Oil,KOSPI,128231,석유와가스
7,KB금융,0.5358,84,039490,키움증권,KOSPI,108322,증권
7,KB금융,0.5358,84,005830,DB손해보험,KOSPI,104735,손해보험
7,KB금융,0.5358,84,090430,아모레퍼시픽,KOSPI,71010,화장품
7,KB금융,0.5358,84,032640,LG유플러스,KOSPI,66408,무선통신서비스
7,KB금융,0.5358,84,029780,삼성카드,KOSPI,56770,카드
7,KB금융,0.5358,84,088980,맥쿼리인프라,KOSPI,53735,운송인프라
7,KB금융,0.5358,84,138930,BNK금융지주,KOSPI,53655,은행
7,KB금융,0.5358,84,175330,JB금융지주,KOSPI,46969,은행
7,KB금융,0.5358,84,031210,서울보증보험,KOSPI,30861,손해보험
7,KB금융,0.5358,84,004990,롯데지주,KOSPI,28005,복합기업
7,KB금융,0.5358,84,012750,에스원,KOSPI,27397,상업서비스와공급품
7,KB금융,0.5358,84,008930,한미사이언스,KOSPI,23971,제약
7,KB금융,0.5358,84,000240,한국앤컴퍼니,KOSPI,22357,자동차부품
7,KB금융,0.5358,84,000120,CJ대한통운,KOSPI,22310,항공화물운송과물류
7,KB금융,0.5358,84,003690,코리안리,KOSPI,20552,손해보험
7,KB금융,0.5358,84,081660,미스토홀딩스,KOSPI,19511,"섬유,의류,신발,호화품"
7,KB금융,0.5358,84,002790,아모레퍼시픽홀딩스,KOSPI,19229,화장품
7,KB금융,0.5358,84,023590,다우기술,KOSPI,18700,증권
7,KB금융,0.5358,84,290650,엘앤씨바이오,KOSDAQ,15131,건강관리장비와용품
7,KB금융,0.5358,84,195940,HK이노엔,KOSDAQ,14249,제약
7,KB금융,0.5358,84,003090,대웅,KOSPI,12326,제약
7,KB금융,0.5358,84,000670,영풍,KOSPI,11635,핸드셋
7,KB금융,0.5358,84,000815,삼성화재우,KOSPI,11186,손해보험
7,KB금융,0.5358,84,185750,종근당,KOSPI,11014,제약
7,KB금융,0.5358,84,241710,코스메카코리아,KOSDAQ,9302,화장품
7,KB금융,0.5358,84,171090,선익시스템,KOSDAQ,9122,디스플레이장비및부품
7,KB금융,0.5358,84,032190,다우데이타,KOSDAQ,8368,증권
7,KB금융,0.5358,84,010780,아이에스동서,KOSPI,7637,건설
7,KB금융,0.5358,84,000370,한화손해보험,KOSPI,7319,손해보험
7,KB금융,0.5358,84,067160,SOOP,KOSDAQ,6115,양방향미디어와서비스
7,KB금융,0.5358,84,003545,대신증권우,KOSPI,5592,증권
7,KB금융,0.5358,84,035890,서희건설,KOSDAQ,5377,건설
7,KB금융,0.5358,84,090435,아모레퍼시픽우,KOSPI,4708,화장품
7,KB금융,0.5358,84,215600,신라젠,KOSDAQ,4509,제약
7,KB금융,0.5358,84,029530,신도리코,KOSPI,4493,사무용전자제품
7,KB금융,0.5358,84,035810,이지홀딩스,KOSDAQ,3303,식품
7,KB금융,0.5358,84,314930,바이오다인,KOSDAQ,3247,건강관리장비와용품
7,KB금융,0.5358,84,017390,서울가스,KOSPI,3029,가스유틸리티
7,KB금융,0.5358,84,051500,CJ프레시웨이,KOSDAQ,2973,식품과기본식료품소매
7,KB금융,0.5358,84,096760,JW홀딩스,KOSPI,2908,제약
7,KB금융,0.5358,84,023410,유진기업,KOSDAQ,2872,건축자재
7,KB금융,0.5358,84,051370,인터플렉스,KOSDAQ,2843,전자장비와기기
7,KB금융,0.5358,84,003520,영진약품,KOSPI,2829,제약
7,KB금융,0.5358,84,002320,한진,KOSPI,2811,항공화물운송과물류
7,KB금융,0.5358,84,033920,무학,KOSPI,2439,음료
7,KB금융,0.5358,84,010955,S-Oil우,KOSPI,2308,석유와가스
7,KB금융,0.5358,84,058820,CMG제약,KOSDAQ,2235,제약
7,KB금융,0.5358,84,000390,SP삼화,KOSPI,2230,건축자재
7,KB금융,0.5358,84,035150,백산,KOSPI,2171,"섬유,의류,신발,호화품"
7,KB금융,0.5358,84,008490,서흥,KOSPI,2169,제약
7,KB금융,0.5358,84,053210,스카이라이프,KOSPI,2131,방송과엔터테인먼트
7,KB금융,0.5358,84,380550,뉴로핏,KOSDAQ,2107,건강관리기술
7,KB금융,0.5358,84,003547,대신증권2우B,KOSPI,2102,증권
7,KB금융,0.5358,84,095570,AJ네트웍스,KOSPI,2079,도로와철도운송
7,KB금융,0.5358,84,039570,HDC랩스,KOSPI,2067,건설
7,KB금융,0.5358,84,475230,엔알비,KOSDAQ,1951,건설
7,KB금융,0.5358,84,000520,삼일제약,KOSPI,1895,제약
7,KB금융,0.5358,84,143160,아이디스,KOSDAQ,1820,전자장비와기기
7,KB금융,0.5358,84,213500,한솔제지,KOSPI,1746,종이와목재
7,KB금융,0.5358,84,056090,시지메드텍,KOSDAQ,1721,건강관리장비와용품
7,KB금융,0.5358,84,023910,대한약품,KOSDAQ,1656,제약
7,KB금융,0.5358,84,000700,유수홀딩스,KOSPI,1536,항공화물운송과물류
7,KB금융,0.5358,84,049720,고려신용정보,KOSDAQ,1415,상업서비스와공급품
7,KB금융,0.5358,84,104460,디와이피엔에프,KOSDAQ,1382,기계
7,KB금융,0.5358,84,006620,동구바이오제약,KOSDAQ,1372,제약
7,KB금융,0.5358,84,090470,제이스로보틱스,KOSDAQ,1371,전자장비와기기
7,KB금융,0.5358,84,002390,한독,KOSPI,1310,제약
7,KB금융,0.5358,84,149980,하이로닉,KOSDAQ,1299,건강관리장비와용품
7,KB금융,0.5358,84,067000,조이시티,KOSDAQ,1259,게임엔터테인먼트
7,KB금융,0.5358,84,014790,HL D&I,KOSPI,1154,건설
7,KB금융,0.5358,84,030960,양지사,KOSDAQ,1000,상업서비스와공급품
7,KB금융,0.5358,84,124560,태웅로직스,KOSDAQ,904,해운사
7,KB금융,0.5358,84,013870,지엠비코리아,KOSPI,850,자동차부품
7,KB금융,0.5358,84,053280,예스24,KOSDAQ,795,인터넷과카탈로그소매
7,KB금융,0.5358,84,004060,SG세계물산,KOSPI,725,"섬유,의류,신발,호화품"
7,KB금융,0.5358,84,033310,엠투엔,KOSDAQ,649,자동차부품
7,KB금융,0.5358,84,002760,보락,KOSPI,620,식품
7,KB금융,0.5358,84,012280,영화금속,KOSPI,520,자동차부품
8,한화에어로스페이스,0.551,15,012450,한화에어로스페이스,KOSPI,650214,우주항공과국방
8,한화에어로스페이스,0.551,15,006800,미래에셋증권,KOSPI,405685,증권
8,한화에어로스페이스,0.551,15,272210,한화시스템,KOSPI,207244,우주항공과국방
8,한화에어로스페이스,0.551,15,000720,현대건설,KOSPI,180284,건설
8,한화에어로스페이스,0.551,15,047810,한국항공우주,KOSPI,160249,우주항공과국방
8,한화에어로스페이스,0.551,15,071050,한국금융지주,KOSPI,139036,증권
8,한화에어로스페이스,0.551,15,000880,한화,KOSPI,98358,복합기업
8,한화에어로스페이스,0.551,15,001720,신영증권,KOSPI,30414,증권
8,한화에어로스페이스,0.551,15,00680K,미래에셋증권2우B,KOSPI,27846,증권
8,한화에어로스페이스,0.551,15,003540,대신증권,KOSPI,17694,증권
8,한화에어로스페이스,0.551,15,071055,한국금융지주우,KOSPI,9982,증권
8,한화에어로스페이스,0.551,15,00088K,한화3우B,KOSPI,9692,복합기업
8,한화에어로스페이스,0.551,15,001270,부국증권,KOSPI,7497,증권
8,한화에어로스페이스,0.551,15,006805,미래에셋증권우,KOSPI,3012,증권
8,한화에어로스페이스,0.551,15,000725,현대건설우,KOSPI,735,건설
9,삼성바이오로직스,0.4549,53,207940,삼성바이오로직스,KOSPI,650387,제약
9,삼성바이오로직스,0.4549,53,042660,한화오션,KOSPI,372598,조선
9,삼성바이오로직스,0.4549,53,267250,HD현대,KOSPI,230264,조선
9,삼성바이오로직스,0.4549,53,352820,하이브,KOSPI,99566,방송과엔터테인먼트
9,삼성바이오로직스,0.4549,53,000250,삼천당제약,KOSDAQ,91718,제약
9,삼성바이오로직스,0.4549,53,180640,한진칼,KOSPI,75574,항공사
9,삼성바이오로직스,0.4549,53,240810,원익IPS,KOSDAQ,61845,반도체와반도체장비
9,삼성바이오로직스,0.4549,53,310210,보로노이,KOSDAQ,47753,제약
9,삼성바이오로직스,0.4549,53,043260,성호전자,KOSDAQ,32589,전기제품
9,삼성바이오로직스,0.4549,53,226950,올릭스,KOSDAQ,31871,생명과학도구및서비스
9,삼성바이오로직스,0.4549,53,032820,우리기술,KOSDAQ,31635,우주항공과국방
9,삼성바이오로직스,0.4549,53,009420,한올바이오파마,KOSPI,23429,제약
9,삼성바이오로직스,0.4549,53,035900,JYP Ent.,KOSDAQ,20253,방송과엔터테인먼트
9,삼성바이오로직스,0.4549,53,085620,미래에셋생명,KOSPI,19371,생명보험
9,삼성바이오로직스,0.4549,53,458870,씨어스,KOSDAQ,14938,건강관리기술
9,삼성바이오로직스,0.4549,53,415640,KB발해인프라,KOSPI,12119,운송인프라
9,삼성바이오로직스,0.4549,53,115180,큐리언트,KOSDAQ,11359,제약
9,삼성바이오로직스,0.4549,53,376900,로킷헬스케어,KOSDAQ,11001,건강관리장비와용품
9,삼성바이오로직스,0.4549,53,003160,디아이,KOSPI,8744,반도체와반도체장비
9,삼성바이오로직스,0.4549,53,082270,젬백스,KOSDAQ,8667,반도체와반도체장비
9,삼성바이오로직스,0.4549,53,174900,앱클론,KOSDAQ,8189,생물공학
9,삼성바이오로직스,0.4549,53,448900,한국피아이엠,KOSDAQ,7295,자동차부품
9,삼성바이오로직스,0.4549,53,002960,한국쉘석유,KOSPI,6149,화학
9,삼성바이오로직스,0.4549,53,084110,휴온스글로벌,KOSDAQ,5450,제약
9,삼성바이오로직스,0.4549,53,187660,페니트리움바이오,KOSDAQ,4797,제약
9,삼성바이오로직스,0.4549,53,000070,삼양홀딩스,KOSPI,4751,화학
9,삼성바이오로직스,0.4549,53,078350,한양디지텍,KOSDAQ,4344,반도체와반도체장비
9,삼성바이오로직스,0.4549,53,009290,광동제약,KOSPI,3839,제약
9,삼성바이오로직스,0.4549,53,091700,파트론,KOSDAQ,3600,핸드셋
9,삼성바이오로직스,0.4549,53,042520,한스바이오메드,KOSDAQ,3308,건강관리장비와용품
9,삼성바이오로직스,0.4549,53,338840,와이바이오로직스,KOSDAQ,2968,생물공학
9,삼성바이오로직스,0.4549,53,900290,GRT,KOSDAQ,2760,화학
9,삼성바이오로직스,0.4549,53,221800,지구홀딩스,KOSDAQ,2662,건강관리업체및서비스
9,삼성바이오로직스,0.4549,53,004380,삼익THK,KOSPI,2496,기계
9,삼성바이오로직스,0.4549,53,024060,흥구석유,KOSDAQ,2265,석유와가스
9,삼성바이오로직스,0.4549,53,117580,대성에너지,KOSPI,2255,가스유틸리티
9,삼성바이오로직스,0.4549,53,371950,풍원정밀,KOSDAQ,2234,디스플레이장비및부품
9,삼성바이오로직스,0.4549,53,007570,일양약품,KOSPI,1908,제약
9,삼성바이오로직스,0.4549,53,307750,국전,KOSDAQ,1854,제약
9,삼성바이오로직스,0.4549,53,004090,한국석유,KOSPI,1835,화학
9,삼성바이오로직스,0.4549,53,242040,나무기술,KOSDAQ,1524,IT서비스
9,삼성바이오로직스,0.4549,53,131030,옵투스제약,KOSDAQ,1427,제약
9,삼성바이오로직스,0.4549,53,007540,샘표,KOSPI,1391,식품
9,삼성바이오로직스,0.4549,53,078000,텔코웨어,KOSPI,1388,소프트웨어
9,삼성바이오로직스,0.4549,53,389030,지니너스,KOSDAQ,1341,생물공학
9,삼성바이오로직스,0.4549,53,000440,중앙에너비스,KOSDAQ,1201,석유와가스
9,삼성바이오로직스,0.4549,53,054620,APS,KOSDAQ,1098,반도체와반도체장비
9,삼성바이오로직스,0.4549,53,001275,부국증권우,KOSPI,1038,증권
9,삼성바이오로직스,0.4549,53,091440,한울소재과학,KOSDAQ,1000,통신장비
9,삼성바이오로직스,0.4549,53,002720,국제약품,KOSPI,910,제약
9,삼성바이오로직스,0.4549,53,163280,에어레인,KOSDAQ,749,화학
9,삼성바이오로직스,0.4549,53,053050,지에스이,KOSDAQ,707,가스유틸리티
9,삼성바이오로직스,0.4549,53,065170,비엘팜텍,KOSDAQ,594,건강관리업체및서비스
10,RFHIC,0.3942,36,218410,RFHIC,KOSDAQ,26951,통신장비
10,RFHIC,0.3942,36,018670,SK가스,KOSPI,24577,가스유틸리티
10,RFHIC,0.3942,36,417200,LS머트리얼즈,KOSDAQ,16202,전기제품
10,RFHIC,0.3942,36,032500,케이엠더블유,KOSDAQ,13995,통신장비
10,RFHIC,0.3942,36,100090,SK오션플랜트,KOSPI,13214,에너지장비및서비스
10,RFHIC,0.3942,36,050890,쏠리드,KOSDAQ,10176,통신장비
10,RFHIC,0.3942,36,003280,흥아해운,KOSPI,6852,해운사
10,RFHIC,0.3942,36,138080,오이솔루션,KOSDAQ,5743,통신장비
10,RFHIC,0.3942,36,003000,부광약품,KOSPI,5722,제약
10,RFHIC,0.3942,36,230240,에치에프알,KOSDAQ,4518,통신장비
10,RFHIC,0.3942,36,241770,메카로,KOSDAQ,3913,반도체와반도체장비
10,RFHIC,0.3942,36,073490,LIG아큐버,KOSDAQ,3893,통신장비
10,RFHIC,0.3942,36,389020,자람테크놀로지,KOSDAQ,3518,통신장비
10,RFHIC,0.3942,36,046120,오르비텍,KOSDAQ,3402,에너지장비및서비스
10,RFHIC,0.3942,36,321550,티움바이오,KOSDAQ,3131,제약
10,RFHIC,0.3942,36,005680,삼영전자,KOSPI,2838,전기제품
10,RFHIC,0.3942,36,018000,유니슨,KOSDAQ,2678,에너지장비및서비스
10,RFHIC,0.3942,36,078070,유비쿼스홀딩스,KOSDAQ,2492,통신장비
10,RFHIC,0.3942,36,264450,유비쿼스,KOSDAQ,2182,통신장비
10,RFHIC,0.3942,36,039560,다산네트웍스,KOSDAQ,2061,통신장비
10,RFHIC,0.3942,36,129920,대성하이텍,KOSDAQ,1758,기계
10,RFHIC,0.3942,36,106190,하이텍팜,KOSDAQ,1690,제약
10,RFHIC,0.3942,36,272550,삼양패키징,KOSPI,1586,포장재
10,RFHIC,0.3942,36,282720,금양그린파워,KOSDAQ,1565,에너지장비및서비스
10,RFHIC,0.3942,36,214390,경보제약,KOSPI,1522,제약
10,RFHIC,0.3942,36,136150,원일티엔아이,KOSDAQ,1324,에너지장비및서비스
10,RFHIC,0.3942,36,038110,에코플라스틱,KOSDAQ,1311,자동차부품
10,RFHIC,0.3942,36,008700,아남전자,KOSPI,1059,전자제품
10,RFHIC,0.3942,36,014970,삼륭물산,KOSDAQ,979,포장재
10,RFHIC,0.3942,36,096350,대창솔루션,KOSDAQ,972,조선
10,RFHIC,0.3942,36,006890,태경케미컬,KOSPI,954,화학
10,RFHIC,0.3942,36,137950,제이씨케미칼,KOSDAQ,921,에너지장비및서비스
10,RFHIC,0.3942,36,046210,HLB파나진,KOSDAQ,855,생명과학도구및서비스
10,RFHIC,0.3942,36,004440,삼일씨엔에스,KOSPI,851,건축자재
10,RFHIC,0.3942,36,261780,차백신연구소,KOSDAQ,772,제약
10,RFHIC,0.3942,36,053950,경남제약,KOSDAQ,506,제약
11,두산,0.38,67,000150,두산,KOSPI,270922,복합기업
11,두산,0.38,67,196170,알테오젠,KOSDAQ,189509,생물공학
11,두산,0.38,67,007660,이수페타시스,KOSPI,95799,전자장비와기기
11,두산,0.38,67,326030,SK바이오팜,KOSPI,77843,제약
11,두산,0.38,67,141080,리가켐바이오,KOSDAQ,72261,제약
11,두산,0.38,67,028300,HLB,KOSDAQ,71918,건강관리장비와용품
11,두산,0.38,67,087010,펩트론,KOSDAQ,62956,생물공학
11,두산,0.38,67,302440,SK바이오사이언스,KOSPI,32559,제약
11,두산,0.38,67,000155,두산우,KOSPI,27375,복합기업
11,두산,0.38,67,007070,GS리테일,KOSPI,22490,백화점과일반상점
11,두산,0.38,67,030000,제일기획,KOSPI,21742,광고
11,두산,0.38,67,039200,오스코텍,KOSDAQ,18402,제약
11,두산,0.38,67,006040,동원산업,KOSPI,16268,식품
11,두산,0.38,67,181710,NHN,KOSPI,12069,IT서비스
11,두산,0.38,67,007390,네이처셀,KOSDAQ,11765,생물공학
11,두산,0.38,67,005690,파미셀,KOSPI,10761,화학
11,두산,0.38,67,006120,SK디스커버리,KOSPI,9455,석유와가스
11,두산,0.38,67,285130,SK케미칼,KOSPI,8640,화학
11,두산,0.38,67,005880,대한해운,KOSPI,7745,해운사
11,두산,0.38,67,278280,천보,KOSDAQ,6902,전기제품
11,두산,0.38,67,009410,태영건설,KOSPI,5505,건설
11,두산,0.38,67,047920,HLB제약,KOSDAQ,5149,제약
11,두산,0.38,67,000157,두산2우B,KOSPI,5018,복합기업
11,두산,0.38,67,016590,신대양제지,KOSPI,4614,포장재
11,두산,0.38,67,002030,아세아,KOSPI,4591,건축자재
11,두산,0.38,67,067630,HLB생명과학,KOSDAQ,4584,건강관리장비와용품
11,두산,0.38,67,145720,덴티움,KOSPI,4501,건강관리장비와용품
11,두산,0.38,67,114190,강원에너지,KOSDAQ,3591,전자장비와기기
11,두산,0.38,67,088800,에이스테크,KOSDAQ,3205,통신장비
11,두산,0.38,67,108860,셀바스AI,KOSDAQ,3175,건강관리장비와용품
11,두산,0.38,67,033270,유나이티드제약,KOSPI,3080,제약
11,두산,0.38,67,095500,미래나노텍,KOSDAQ,3029,디스플레이장비및부품
11,두산,0.38,67,001340,PKC,KOSPI,2766,화학
11,두산,0.38,67,035510,신세계 I&C,KOSPI,2640,IT서비스
11,두산,0.38,67,086820,바이오솔루션,KOSDAQ,2576,생물공학
11,두산,0.38,67,003070,코오롱글로벌,KOSPI,2547,건설
11,두산,0.38,67,256840,한국비엔씨,KOSDAQ,2455,건강관리장비와용품
11,두산,0.38,67,001790,대한제당,KOSPI,2453,식품
11,두산,0.38,67,950140,잉글우드랩,KOSDAQ,2290,화장품
11,두산,0.38,67,234080,JW생명과학,KOSPI,1942,제약
11,두산,0.38,67,234690,녹십자웰빙,KOSDAQ,1929,제약
11,두산,0.38,67,123330,제닉,KOSDAQ,1824,화장품
11,두산,0.38,67,009580,무림P&P,KOSPI,1602,종이와목재
11,두산,0.38,67,040300,YTN,KOSDAQ,1485,방송과엔터테인먼트
11,두산,0.38,67,475580,에이럭스,KOSDAQ,1452,교육서비스
11,두산,0.38,67,036630,세종텔레콤,KOSDAQ,1024,다각화된통신서비스
11,두산,0.38,67,003580,HLB글로벌,KOSPI,1000,판매업체
11,두산,0.38,67,004100,태양금속,KOSPI,968,자동차부품
11,두산,0.38,67,120240,대정화금,KOSDAQ,944,화학
11,두산,0.38,67,173130,오파스넷,KOSDAQ,943,IT서비스
11,두산,0.38,67,054670,대한뉴팜,KOSDAQ,918,제약
11,두산,0.38,67,315640,딥노이드,KOSDAQ,917,IT서비스
11,두산,0.38,67,382150,온코크로스,KOSDAQ,881,생명과학도구및서비스
11,두산,0.38,67,187420,HLB제넥스,KOSDAQ,799,생물공학
11,두산,0.38,67,009200,무림페이퍼,KOSPI,777,종이와목재
11,두산,0.38,67,007280,한국특강,KOSPI,752,철강
11,두산,0.38,67,360350,코셈,KOSDAQ,710,전자장비와기기
11,두산,0.38,67,037230,한국팩키지,KOSDAQ,660,포장재
11,두산,0.38,67,226330,신테카바이오,KOSDAQ,656,건강관리업체및서비스
11,두산,0.38,67,053350,이니텍,KOSDAQ,639,소프트웨어
11,두산,0.38,67,246960,SCL사이언스,KOSDAQ,630,건강관리업체및서비스
11,두산,0.38,67,37550K,DL이앤씨우,KOSPI,580,건설
11,두산,0.38,67,28513K,SK케미칼우,KOSPI,546,화학
11,두산,0.38,67,114450,그린생명과학,KOSDAQ,546,제약
11,두산,0.38,67,361570,알비더블유,KOSDAQ,540,방송과엔터테인먼트
11,두산,0.38,67,297570,알로이스,KOSDAQ,525,전자제품
11,두산,0.38,67,006125,SK디스커버리우,KOSPI,508,석유와가스
12,삼성에스디에스,0.6311,146,018260,삼성에스디에스,KOSPI,135333,IT서비스
12,삼성에스디에스,0.6311,146,003230,삼양식품,KOSPI,98381,식품
12,삼성에스디에스,0.6311,146,267270,HD건설기계,KOSPI,85154,기계
12,삼성에스디에스,0.6311,146,241560,두산밥캣,KOSPI,67578,기계
12,삼성에스디에스,0.6311,146,120110,코오롱인더,KOSPI,25663,화학
12,삼성에스디에스,0.6311,146,069960,현대백화점,KOSPI,24454,백화점과일반상점
12,삼성에스디에스,0.6311,146,020560,아시아나항공,KOSPI,14069,항공사
12,삼성에스디에스,0.6311,146,161580,필옵틱스,KOSDAQ,12189,전자장비와기기
12,삼성에스디에스,0.6311,146,192080,더블유게임즈,KOSPI,12090,게임엔터테인먼트
12,삼성에스디에스,0.6311,146,300720,한일시멘트,KOSPI,11892,건축자재
12,삼성에스디에스,0.6311,146,090460,비에이치,KOSPI,10147,전자장비와기기
12,삼성에스디에스,0.6311,146,094170,동운아나텍,KOSDAQ,10120,반도체와반도체장비
12,삼성에스디에스,0.6311,146,192400,쿠쿠홀딩스,KOSPI,9850,가정용기기와용품
12,삼성에스디에스,0.6311,146,137310,에스디바이오센서,KOSPI,9575,건강관리장비와용품
12,삼성에스디에스,0.6311,146,358570,지아이이노베이션,KOSDAQ,8636,생물공학
12,삼성에스디에스,0.6311,146,003620,KG모빌리티,KOSPI,8115,자동차
12,삼성에스디에스,0.6311,146,317450,명인제약,KOSPI,7562,제약
12,삼성에스디에스,0.6311,146,114090,GKL,KOSPI,6927,"호텔,레스토랑,레저"
12,삼성에스디에스,0.6311,146,002840,미원상사,KOSPI,6502,화학
12,삼성에스디에스,0.6311,146,019170,신풍제약,KOSPI,5918,제약
12,삼성에스디에스,0.6311,146,001530,DI동일,KOSPI,5727,"섬유,의류,신발,호화품"
12,삼성에스디에스,0.6311,146,031430,신세계인터내셔날,KOSPI,5699,"섬유,의류,신발,호화품"
12,삼성에스디에스,0.6311,146,018290,브이티,KOSDAQ,5569,화장품
12,삼성에스디에스,0.6311,146,284740,쿠쿠홈시스,KOSPI,5317,가정용기기와용품
12,삼성에스디에스,0.6311,146,356680,엑스게이트,KOSDAQ,5252,소프트웨어
12,삼성에스디에스,0.6311,146,034950,한국기업평가,KOSDAQ,4826,상업서비스와공급품
12,삼성에스디에스,0.6311,146,340570,티앤엘,KOSDAQ,4267,건강관리장비와용품
12,삼성에스디에스,0.6311,146,179900,유티아이,KOSDAQ,4027,핸드셋
12,삼성에스디에스,0.6311,146,036890,진성티이씨,KOSDAQ,3926,기계
12,삼성에스디에스,0.6311,146,025770,한국정보통신,KOSDAQ,3909,IT서비스
12,삼성에스디에스,0.6311,146,001390,KG케미칼,KOSPI,3704,자동차
12,삼성에스디에스,0.6311,146,011760,현대코퍼레이션,KOSPI,3677,무역회사와판매업체
12,삼성에스디에스,0.6311,146,203650,드림시큐리티,KOSDAQ,3573,상업서비스와공급품
12,삼성에스디에스,0.6311,146,456010,아이씨티케이,KOSDAQ,3002,통신장비
12,삼성에스디에스,0.6311,146,488280,에스투더블유,KOSDAQ,2993,IT서비스
12,삼성에스디에스,0.6311,146,151860,KG에코솔루션,KOSDAQ,2979,자동차
12,삼성에스디에스,0.6311,146,000680,LS네트웍스,KOSPI,2955,증권
12,삼성에스디에스,0.6311,146,054950,제이브이엠,KOSDAQ,2865,건강관리장비와용품
12,삼성에스디에스,0.6311,146,036800,나이스정보통신,KOSDAQ,2785,상업서비스와공급품
12,삼성에스디에스,0.6311,146,067080,대화제약,KOSDAQ,2766,제약
12,삼성에스디에스,0.6311,146,017890,한국알콜,KOSDAQ,2744,화학
12,삼성에스디에스,0.6311,146,194700,노바렉스,KOSDAQ,2645,건강관리업체및서비스
12,삼성에스디에스,0.6311,146,044450,KSS해운,KOSPI,2606,해운사
12,삼성에스디에스,0.6311,146,004980,성신양회,KOSPI,2522,건축자재
12,삼성에스디에스,0.6311,146,036030,케이티알파,KOSDAQ,2460,인터넷과카탈로그소매
12,삼성에스디에스,0.6311,146,452450,피아이이,KOSDAQ,2341,IT서비스
12,삼성에스디에스,0.6311,146,115500,케이씨에스,KOSDAQ,2313,IT서비스
12,삼성에스디에스,0.6311,146,095700,제넥신,KOSDAQ,2313,생물공학
12,삼성에스디에스,0.6311,146,000480,CR홀딩스,KOSPI,2250,비철금속
12,삼성에스디에스,0.6311,146,025000,KPX케미칼,KOSPI,2224,화학
12,삼성에스디에스,0.6311,146,298690,에어부산,KOSPI,2166,항공사
12,삼성에스디에스,0.6311,146,119610,인터로조,KOSDAQ,2157,건강관리장비와용품
12,삼성에스디에스,0.6311,146,002150,도화엔지니어링,KOSPI,2131,건설
12,삼성에스디에스,0.6311,146,121440,골프존홀딩스,KOSDAQ,2026,레저용장비와제품
12,삼성에스디에스,0.6311,146,054920,한컴위드,KOSDAQ,2017,비철금속
12,삼성에스디에스,0.6311,146,060150,인선이엔티,KOSDAQ,1937,상업서비스와공급품
12,삼성에스디에스,0.6311,146,377450,리파인,KOSDAQ,1901,상업서비스와공급품
12,삼성에스디에스,0.6311,146,445180,퓨릿,KOSDAQ,1873,반도체와반도체장비
12,삼성에스디에스,0.6311,146,158430,아톤,KOSDAQ,1850,소프트웨어
12,삼성에스디에스,0.6311,146,187790,나노,KOSDAQ,1838,화학
12,삼성에스디에스,0.6311,146,149950,아바텍,KOSDAQ,1827,디스플레이장비및부품
12,삼성에스디에스,0.6311,146,462520,조선내화,KOSPI,1713,비철금속
12,삼성에스디에스,0.6311,146,293480,하나제약,KOSPI,1654,제약
12,삼성에스디에스,0.6311,146,083500,에프엔에스테크,KOSDAQ,1637,디스플레이장비및부품
12,삼성에스디에스,0.6311,146,049960,쎌바이오텍,KOSDAQ,1625,생물공학
12,삼성에스디에스,0.6311,146,069510,에스텍,KOSDAQ,1611,전자장비와기기
12,삼성에스디에스,0.6311,146,000970,한국주철관,KOSPI,1568,철강
12,삼성에스디에스,0.6311,146,290690,소룩스,KOSDAQ,1562,디스플레이장비및부품
12,삼성에스디에스,0.6311,146,148150,세경하이테크,KOSDAQ,1556,핸드셋
12,삼성에스디에스,0.6311,146,210540,디와이파워,KOSPI,1551,기계
12,삼성에스디에스,0.6311,146,042510,라온시큐어,KOSDAQ,1479,소프트웨어
12,삼성에스디에스,0.6311,146,094280,효성ITX,KOSPI,1454,상업서비스와공급품
12,삼성에스디에스,0.6311,146,015890,태경산업,KOSPI,1416,비철금속
12,삼성에스디에스,0.6311,146,263720,디앤씨미디어,KOSDAQ,1408,출판
12,삼성에스디에스,0.6311,146,263860,지니언스,KOSDAQ,1399,소프트웨어
12,삼성에스디에스,0.6311,146,089600,KT나스미디어,KOSDAQ,1331,광고
12,삼성에스디에스,0.6311,146,083420,그린케미칼,KOSPI,1315,화학
12,삼성에스디에스,0.6311,146,109610,에스와이,KOSDAQ,1313,건축자재
12,삼성에스디에스,0.6311,146,066310,큐에스아이,KOSDAQ,1311,반도체와반도체장비
12,삼성에스디에스,0.6311,146,067900,와이엔텍,KOSDAQ,1304,해운사
12,삼성에스디에스,0.6311,146,443670,에스피소프트,KOSDAQ,1303,IT서비스
12,삼성에스디에스,0.6311,146,036220,오상헬스케어,KOSDAQ,1289,생명과학도구및서비스
12,삼성에스디에스,0.6311,146,014580,태경비케이,KOSPI,1282,비철금속
12,삼성에스디에스,0.6311,146,052260,현대바이오랜드,KOSDAQ,1278,화장품
12,삼성에스디에스,0.6311,146,096250,와이즈넛,KOSDAQ,1264,소프트웨어
12,삼성에스디에스,0.6311,146,086710,선진뷰티사이언스,KOSDAQ,1247,화장품
12,삼성에스디에스,0.6311,146,042500,링네트,KOSDAQ,1181,IT서비스
12,삼성에스디에스,0.6311,146,227840,현대코퍼레이션홀딩스,KOSPI,1180,식품과기본식료품소매
12,삼성에스디에스,0.6311,146,092040,아미코젠,KOSDAQ,1180,생물공학
12,삼성에스디에스,0.6311,146,253840,수젠텍,KOSDAQ,1177,건강관리장비와용품
12,삼성에스디에스,0.6311,146,411080,샌즈랩,KOSDAQ,1145,소프트웨어
12,삼성에스디에스,0.6311,146,377480,마음AI,KOSDAQ,1129,IT서비스
12,삼성에스디에스,0.6311,146,002450,삼익악기,KOSPI,1119,레저용장비와제품
12,삼성에스디에스,0.6311,146,228670,레이,KOSDAQ,1096,건강관리장비와용품
12,삼성에스디에스,0.6311,146,058850,KTcs,KOSPI,1088,상업서비스와공급품
12,삼성에스디에스,0.6311,146,463020,뉴엔AI,KOSDAQ,1079,IT서비스
12,삼성에스디에스,0.6311,146,053580,웹케시,KOSDAQ,1055,소프트웨어
12,삼성에스디에스,0.6311,146,205470,휴마시스,KOSDAQ,1046,생명과학도구및서비스
12,삼성에스디에스,0.6311,146,352090,스톰테크,KOSDAQ,1042,가정용기기와용품
12,삼성에스디에스,0.6311,146,084650,랩지노믹스,KOSDAQ,1031,생명과학도구및서비스
12,삼성에스디에스,0.6311,146,036420,콘텐트리중앙,KOSPI,1005,방송과엔터테인먼트
12,삼성에스디에스,0.6311,146,299660,셀리드,KOSDAQ,978,생물공학
12,삼성에스디에스,0.6311,146,082850,우리바이오,KOSDAQ,971,디스플레이장비및부품
12,삼성에스디에스,0.6311,146,007980,TP,KOSPI,949,"섬유,의류,신발,호화품"
12,삼성에스디에스,0.6311,146,060590,씨티씨바이오,KOSDAQ,945,제약
12,삼성에스디에스,0.6311,146,234300,에스트래픽,KOSDAQ,938,IT서비스
12,삼성에스디에스,0.6311,146,072020,중앙백신,KOSDAQ,936,제약
12,삼성에스디에스,0.6311,146,347860,알체라,KOSDAQ,935,소프트웨어
12,삼성에스디에스,0.6311,146,054040,한국컴퓨터,KOSDAQ,908,디스플레이장비및부품
12,삼성에스디에스,0.6311,146,020710,시공테크,KOSDAQ,906,"호텔,레스토랑,레저"
12,삼성에스디에스,0.6311,146,033230,인성정보,KOSDAQ,905,IT서비스
12,삼성에스디에스,0.6311,146,039610,화성밸브,KOSDAQ,905,기계
12,삼성에스디에스,0.6311,146,038680,에스넷,KOSDAQ,902,IT서비스
12,삼성에스디에스,0.6311,146,049480,오픈베이스,KOSDAQ,898,컴퓨터와주변기기
12,삼성에스디에스,0.6311,146,012700,리드코프,KOSDAQ,897,석유와가스
12,삼성에스디에스,0.6311,146,044340,위닉스,KOSDAQ,891,가정용기기와용품
12,삼성에스디에스,0.6311,146,001260,남광토건,KOSPI,884,건설
12,삼성에스디에스,0.6311,146,009180,한솔로지스틱스,KOSPI,878,항공화물운송과물류
12,삼성에스디에스,0.6311,146,347000,센코,KOSDAQ,875,전자장비와기기
12,삼성에스디에스,0.6311,146,039010,현대에이치티,KOSDAQ,868,통신장비
12,삼성에스디에스,0.6311,146,171120,라이온켐텍,KOSDAQ,861,건축자재
12,삼성에스디에스,0.6311,146,451250,삐아,KOSDAQ,833,화장품
12,삼성에스디에스,0.6311,146,263800,데이타솔루션,KOSDAQ,827,IT서비스
12,삼성에스디에스,0.6311,146,036640,HRS,KOSDAQ,825,화학
12,삼성에스디에스,0.6311,146,222110,팬젠,KOSDAQ,823,생물공학
12,삼성에스디에스,0.6311,146,120115,코오롱인더우,KOSPI,787,화학
12,삼성에스디에스,0.6311,146,123420,위메이드플레이,KOSDAQ,775,게임엔터테인먼트
12,삼성에스디에스,0.6311,146,006090,사조오양,KOSPI,769,식품
12,삼성에스디에스,0.6311,146,016090,대현,KOSPI,761,"섬유,의류,신발,호화품"
12,삼성에스디에스,0.6311,146,318160,셀바이오휴먼텍,KOSDAQ,727,화장품
12,삼성에스디에스,0.6311,146,250030,진코스텍,KOSDAQ,722,화장품
12,삼성에스디에스,0.6311,146,024900,디와이덕양,KOSPI,706,자동차부품
12,삼성에스디에스,0.6311,146,067920,이글루,KOSDAQ,705,IT서비스
12,삼성에스디에스,0.6311,146,347740,피엔케이피부임상연구센타,KOSDAQ,705,생명과학도구및서비스
12,삼성에스디에스,0.6311,146,170790,파이오링크,KOSDAQ,699,통신장비
12,삼성에스디에스,0.6311,146,038060,루멘스,KOSDAQ,677,디스플레이장비및부품
12,삼성에스디에스,0.6311,146,185490,아이진,KOSDAQ,645,생물공학
12,삼성에스디에스,0.6311,146,263690,디알젬,KOSDAQ,635,건강관리장비와용품
12,삼성에스디에스,0.6311,146,465480,인스피언,KOSDAQ,596,IT서비스
12,삼성에스디에스,0.6311,146,321820,아티스트컴퍼니,KOSDAQ,588,방송과엔터테인먼트
12,삼성에스디에스,0.6311,146,024950,삼천리자전거,KOSDAQ,587,레저용장비와제품
12,삼성에스디에스,0.6311,146,023350,한국종합기술,KOSPI,556,건설
12,삼성에스디에스,0.6311,146,239890,피엔에이치테크,KOSDAQ,547,디스플레이장비및부품
12,삼성에스디에스,0.6311,146,171010,램테크놀러지,KOSDAQ,545,반도체와반도체장비
12,삼성에스디에스,0.6311,146,434480,모니터랩,KOSDAQ,526,소프트웨어
12,삼성에스디에스,0.6311,146,430690,한싹,KOSDAQ,512,소프트웨어
13,삼성생명,0.7072,59,032830,삼성생명,KOSPI,610000,생명보험
13,삼성생명,0.7072,59,034730,SK,KOSPI,392964,석유와가스
13,삼성생명,0.7072,59,005490,POSCO홀딩스,KOSPI,381746,철강
13,삼성생명,0.7072,59,006260,LS,KOSPI,161928,전기장비
13,삼성생명,0.7072,59,001440,대한전선,KOSPI,121750,전기장비
13,삼성생명,0.7072,59,016360,삼성증권,KOSPI,115822,증권
13,삼성생명,0.7072,59,062040,산일전기,KOSPI,94602,전기장비
13,삼성생명,0.7072,59,000500,가온전선,KOSPI,91483,전기장비
13,삼성생명,0.7072,59,336260,두산퓨얼셀,KOSPI,59337,전기제품
13,삼성생명,0.7072,59,011790,SKC,KOSPI,54265,화학
13,삼성생명,0.7072,59,222800,심텍,KOSDAQ,42146,전자장비와기기
13,삼성생명,0.7072,59,229640,LS에코에너지,KOSPI,28450,전기장비
13,삼성생명,0.7072,59,060370,LS마린솔루션,KOSDAQ,20451,건설
13,삼성생명,0.7072,59,003470,유안타증권,KOSPI,12933,증권
13,삼성생명,0.7072,59,001740,SK네트웍스,KOSPI,12326,복합기업
13,삼성생명,0.7072,59,006340,대원전선,KOSPI,11958,전기장비
13,삼성생명,0.7072,59,033100,제룡전기,KOSDAQ,11950,전기장비
13,삼성생명,0.7072,59,092190,서울바이오시스,KOSDAQ,7027,디스플레이장비및부품
13,삼성생명,0.7072,59,015860,일진홀딩스,KOSPI,6977,전기장비
13,삼성생명,0.7072,59,089010,켐트로닉스,KOSDAQ,6775,전자장비와기기
13,삼성생명,0.7072,59,041830,인바디,KOSDAQ,6207,건강관리장비와용품
13,삼성생명,0.7072,59,008060,대덕,KOSPI,6094,전자장비와기기
13,삼성생명,0.7072,59,453340,현대그린푸드,KOSPI,5824,식품
13,삼성생명,0.7072,59,254490,미래반도체,KOSDAQ,5363,반도체와반도체장비
13,삼성생명,0.7072,59,317330,덕산테코피아,KOSDAQ,5262,반도체와반도체장비
13,삼성생명,0.7072,59,004710,한솔테크닉스,KOSPI,4744,전자장비와기기
13,삼성생명,0.7072,59,243070,휴온스,KOSDAQ,4342,제약
13,삼성생명,0.7072,59,355150,코스텍시스,KOSDAQ,4288,반도체와반도체장비
13,삼성생명,0.7072,59,078150,HB테크놀러지,KOSDAQ,4070,디스플레이장비및부품
13,삼성생명,0.7072,59,199820,제일일렉트릭,KOSDAQ,3848,전기장비
13,삼성생명,0.7072,59,024840,KBI메탈,KOSDAQ,2919,전기장비
13,삼성생명,0.7072,59,036710,심텍홀딩스,KOSDAQ,2815,전자장비와기기
13,삼성생명,0.7072,59,007610,선도전기,KOSPI,2574,전기장비
13,삼성생명,0.7072,59,147830,제룡산업,KOSDAQ,2334,전기장비
13,삼성생명,0.7072,59,396270,넥스트칩,KOSDAQ,2210,반도체와반도체장비
13,삼성생명,0.7072,59,03473K,SK우,KOSPI,2139,석유와가스
13,삼성생명,0.7072,59,017510,세명전기,KOSDAQ,2105,전기장비
13,삼성생명,0.7072,59,297890,HB솔루션,KOSDAQ,1788,디스플레이장비및부품
13,삼성생명,0.7072,59,003100,선광,KOSDAQ,1719,운송인프라
13,삼성생명,0.7072,59,078890,가온그룹,KOSDAQ,1713,전자제품
13,삼성생명,0.7072,59,013310,아진산업,KOSDAQ,1591,자동차부품
13,삼성생명,0.7072,59,262260,에이프로,KOSDAQ,1584,전자장비와기기
13,삼성생명,0.7072,59,33626K,두산퓨얼셀1우,KOSPI,1543,전기제품
13,삼성생명,0.7072,59,007460,에이프로젠,KOSPI,1484,제약
13,삼성생명,0.7072,59,396470,워트,KOSDAQ,1450,반도체와반도체장비
13,삼성생명,0.7072,59,222040,코스맥스엔비티,KOSDAQ,1419,건강관리업체및서비스
13,삼성생명,0.7072,59,032580,피델릭스,KOSDAQ,1063,반도체와반도체장비
13,삼성생명,0.7072,59,004590,한국가구,KOSDAQ,1038,식품과기본식료품소매
13,삼성생명,0.7072,59,452200,민테크,KOSDAQ,1035,전기제품
13,삼성생명,0.7072,59,142280,녹십자엠에스,KOSDAQ,1016,건강관리장비와용품
13,삼성생명,0.7072,59,320000,한울반도체,KOSDAQ,998,전자장비와기기
13,삼성생명,0.7072,59,060310,3S,KOSDAQ,983,기계
13,삼성생명,0.7072,59,067170,오텍,KOSDAQ,968,가정용기기와용품
13,삼성생명,0.7072,59,302430,이노메트리,KOSDAQ,942,전기제품
13,삼성생명,0.7072,59,123010,알엔티엑스,KOSDAQ,875,핸드셋
13,삼성생명,0.7072,59,35320K,대덕전자1우,KOSPI,850,전자장비와기기
13,삼성생명,0.7072,59,408900,스튜디오미르,KOSDAQ,799,방송과엔터테인먼트
13,삼성생명,0.7072,59,003060,에이프로젠바이오로직스,KOSPI,648,제약
13,삼성생명,0.7072,59,006345,대원전선우,KOSPI,575,전기장비
14,SK스퀘어,0.6148,58,402340,SK스퀘어,KOSPI,1547871,복합기업
14,SK스퀘어,0.6148,58,329180,HD현대중공업,KOSPI,757820,조선
14,SK스퀘어,0.6148,58,009540,HD한국조선해양,KOSPI,326971,조선
14,SK스퀘어,0.6148,58,064350,현대로템,KOSPI,234110,우주항공과국방
14,SK스퀘어,0.6148,58,036930,주성엔지니어링,KOSDAQ,74741,반도체와반도체장비
14,SK스퀘어,0.6148,58,034220,LG디스플레이,KOSPI,71750,디스플레이패널
14,SK스퀘어,0.6148,58,082740,한화엔진,KOSPI,65756,조선
14,SK스퀘어,0.6148,58,036570,NC,KOSPI,53429,게임엔터테인먼트
14,SK스퀘어,0.6148,58,071970,HD현대마린엔진,KOSPI,29613,조선
14,SK스퀘어,0.6148,58,097230,HJ중공업,KOSPI,22393,건설
14,SK스퀘어,0.6148,58,095610,테스,KOSDAQ,22264,반도체와반도체장비
14,SK스퀘어,0.6148,58,192820,코스맥스,KOSPI,21439,화장품
14,SK스퀘어,0.6148,58,183300,코미코,KOSDAQ,18525,반도체와반도체장비
14,SK스퀘어,0.6148,58,003570,SNT다이내믹스,KOSPI,16892,자동차부품
14,SK스퀘어,0.6148,58,281820,케이씨텍,KOSPI,14156,반도체와반도체장비
14,SK스퀘어,0.6148,58,075580,세진중공업,KOSPI,10238,조선
14,SK스퀘어,0.6148,58,053610,프로텍,KOSDAQ,9471,반도체와반도체장비
14,SK스퀘어,0.6148,58,484870,엠앤씨솔루션,KOSPI,9034,우주항공과국방
14,SK스퀘어,0.6148,58,033500,동성화인텍,KOSDAQ,7302,화학
14,SK스퀘어,0.6148,58,460930,현대힘스,KOSDAQ,6494,조선
14,SK스퀘어,0.6148,58,041960,코미팜,KOSDAQ,6405,제약
14,SK스퀘어,0.6148,58,122640,예스티,KOSDAQ,5849,반도체와반도체장비
14,SK스퀘어,0.6148,58,328130,루닛,KOSDAQ,5382,건강관리기술
14,SK스퀘어,0.6148,58,394280,오픈엣지테크놀로지,KOSDAQ,4992,반도체와반도체장비
14,SK스퀘어,0.6148,58,484590,삼양컴텍,KOSDAQ,4533,우주항공과국방
14,SK스퀘어,0.6148,58,441270,파인엠텍,KOSDAQ,4377,핸드셋
14,SK스퀘어,0.6148,58,170920,엘티씨,KOSDAQ,4262,반도체와반도체장비
14,SK스퀘어,0.6148,58,029460,케이씨,KOSPI,4220,반도체와반도체장비
14,SK스퀘어,0.6148,58,265520,AP시스템,KOSDAQ,4138,디스플레이장비및부품
14,SK스퀘어,0.6148,58,036200,유니셈,KOSDAQ,3731,반도체와반도체장비
14,SK스퀘어,0.6148,58,014940,오리엔탈정공,KOSDAQ,3313,조선
14,SK스퀘어,0.6148,58,061970,LB세미콘,KOSDAQ,3177,반도체와반도체장비
14,SK스퀘어,0.6148,58,083310,엘오티베큠,KOSDAQ,2806,반도체와반도체장비
14,SK스퀘어,0.6148,58,405100,큐알티,KOSDAQ,2666,반도체와반도체장비
14,SK스퀘어,0.6148,58,108380,대양전기공업,KOSDAQ,2645,조선
14,SK스퀘어,0.6148,58,084680,이월드,KOSPI,2538,"섬유,의류,신발,호화품"
14,SK스퀘어,0.6148,58,013890,지누스,KOSPI,2530,가구
14,SK스퀘어,0.6148,58,206640,바디텍메드,KOSDAQ,2458,생명과학도구및서비스
14,SK스퀘어,0.6148,58,125020,티씨머티리얼즈,KOSDAQ,2354,전기장비
14,SK스퀘어,0.6148,58,102120,어보브반도체,KOSDAQ,2320,반도체와반도체장비
14,SK스퀘어,0.6148,58,146320,비씨엔씨,KOSDAQ,2303,반도체와반도체장비
14,SK스퀘어,0.6148,58,264660,씨앤지하이테크,KOSDAQ,2231,반도체와반도체장비
14,SK스퀘어,0.6148,58,053080,케이엔솔,KOSDAQ,1851,기계
14,SK스퀘어,0.6148,58,333430,일승,KOSDAQ,1680,조선
14,SK스퀘어,0.6148,58,012800,대창,KOSPI,1675,비철금속
14,SK스퀘어,0.6148,58,077500,유니퀘스트,KOSPI,1566,반도체와반도체장비
14,SK스퀘어,0.6148,58,008040,사조동아원,KOSPI,1491,식품
14,SK스퀘어,0.6148,58,079430,현대리바트,KOSPI,1444,가구
14,SK스퀘어,0.6148,58,045970,코아시아,KOSDAQ,1434,핸드셋
14,SK스퀘어,0.6148,58,310200,애니플러스,KOSDAQ,1374,방송과엔터테인먼트
14,SK스퀘어,0.6148,58,036010,아비코전자,KOSDAQ,1276,전기제품
14,SK스퀘어,0.6148,58,217190,제너셈,KOSDAQ,1023,반도체와반도체장비
14,SK스퀘어,0.6148,58,147760,피엠티,KOSDAQ,781,반도체와반도체장비
14,SK스퀘어,0.6148,58,021050,서원,KOSPI,776,비철금속
14,SK스퀘어,0.6148,58,087260,모바일어플라이언스,KOSDAQ,747,자동차부품
14,SK스퀘어,0.6148,58,045340,토탈소프트,KOSDAQ,590,운송인프라
14,SK스퀘어,0.6148,58,004920,씨아이테크,KOSPI,565,컴퓨터와주변기기
14,SK스퀘어,0.6148,58,464500,아이언디바이스,KOSDAQ,507,반도체와반도체장비
15,삼성전기,0.6086,211,009150,삼성전기,KOSPI,774573,전자장비와기기
15,삼성전기,0.6086,211,006400,삼성SDI,KOSPI,514941,전기제품
15,삼성전기,0.6086,211,011070,LG이노텍,KOSPI,175373,전자장비와기기
15,삼성전기,0.6086,211,278470,에이피알,KOSPI,149939,화장품
15,삼성전기,0.6086,211,259960,크래프톤,KOSPI,128950,게임엔터테인먼트
15,삼성전기,0.6086,211,047040,대우건설,KOSPI,120395,건설
15,삼성전기,0.6086,211,028050,삼성E&A,KOSPI,103880,건설
15,삼성전기,0.6086,211,443060,HD현대마린솔루션,KOSPI,102892,조선
15,삼성전기,0.6086,211,021240,코웨이,KOSPI,67158,가정용기기와용품
15,삼성전기,0.6086,211,010060,OCI홀딩스,KOSPI,63478,화학
15,삼성전기,0.6086,211,004020,현대제철,KOSPI,59116,철강
15,삼성전기,0.6086,211,440110,파두,KOSDAQ,49495,반도체와반도체장비
15,삼성전기,0.6086,211,023530,롯데쇼핑,KOSPI,46025,백화점과일반상점
15,삼성전기,0.6086,211,051900,LG생활건강,KOSPI,39250,화장품
15,삼성전기,0.6086,211,011170,롯데케미칼,KOSPI,37514,화학
15,삼성전기,0.6086,211,012510,더존비즈온,KOSPI,36473,소프트웨어
15,삼성전기,0.6086,211,020150,롯데에너지머티리얼즈,KOSPI,35503,전자장비와기기
15,삼성전기,0.6086,211,131970,두산테스나,KOSDAQ,32527,반도체와반도체장비
15,삼성전기,0.6086,211,483650,달바글로벌,KOSPI,30619,화장품
15,삼성전기,0.6086,211,082920,비츠로셀,KOSDAQ,27294,전기제품
15,삼성전기,0.6086,211,007340,DN오토모티브,KOSPI,26827,자동차부품
15,삼성전기,0.6086,211,008770,호텔신라,KOSPI,24059,백화점과일반상점
15,삼성전기,0.6086,211,161890,한국콜마,KOSPI,23062,화장품
15,삼성전기,0.6086,211,078600,대주전자재료,KOSDAQ,22678,전자장비와기기
15,삼성전기,0.6086,211,131290,티에스이,KOSDAQ,20220,반도체와반도체장비
15,삼성전기,0.6086,211,077970,STX엔진,KOSPI,19873,조선
15,삼성전기,0.6086,211,004000,롯데정밀화학,KOSPI,15015,화학
15,삼성전기,0.6086,211,012630,HDC,KOSPI,14845,건설
15,삼성전기,0.6086,211,033790,피노,KOSDAQ,12728,전기제품
15,삼성전기,0.6086,211,006110,삼아알미늄,KOSPI,12673,비철금속
15,삼성전기,0.6086,211,213420,덕산네오룩스,KOSDAQ,12614,디스플레이장비및부품
15,삼성전기,0.6086,211,052020,에스티큐브,KOSDAQ,12345,판매업체
15,삼성전기,0.6086,211,083450,GST,KOSDAQ,11850,반도체와반도체장비
15,삼성전기,0.6086,211,456040,OCI,KOSPI,11763,화학
15,삼성전기,0.6086,211,199800,툴젠,KOSDAQ,11647,생물공학
15,삼성전기,0.6086,211,009155,삼성전기우,KOSPI,11627,전자장비와기기
15,삼성전기,0.6086,211,046890,서울반도체,KOSDAQ,10349,디스플레이장비및부품
15,삼성전기,0.6086,211,009450,경동나비엔,KOSPI,10329,가정용기기와용품
15,삼성전기,0.6086,211,248070,솔루엠,KOSPI,10065,전자장비와기기
15,삼성전기,0.6086,211,108320,LX세미콘,KOSPI,9986,디스플레이장비및부품
15,삼성전기,0.6086,211,327260,RF머트리얼즈,KOSDAQ,9752,우주항공과국방
15,삼성전기,0.6086,211,006650,대한유화,KOSPI,9483,화학
15,삼성전기,0.6086,211,014620,성광벤드,KOSDAQ,9441,기계
15,삼성전기,0.6086,211,031330,에스에이엠티,KOSDAQ,9309,전자장비와기기
15,삼성전기,0.6086,211,044490,태웅,KOSDAQ,9073,에너지장비및서비스
15,삼성전기,0.6086,211,178920,PI첨단소재,KOSPI,8486,화학
15,삼성전기,0.6086,211,336370,솔루스첨단소재,KOSPI,8025,전자장비와기기
15,삼성전기,0.6086,211,059090,미코,KOSDAQ,7936,반도체와반도체장비
15,삼성전기,0.6086,211,005090,SGC에너지,KOSPI,7651,에너지장비및서비스
15,삼성전기,0.6086,211,425420,티에프이,KOSDAQ,7556,반도체와반도체장비
15,삼성전기,0.6086,211,033640,네패스,KOSDAQ,7390,반도체와반도체장비
15,삼성전기,0.6086,211,001820,삼화콘덴서,KOSPI,6756,전기제품
15,삼성전기,0.6086,211,290550,디케이티,KOSDAQ,6580,핸드셋
15,삼성전기,0.6086,211,016380,KG스틸,KOSPI,6550,철강
15,삼성전기,0.6086,211,460860,동국제강,KOSPI,6468,철강
15,삼성전기,0.6086,211,009900,명신산업,KOSPI,6406,자동차부품
15,삼성전기,0.6086,211,330860,네패스아크,KOSDAQ,6347,반도체와반도체장비
15,삼성전기,0.6086,211,033160,엠케이전자,KOSDAQ,6242,반도체와반도체장비
15,삼성전기,0.6086,211,010820,퍼스텍,KOSPI,6076,우주항공과국방
15,삼성전기,0.6086,211,101930,인화정공,KOSDAQ,6066,조선
15,삼성전기,0.6086,211,271940,일진하이솔루스,KOSPI,5937,자동차부품
15,삼성전기,0.6086,211,393890,더블유씨피,KOSDAQ,5702,전기제품
15,삼성전기,0.6086,211,168360,펨트론,KOSDAQ,5567,전자장비와기기
15,삼성전기,0.6086,211,403550,쏘카,KOSPI,5527,도로와철도운송
15,삼성전기,0.6086,211,107640,한중엔시에스,KOSDAQ,5411,전기장비
15,삼성전기,0.6086,211,080580,오킨스전자,KOSDAQ,5367,반도체와반도체장비
15,삼성전기,0.6086,211,006405,삼성SDI우,KOSPI,5201,전기제품
15,삼성전기,0.6086,211,425040,티이엠씨,KOSDAQ,5022,반도체와반도체장비
15,삼성전기,0.6086,211,002710,TCC스틸,KOSPI,4713,철강
15,삼성전기,0.6086,211,092790,넥스틸,KOSPI,4703,철강
15,삼성전기,0.6086,211,013030,하이록코리아,KOSDAQ,4671,기계
15,삼성전기,0.6086,211,306200,세아제강,KOSPI,4501,철강
15,삼성전기,0.6086,211,452280,한선엔지니어링,KOSDAQ,4484,기계
15,삼성전기,0.6086,211,058430,포스코스틸리온,KOSPI,4434,비철금속
15,삼성전기,0.6086,211,003720,삼영,KOSPI,4348,화학
15,삼성전기,0.6086,211,064820,케이프,KOSDAQ,4246,증권
15,삼성전기,0.6086,211,009160,SIMPAC,KOSPI,4203,비철금속
15,삼성전기,0.6086,211,042370,비츠로테크,KOSDAQ,4202,전기제품
15,삼성전기,0.6086,211,0008Z0,에스엔시스,KOSDAQ,4170,조선
15,삼성전기,0.6086,211,160980,싸이맥스,KOSDAQ,4123,반도체와반도체장비
15,삼성전기,0.6086,211,378340,필에너지,KOSDAQ,3883,전기제품
15,삼성전기,0.6086,211,065680,우주일렉트로,KOSDAQ,3880,핸드셋
15,삼성전기,0.6086,211,086390,유니테스트,KOSDAQ,3863,반도체와반도체장비
15,삼성전기,0.6086,211,084850,아이티엠반도체,KOSDAQ,3842,전자장비와기기
15,삼성전기,0.6086,211,078520,에이블씨엔씨,KOSPI,3712,화장품
15,삼성전기,0.6086,211,419530,SAMG엔터,KOSDAQ,3710,방송과엔터테인먼트
15,삼성전기,0.6086,211,017860,DS단석,KOSPI,3649,화학
15,삼성전기,0.6086,211,064290,인텍플러스,KOSDAQ,3595,반도체와반도체장비
15,삼성전기,0.6086,211,418550,제이오,KOSDAQ,3582,건설
15,삼성전기,0.6086,211,104700,한국철강,KOSPI,3553,철강
15,삼성전기,0.6086,211,099430,바이오플러스,KOSDAQ,3519,건강관리장비와용품
15,삼성전기,0.6086,211,243840,신흥에스이씨,KOSDAQ,3485,전기제품
15,삼성전기,0.6086,211,024720,콜마홀딩스,KOSPI,3484,화장품
15,삼성전기,0.6086,211,108670,LX하우시스,KOSPI,3474,건축자재
15,삼성전기,0.6086,211,092460,한라IMS,KOSDAQ,3464,조선
15,삼성전기,0.6086,211,064850,에프앤가이드,KOSDAQ,3451,IT서비스
15,삼성전기,0.6086,211,232530,이엠티,KOSDAQ,3345,전기제품
15,삼성전기,0.6086,211,001250,GS글로벌,KOSPI,3326,무역회사와판매업체
15,삼성전기,0.6086,211,098120,마이크로컨텍솔,KOSDAQ,3316,반도체와반도체장비
15,삼성전기,0.6086,211,005010,휴스틸,KOSPI,3298,철강
15,삼성전기,0.6086,211,900140,엘브이엠씨홀딩스,KOSPI,3288,자동차
15,삼성전기,0.6086,211,448280,에코아이,KOSDAQ,3259,상업서비스와공급품
15,삼성전기,0.6086,211,091580,상신이디피,KOSDAQ,3252,전기제품
15,삼성전기,0.6086,211,402490,그린리소스,KOSDAQ,3188,반도체와반도체장비
15,삼성전기,0.6086,211,052710,아모텍,KOSDAQ,3113,핸드셋
15,삼성전기,0.6086,211,432720,퀄리타스반도체,KOSDAQ,3100,반도체와반도체장비
15,삼성전기,0.6086,211,003920,남양유업,KOSPI,3030,식품
15,삼성전기,0.6086,211,251370,와이엠티,KOSDAQ,2987,화학
15,삼성전기,0.6086,211,004430,송원산업,KOSPI,2930,화학
15,삼성전기,0.6086,211,439090,마녀공장,KOSDAQ,2893,화장품
15,삼성전기,0.6086,211,322310,오로스테크놀로지,KOSDAQ,2852,반도체와반도체장비
15,삼성전기,0.6086,211,382800,지앤비에스 에코,KOSDAQ,2848,반도체와반도체장비
15,삼성전기,0.6086,211,051360,토비스,KOSDAQ,2756,디스플레이장비및부품
15,삼성전기,0.6086,211,388050,지투파워,KOSDAQ,2536,전기장비
15,삼성전기,0.6086,211,051905,LG생활건강우,KOSPI,2301,화장품
15,삼성전기,0.6086,211,461300,아이스크림미디어,KOSDAQ,2295,교육서비스
15,삼성전기,0.6086,211,487570,HS효성,KOSPI,2269,복합기업
15,삼성전기,0.6086,211,011560,세보엠이씨,KOSDAQ,2251,건설
15,삼성전기,0.6086,211,125210,아모그린텍,KOSDAQ,2230,화학
15,삼성전기,0.6086,211,052330,코텍,KOSDAQ,2205,디스플레이패널
15,삼성전기,0.6086,211,163730,핑거,KOSDAQ,2168,IT서비스
15,삼성전기,0.6086,211,073010,케이에스피,KOSDAQ,2166,조선
15,삼성전기,0.6086,211,041020,폴라리스오피스,KOSDAQ,2123,자동차부품
15,삼성전기,0.6086,211,016580,환인제약,KOSPI,2081,제약
15,삼성전기,0.6086,211,040160,누리플렉스,KOSDAQ,2068,소프트웨어
15,삼성전기,0.6086,211,101970,우양에이치씨,KOSDAQ,1978,에너지장비및서비스
15,삼성전기,0.6086,211,452190,한빛레이저,KOSDAQ,1884,전기제품
15,삼성전기,0.6086,211,044820,코스맥스비티아이,KOSPI,1882,건강관리업체및서비스
15,삼성전기,0.6086,211,017550,수산세보틱스,KOSPI,1875,기계
15,삼성전기,0.6086,211,187870,디바이스,KOSDAQ,1871,디스플레이장비및부품
15,삼성전기,0.6086,211,460850,동국씨엠,KOSPI,1838,철강
15,삼성전기,0.6086,211,159010,아스플로,KOSDAQ,1833,기계
15,삼성전기,0.6086,211,039830,오로라,KOSDAQ,1826,레저용장비와제품
15,삼성전기,0.6086,211,086980,쇼박스,KOSDAQ,1825,방송과엔터테인먼트
15,삼성전기,0.6086,211,259630,엠플러스,KOSDAQ,1823,전기제품
15,삼성전기,0.6086,211,002780,진흥기업,KOSPI,1780,건설
15,삼성전기,0.6086,211,005160,동국산업,KOSDAQ,1735,철강
15,삼성전기,0.6086,211,453450,그리드위즈,KOSDAQ,1727,전기유틸리티
15,삼성전기,0.6086,211,143240,사람인,KOSDAQ,1709,상업서비스와공급품
15,삼성전기,0.6086,211,446540,메가터치,KOSDAQ,1692,전자장비와기기
15,삼성전기,0.6086,211,204610,티쓰리,KOSDAQ,1683,게임엔터테인먼트
15,삼성전기,0.6086,211,093640,케이알엠,KOSDAQ,1669,반도체와반도체장비
15,삼성전기,0.6086,211,003480,한진중공업홀딩스,KOSPI,1638,가스유틸리티
15,삼성전기,0.6086,211,105330,케이엔더블유,KOSDAQ,1597,반도체와반도체장비
15,삼성전기,0.6086,211,086670,비엠티,KOSDAQ,1549,기계
15,삼성전기,0.6086,211,027710,팜스토리,KOSDAQ,1548,식품
15,삼성전기,0.6086,211,072870,메가스터디,KOSDAQ,1542,교육서비스
15,삼성전기,0.6086,211,136540,윈스테크넷,KOSDAQ,1525,소프트웨어
15,삼성전기,0.6086,211,067990,도이치모터스,KOSDAQ,1479,자동차
15,삼성전기,0.6086,211,141000,비아트론,KOSDAQ,1470,디스플레이장비및부품
15,삼성전기,0.6086,211,041520,이엘씨,KOSDAQ,1407,반도체와반도체장비
15,삼성전기,0.6086,211,047820,초록뱀미디어,KOSDAQ,1386,방송과엔터테인먼트
15,삼성전기,0.6086,211,139990,아주스틸,KOSPI,1368,철강
15,삼성전기,0.6086,211,089230,THE E&M,KOSDAQ,1327,양방향미디어와서비스
15,삼성전기,0.6086,211,317770,엑스페릭스,KOSDAQ,1287,전자장비와기기
15,삼성전기,0.6086,211,044990,에이치엔에스하이텍,KOSDAQ,1284,전자장비와기기
15,삼성전기,0.6086,211,273640,와이엠텍,KOSDAQ,1279,전기제품
15,삼성전기,0.6086,211,052860,아이앤씨,KOSDAQ,1241,반도체와반도체장비
15,삼성전기,0.6086,211,451220,아이엠티,KOSDAQ,1220,반도체와반도체장비
15,삼성전기,0.6086,211,035080,그래디언트,KOSDAQ,1218,인터넷과카탈로그소매
15,삼성전기,0.6086,211,079810,APS이노베이션,KOSDAQ,1209,전기제품
15,삼성전기,0.6086,211,039980,폴라리스AI,KOSDAQ,1197,IT서비스
15,삼성전기,0.6086,211,100130,동국S&C,KOSDAQ,1188,에너지장비및서비스
15,삼성전기,0.6086,211,339950,아이비김영,KOSDAQ,1179,교육서비스
15,삼성전기,0.6086,211,357230,에이치피오,KOSDAQ,1170,건강관리업체및서비스
15,삼성전기,0.6086,211,088280,쏘닉스,KOSDAQ,1162,핸드셋
15,삼성전기,0.6086,211,094840,슈프리마에이치큐,KOSDAQ,1159,전자장비와기기
15,삼성전기,0.6086,211,348350,위드텍,KOSDAQ,1103,반도체와반도체장비
15,삼성전기,0.6086,211,081150,티플랙스,KOSDAQ,1059,비철금속
15,삼성전기,0.6086,211,095270,웨이브일렉트로,KOSDAQ,1056,우주항공과국방
15,삼성전기,0.6086,211,053260,금강철강,KOSDAQ,1053,철강
15,삼성전기,0.6086,211,362320,청담글로벌,KOSDAQ,1002,인터넷과카탈로그소매
15,삼성전기,0.6086,211,475430,키스트론,KOSDAQ,997,전기장비
15,삼성전기,0.6086,211,419050,삼기에너지솔루션즈,KOSDAQ,991,자동차부품
15,삼성전기,0.6086,211,025550,한국선재,KOSDAQ,984,철강
15,삼성전기,0.6086,211,041910,폴라리스AI파마,KOSDAQ,980,제약
15,삼성전기,0.6086,211,140070,서플러스글로벌,KOSDAQ,937,반도체와반도체장비
15,삼성전기,0.6086,211,055490,테이팩스,KOSPI,888,전자장비와기기
15,삼성전기,0.6086,211,145170,노브랜드,KOSDAQ,887,"섬유,의류,신발,호화품"
15,삼성전기,0.6086,211,192250,케이사인,KOSDAQ,885,소프트웨어
15,삼성전기,0.6086,211,241790,티이엠씨씨엔에스,KOSDAQ,873,반도체와반도체장비
15,삼성전기,0.6086,211,134580,탑코미디어,KOSDAQ,872,양방향미디어와서비스
15,삼성전기,0.6086,211,037440,희림,KOSDAQ,846,건설
15,삼성전기,0.6086,211,232830,아이티센피엔에스,KOSDAQ,838,IT서비스
15,삼성전기,0.6086,211,003010,혜인,KOSPI,837,기계
15,삼성전기,0.6086,211,071090,하이스틸,KOSPI,828,철강
15,삼성전기,0.6086,211,100220,비상교육,KOSPI,818,교육서비스
15,삼성전기,0.6086,211,047400,유니온머티리얼,KOSPI,812,자동차부품
15,삼성전기,0.6086,211,189330,씨이랩,KOSDAQ,812,IT서비스
15,삼성전기,0.6086,211,189860,서전기전,KOSDAQ,803,전기장비
15,삼성전기,0.6086,211,333620,엔시스,KOSDAQ,786,전자장비와기기
15,삼성전기,0.6086,211,066980,한성크린텍,KOSDAQ,779,건설
15,삼성전기,0.6086,211,479960,위너스일렉,KOSDAQ,778,전기장비
15,삼성전기,0.6086,211,127980,화인써키트,KOSDAQ,747,전자장비와기기
15,삼성전기,0.6086,211,017480,삼현철강,KOSDAQ,746,철강
15,삼성전기,0.6086,211,229000,젠큐릭스,KOSDAQ,745,건강관리장비와용품
15,삼성전기,0.6086,211,288620,에스프리즘,KOSDAQ,729,전기제품
15,삼성전기,0.6086,211,042110,에스씨디,KOSDAQ,726,전기제품
15,삼성전기,0.6086,211,122310,제노레이,KOSDAQ,706,건강관리장비와용품
15,삼성전기,0.6086,211,177900,쓰리에이로직스,KOSDAQ,701,통신장비
15,삼성전기,0.6086,211,000910,유니온,KOSPI,686,건축자재
15,삼성전기,0.6086,211,460870,에스엠씨지,KOSDAQ,671,포장재
15,삼성전기,0.6086,211,094970,제이엠티,KOSDAQ,669,디스플레이장비및부품
15,삼성전기,0.6086,211,444530,심플랫폼,KOSDAQ,666,IT서비스
15,삼성전기,0.6086,211,150900,파수AI,KOSDAQ,608,소프트웨어
15,삼성전기,0.6086,211,429270,시지트로닉스,KOSDAQ,604,반도체와반도체장비
15,삼성전기,0.6086,211,009190,대양금속,KOSPI,603,철강
15,삼성전기,0.6086,211,038010,제일테크노스,KOSDAQ,592,건축제품
15,삼성전기,0.6086,211,263020,디케이앤디,KOSDAQ,526,"섬유,의류,신발,호화품"
15,삼성전기,0.6086,211,008420,문배철강,KOSPI,513,철강
15,삼성전기,0.6086,211,026940,부국철강,KOSPI,505,철강
16,NH투자증권,0.5218,109,005940,NH투자증권,KOSPI,120088,증권
16,NH투자증권,0.5218,109,009830,한화솔루션,KOSPI,73570,에너지장비및서비스
16,NH투자증권,0.5218,109,039030,이오테크닉스,KOSDAQ,56300,반도체와반도체장비
16,NH투자증권,0.5218,109,271560,오리온,KOSPI,54441,식품
16,NH투자증권,0.5218,109,088350,한화생명,KOSPI,42861,생명보험
16,NH투자증권,0.5218,109,489790,한화비전,KOSPI,40996,통신장비
16,NH투자증권,0.5218,109,064760,티씨케이,KOSDAQ,36444,반도체와반도체장비
16,NH투자증권,0.5218,109,031980,피에스케이홀딩스,KOSDAQ,28893,반도체와반도체장비
16,NH투자증권,0.5218,109,439260,대한조선,KOSPI,28432,조선
16,NH투자증권,0.5218,109,051600,한전KPS,KOSPI,25245,전기유틸리티
16,NH투자증권,0.5218,109,017960,한국카본,KOSPI,22244,조선
16,NH투자증권,0.5218,109,005440,현대지에프홀딩스,KOSPI,21951,복합기업
16,NH투자증권,0.5218,109,089030,테크윙,KOSDAQ,20638,반도체와반도체장비
16,NH투자증권,0.5218,109,101490,에스앤에스텍,KOSDAQ,18412,반도체와반도체장비
16,NH투자증권,0.5218,109,001120,LX인터내셔널,KOSPI,17345,무역회사와판매업체
16,NH투자증권,0.5218,109,420770,기가비스,KOSDAQ,16174,반도체와반도체장비
16,NH투자증권,0.5218,109,030610,교보증권,KOSPI,15715,증권
16,NH투자증권,0.5218,109,003530,한화투자증권,KOSPI,15683,증권
16,NH투자증권,0.5218,109,001800,오리온홀딩스,KOSPI,14627,식품
16,NH투자증권,0.5218,109,036830,솔브레인홀딩스,KOSDAQ,12302,전기제품
16,NH투자증권,0.5218,109,048410,현대바이오,KOSDAQ,11812,화장품
16,NH투자증권,0.5218,109,003240,태광산업,KOSPI,11735,화학
16,NH투자증권,0.5218,109,222080,씨아이에스,KOSDAQ,11433,전기제품
16,NH투자증권,0.5218,109,001510,SK증권,KOSPI,10431,증권
16,NH투자증권,0.5218,109,057050,현대홈쇼핑,KOSPI,9948,인터넷과카탈로그소매
16,NH투자증권,0.5218,109,033240,자화전자,KOSPI,9841,통신장비
16,NH투자증권,0.5218,109,074600,원익QnC,KOSDAQ,9765,반도체와반도체장비
16,NH투자증권,0.5218,109,036530,SNT홀딩스,KOSPI,8934,자동차부품
16,NH투자증권,0.5218,109,077360,덕산하이메탈,KOSDAQ,8255,반도체와반도체장비
16,NH투자증권,0.5218,109,252990,샘씨엔에스,KOSDAQ,7527,반도체와반도체장비
16,NH투자증권,0.5218,109,001500,현대차증권,KOSPI,6950,증권
16,NH투자증권,0.5218,109,383800,LX홀딩스,KOSPI,6399,무역회사와판매업체
16,NH투자증권,0.5218,109,104830,원익머트리얼즈,KOSDAQ,6184,화학
16,NH투자증권,0.5218,109,016610,DB증권,KOSPI,5895,증권
16,NH투자증권,0.5218,109,020000,한섬,KOSPI,5811,"섬유,의류,신발,호화품"
16,NH투자증권,0.5218,109,037460,삼지전자,KOSDAQ,5801,통신장비
16,NH투자증권,0.5218,109,001200,유진투자증권,KOSPI,5763,증권
16,NH투자증권,0.5218,109,130660,한전산업,KOSPI,5470,전기유틸리티
16,NH투자증권,0.5218,109,234340,헥토파이낸셜,KOSDAQ,5448,IT서비스
16,NH투자증권,0.5218,109,014830,유니드,KOSPI,5373,화학
16,NH투자증권,0.5218,109,099190,아이센스,KOSDAQ,5301,건강관리장비와용품
16,NH투자증권,0.5218,109,101160,월덱스,KOSDAQ,5077,반도체와반도체장비
16,NH투자증권,0.5218,109,005945,NH투자증권우,KOSPI,5029,증권
16,NH투자증권,0.5218,109,004690,삼천리,KOSPI,5012,가스유틸리티
16,NH투자증권,0.5218,109,036170,에이치엠넥스,KOSDAQ,4786,디스플레이장비및부품
16,NH투자증권,0.5218,109,034310,NICE,KOSPI,4734,IT서비스
16,NH투자증권,0.5218,109,114810,한솔아이원스,KOSDAQ,4689,반도체와반도체장비
16,NH투자증권,0.5218,109,206650,유바이오로직스,KOSDAQ,4359,생물공학
16,NH투자증권,0.5218,109,078020,LS증권,KOSDAQ,4172,증권
16,NH투자증권,0.5218,109,002810,삼영무역,KOSPI,3878,화학
16,NH투자증권,0.5218,109,089980,상아프론테크,KOSDAQ,3869,전자장비와기기
16,NH투자증권,0.5218,109,018250,애경산업,KOSPI,3499,화장품
16,NH투자증권,0.5218,109,001750,한양증권,KOSPI,3411,증권
16,NH투자증권,0.5218,109,043150,바텍,KOSDAQ,3290,건강관리장비와용품
16,NH투자증권,0.5218,109,272110,케이엔제이,KOSDAQ,2913,반도체와반도체장비
16,NH투자증권,0.5218,109,037710,광주신세계,KOSPI,2802,백화점과일반상점
16,NH투자증권,0.5218,109,030210,다올투자증권,KOSPI,2561,증권
16,NH투자증권,0.5218,109,000540,흥국화재,KOSPI,2544,손해보험
16,NH투자증권,0.5218,109,226590,엠디바이스,KOSDAQ,2480,반도체와반도체장비
16,NH투자증권,0.5218,109,289930,웨이비스,KOSDAQ,2248,우주항공과국방
16,NH투자증권,0.5218,109,357580,아모센스,KOSDAQ,2099,핸드셋
16,NH투자증권,0.5218,109,083930,아바코,KOSDAQ,2076,전기제품
16,NH투자증권,0.5218,109,458650,성우,KOSDAQ,2017,전기제품
16,NH투자증권,0.5218,109,122990,와이솔,KOSDAQ,1995,핸드셋
16,NH투자증권,0.5218,109,357880,SKAI,KOSDAQ,1976,IT서비스
16,NH투자증권,0.5218,109,003460,유화증권,KOSPI,1936,증권
16,NH투자증권,0.5218,109,024800,유성티엔에스,KOSDAQ,1789,도로와철도운송
16,NH투자증권,0.5218,109,088130,동아엘텍,KOSDAQ,1757,디스플레이장비및부품
16,NH투자증권,0.5218,109,417500,제이아이테크,KOSDAQ,1734,반도체와반도체장비
16,NH투자증권,0.5218,109,037350,성도이엔지,KOSDAQ,1724,건설
16,NH투자증권,0.5218,109,013520,화승코퍼레이션,KOSPI,1671,자동차부품
16,NH투자증권,0.5218,109,013990,아가방컴퍼니,KOSDAQ,1660,"섬유,의류,신발,호화품"
16,NH투자증권,0.5218,109,090350,노루페인트,KOSPI,1624,건축자재
16,NH투자증권,0.5218,109,093190,빅솔론,KOSDAQ,1592,컴퓨터와주변기기
16,NH투자증권,0.5218,109,004150,한솔홀딩스,KOSPI,1542,복합기업
16,NH투자증권,0.5218,109,021820,세원정공,KOSPI,1468,자동차부품
16,NH투자증권,0.5218,109,123040,엠에스오토텍,KOSDAQ,1465,자동차부품
16,NH투자증권,0.5218,109,071280,로체시스템즈,KOSDAQ,1443,반도체와반도체장비
16,NH투자증권,0.5218,109,225190,LK삼양,KOSDAQ,1388,전자장비와기기
16,NH투자증권,0.5218,109,382840,원준,KOSDAQ,1346,전기제품
16,NH투자증권,0.5218,109,090850,현대이지웰,KOSDAQ,1336,상업서비스와공급품
16,NH투자증권,0.5218,109,001290,상상인증권,KOSPI,1285,증권
16,NH투자증권,0.5218,109,088390,이녹스,KOSDAQ,1192,레저용장비와제품
16,NH투자증권,0.5218,109,389140,포바이포,KOSDAQ,1114,방송과엔터테인먼트
16,NH투자증권,0.5218,109,059210,메타바이오메드,KOSDAQ,1109,건강관리장비와용품
16,NH투자증권,0.5218,109,228850,레이언스,KOSDAQ,1099,건강관리장비와용품
16,NH투자증권,0.5218,109,294630,서남,KOSDAQ,1088,전기장비
16,NH투자증권,0.5218,109,040910,아이씨디,KOSDAQ,1045,디스플레이장비및부품
16,NH투자증권,0.5218,109,382480,지아이텍,KOSDAQ,1019,전기제품
16,NH투자증권,0.5218,109,011370,서한,KOSDAQ,1015,건설
16,NH투자증권,0.5218,109,048530,인트론바이오,KOSDAQ,1014,생명과학도구및서비스
16,NH투자증권,0.5218,109,265560,영화테크,KOSDAQ,1013,자동차부품
16,NH투자증권,0.5218,109,031820,아이티센씨티에스,KOSPI,1003,IT서비스
16,NH투자증권,0.5218,109,035610,솔본,KOSDAQ,1003,건강관리기술
16,NH투자증권,0.5218,109,048910,대원미디어,KOSDAQ,881,방송과엔터테인먼트
16,NH투자증권,0.5218,109,302550,리메드,KOSDAQ,870,건강관리장비와용품
16,NH투자증권,0.5218,109,214270,FSN,KOSDAQ,811,양방향미디어와서비스
16,NH투자증권,0.5218,109,032850,비트컴퓨터,KOSDAQ,803,건강관리기술
16,NH투자증권,0.5218,109,033130,디지틀조선,KOSDAQ,799,IT서비스
16,NH투자증권,0.5218,109,378800,샤페론,KOSDAQ,759,제약
16,NH투자증권,0.5218,109,036120,서울평가정보,KOSDAQ,671,상업서비스와공급품
16,NH투자증권,0.5218,109,009835,한화솔루션우,KOSPI,664,에너지장비및서비스
16,NH투자증권,0.5218,109,065500,오리엔트정공,KOSDAQ,640,자동차부품
16,NH투자증권,0.5218,109,215090,솔디펜스,KOSDAQ,585,우주항공과국방
16,NH투자증권,0.5218,109,003475,유안타증권우,KOSPI,581,증권
16,NH투자증권,0.5218,109,096630,에스코넥,KOSDAQ,540,핸드셋
16,NH투자증권,0.5218,109,196450,코아시아씨엠,KOSDAQ,528,핸드셋
16,NH투자증권,0.5218,109,221840,하이즈항공,KOSDAQ,508,우주항공과국방
16,NH투자증권,0.5218,109,049800,우진플라임,KOSPI,506,기계
17,SK텔레콤,0.5163,116,017670,SK텔레콤,KOSPI,221233,무선통신서비스
17,SK텔레콤,0.5163,116,079550,LIG디펜스앤에어로스페이스,KOSPI,188980,우주항공과국방
17,SK텔레콤,0.5163,116,010170,대한광통신,KOSDAQ,40193,통신장비
17,SK텔레콤,0.5163,116,375500,DL이앤씨,KOSPI,32463,건설
17,SK텔레콤,0.5163,116,097950,CJ제일제당,KOSPI,31613,식품
17,SK텔레콤,0.5163,116,006360,GS건설,KOSPI,28712,건설
17,SK텔레콤,0.5163,116,322000,HD현대에너지솔루션,KOSPI,24248,에너지장비및서비스
17,SK텔레콤,0.5163,116,112610,씨에스윈드,KOSPI,23109,에너지장비및서비스
17,SK텔레콤,0.5163,116,462870,시프트업,KOSPI,17420,게임엔터테인먼트
17,SK텔레콤,0.5163,116,475150,SK이터닉스,KOSPI,16760,에너지장비및서비스
17,SK텔레콤,0.5163,116,127120,제이에스링크,KOSDAQ,13812,생명과학도구및서비스
17,SK텔레콤,0.5163,116,000210,DL,KOSPI,13160,화학
17,SK텔레콤,0.5163,116,093370,후성,KOSPI,12913,화학
17,SK텔레콤,0.5163,116,082640,동양생명,KOSPI,12505,생명보험
17,SK텔레콤,0.5163,116,100840,SNT에너지,KOSPI,10547,에너지장비및서비스
17,SK텔레콤,0.5163,116,086450,동국제약,KOSDAQ,9882,제약
17,SK텔레콤,0.5163,116,023160,태광,KOSDAQ,9493,기계
17,SK텔레콤,0.5163,116,003030,세아제강지주,KOSPI,7537,철강
17,SK텔레콤,0.5163,116,225570,넥슨게임즈,KOSDAQ,7119,게임엔터테인먼트
17,SK텔레콤,0.5163,116,093050,LF,KOSPI,7032,"섬유,의류,신발,호화품"
17,SK텔레콤,0.5163,116,161000,애경케미칼,KOSPI,6689,화학
17,SK텔레콤,0.5163,116,017900,광전자,KOSPI,6553,전자장비와기기
17,SK텔레콤,0.5163,116,000400,롯데손해보험,KOSPI,6185,손해보험
17,SK텔레콤,0.5163,116,005810,풍산홀딩스,KOSPI,6134,비철금속
17,SK텔레콤,0.5163,116,019210,와이지-원,KOSDAQ,5627,기계
17,SK텔레콤,0.5163,116,069540,빛과전자,KOSDAQ,5345,통신장비
17,SK텔레콤,0.5163,116,025860,남해화학,KOSPI,4585,화학
17,SK텔레콤,0.5163,116,027410,BGF,KOSPI,4479,화학
17,SK텔레콤,0.5163,116,072710,농심홀딩스,KOSPI,4303,식품
17,SK텔레콤,0.5163,116,046970,우리로,KOSDAQ,3865,컴퓨터와주변기기
17,SK텔레콤,0.5163,116,389260,대명에너지,KOSDAQ,3672,에너지장비및서비스
17,SK텔레콤,0.5163,116,084990,헬릭스미스,KOSDAQ,3627,생물공학
17,SK텔레콤,0.5163,116,217730,강스템바이오텍,KOSDAQ,3282,생물공학
17,SK텔레콤,0.5163,116,115450,HLB테라퓨틱스,KOSDAQ,2883,제약
17,SK텔레콤,0.5163,116,053690,한미글로벌,KOSPI,2695,건설
17,SK텔레콤,0.5163,116,001780,알루코,KOSPI,2657,비철금속
17,SK텔레콤,0.5163,116,008350,남선알미늄,KOSPI,2517,비철금속
17,SK텔레콤,0.5163,116,037030,파워넷,KOSDAQ,2329,전기제품
17,SK텔레콤,0.5163,116,123860,아나패스,KOSDAQ,2094,디스플레이장비및부품
17,SK텔레콤,0.5163,116,104480,티케이케미칼,KOSDAQ,2049,화학
17,SK텔레콤,0.5163,116,018470,조일알미늄,KOSPI,1972,비철금속
17,SK텔레콤,0.5163,116,016880,웅진,KOSPI,1958,출판
17,SK텔레콤,0.5163,116,002100,경농,KOSPI,1909,화학
17,SK텔레콤,0.5163,116,005960,동부건설,KOSPI,1877,건설
17,SK텔레콤,0.5163,116,297090,씨에스베어링,KOSDAQ,1859,기계
17,SK텔레콤,0.5163,116,006060,화승인더,KOSPI,1806,"섬유,의류,신발,호화품"
17,SK텔레콤,0.5163,116,115440,우리넷,KOSDAQ,1785,통신장비
17,SK텔레콤,0.5163,116,008970,KBI동양철관,KOSPI,1724,철강
17,SK텔레콤,0.5163,116,049080,기가레인,KOSDAQ,1723,통신장비
17,SK텔레콤,0.5163,116,192440,슈피겐코리아,KOSDAQ,1718,핸드셋
17,SK텔레콤,0.5163,116,049430,코메론,KOSDAQ,1691,기계
17,SK텔레콤,0.5163,116,100590,머큐리,KOSDAQ,1665,통신장비
17,SK텔레콤,0.5163,116,062970,한국첨단소재,KOSDAQ,1661,통신장비
17,SK텔레콤,0.5163,116,388790,라이콤,KOSDAQ,1643,통신장비
17,SK텔레콤,0.5163,116,474610,RF시스템즈,KOSDAQ,1633,우주항공과국방
17,SK텔레콤,0.5163,116,192410,오늘이엔엠,KOSDAQ,1518,통신장비
17,SK텔레콤,0.5163,116,412350,레이저쎌,KOSDAQ,1478,반도체와반도체장비
17,SK텔레콤,0.5163,116,005860,한일사료,KOSDAQ,1432,식품
17,SK텔레콤,0.5163,116,020120,키다리스튜디오,KOSPI,1417,양방향미디어와서비스
17,SK텔레콤,0.5163,116,065450,빅텍,KOSDAQ,1411,우주항공과국방
17,SK텔레콤,0.5163,116,321260,프로이천,KOSDAQ,1279,디스플레이장비및부품
17,SK텔레콤,0.5163,116,014530,극동유화,KOSPI,1269,석유와가스
17,SK텔레콤,0.5163,116,072950,빛샘전자,KOSDAQ,1264,전자장비와기기
17,SK텔레콤,0.5163,116,065440,이루온,KOSDAQ,1262,IT서비스
17,SK텔레콤,0.5163,116,004140,동방,KOSPI,1237,항공화물운송과물류
17,SK텔레콤,0.5163,116,226400,오스테오닉,KOSDAQ,1229,건강관리장비와용품
17,SK텔레콤,0.5163,116,023900,풍국주정,KOSDAQ,1215,화학
17,SK텔레콤,0.5163,116,007210,벽산,KOSPI,1214,건축자재
17,SK텔레콤,0.5163,116,131370,알서포트,KOSDAQ,1206,소프트웨어
17,SK텔레콤,0.5163,116,014160,대영포장,KOSPI,1181,포장재
17,SK텔레콤,0.5163,116,056360,코위버,KOSDAQ,1159,통신장비
17,SK텔레콤,0.5163,116,005870,휴니드,KOSPI,1156,우주항공과국방
17,SK텔레콤,0.5163,116,100700,세운메디칼,KOSDAQ,1116,건강관리장비와용품
17,SK텔레콤,0.5163,116,331920,셀레믹스,KOSDAQ,1098,생물공학
17,SK텔레콤,0.5163,116,225530,HC보광산업,KOSDAQ,1073,건축자재
17,SK텔레콤,0.5163,116,37550L,DL이앤씨2우(전환),KOSPI,1062,건설
17,SK텔레콤,0.5163,116,008260,NI스틸,KOSPI,1056,건축자재
17,SK텔레콤,0.5163,116,448710,코츠테크놀로지,KOSDAQ,1031,우주항공과국방
17,SK텔레콤,0.5163,116,024740,한일단조,KOSDAQ,1026,자동차부품
17,SK텔레콤,0.5163,116,238090,앤디포스,KOSDAQ,1018,핸드셋
17,SK텔레콤,0.5163,116,079980,휴비스,KOSPI,1009,"섬유,의류,신발,호화품"
17,SK텔레콤,0.5163,116,065530,와이어블,KOSDAQ,961,무선통신서비스
17,SK텔레콤,0.5163,116,019540,일지테크,KOSDAQ,952,자동차부품
17,SK텔레콤,0.5163,116,109070,주성코퍼레이션,KOSPI,950,해운사
17,SK텔레콤,0.5163,116,004650,창해에탄올,KOSDAQ,920,음료
17,SK텔레콤,0.5163,116,175140,휴먼테크놀로지,KOSDAQ,905,전자제품
17,SK텔레콤,0.5163,116,215790,이노인스트루먼트,KOSDAQ,882,통신장비
17,SK텔레콤,0.5163,116,109080,옵티시스,KOSDAQ,858,통신장비
17,SK텔레콤,0.5163,116,033320,제이씨현시스템,KOSDAQ,851,컴퓨터와주변기기
17,SK텔레콤,0.5163,116,128660,피제이메탈,KOSDAQ,833,비철금속
17,SK텔레콤,0.5163,116,126880,제이엔케이글로벌,KOSDAQ,820,석유와가스
17,SK텔레콤,0.5163,116,012690,모나리자,KOSPI,788,가정용품
17,SK텔레콤,0.5163,116,099220,SDN,KOSDAQ,760,에너지장비및서비스
17,SK텔레콤,0.5163,116,095910,에스에너지,KOSDAQ,757,에너지장비및서비스
17,SK텔레콤,0.5163,116,069730,DSR제강,KOSPI,735,철강
17,SK텔레콤,0.5163,116,039240,경남스틸,KOSDAQ,720,철강
17,SK텔레콤,0.5163,116,001550,조비,KOSPI,713,화학
17,SK텔레콤,0.5163,116,006980,우성,KOSPI,706,식품
17,SK텔레콤,0.5163,116,198080,캐프,KOSDAQ,662,핸드셋
17,SK텔레콤,0.5163,116,002140,고려산업,KOSPI,645,식품
17,SK텔레콤,0.5163,116,072130,유엔젤,KOSPI,620,IT서비스
17,SK텔레콤,0.5163,116,004770,써니전자,KOSPI,614,전자장비와기기
17,SK텔레콤,0.5163,116,376930,노을,KOSDAQ,601,건강관리장비와용품
17,SK텔레콤,0.5163,116,153460,네이블,KOSDAQ,594,소프트웨어
17,SK텔레콤,0.5163,116,218150,미래생명자원,KOSDAQ,590,식품
17,SK텔레콤,0.5163,116,035460,기산텔레콤,KOSDAQ,581,우주항공과국방
17,SK텔레콤,0.5163,116,006370,대구백화점,KOSPI,575,백화점과일반상점
17,SK텔레콤,0.5163,116,413640,비아이매트릭스,KOSDAQ,572,IT서비스
17,SK텔레콤,0.5163,116,450330,하스,KOSDAQ,559,건강관리장비와용품
17,SK텔레콤,0.5163,116,089150,케이씨티,KOSDAQ,557,컴퓨터와주변기기
17,SK텔레콤,0.5163,116,070300,엑스큐어,KOSDAQ,536,핸드셋
17,SK텔레콤,0.5163,116,066360,체리부로,KOSDAQ,530,식품
17,SK텔레콤,0.5163,116,179530,애드바이오텍,KOSDAQ,525,제약
17,SK텔레콤,0.5163,116,097870,효성오앤비,KOSDAQ,522,화학
17,SK텔레콤,0.5163,116,031310,아이즈비전,KOSDAQ,514,통신장비
17,SK텔레콤,0.5163,116,340440,세림B&G,KOSDAQ,510,포장재
18,하나금융지주,0.6115,89,086790,하나금융지주,KOSPI,339392,은행
18,하나금융지주,0.6115,89,316140,우리금융지주,KOSPI,231601,은행
18,하나금융지주,0.6115,89,011200,HMM,KOSPI,185817,해운사
18,하나금융지주,0.6115,89,030200,KT,KOSPI,150960,다각화된통신서비스
18,하나금융지주,0.6115,89,323410,카카오뱅크,KOSPI,107352,은행
18,하나금융지주,0.6115,89,111770,영원무역,KOSPI,35138,"섬유,의류,신발,호화품"
18,하나금융지주,0.6115,89,251270,넷마블,KOSPI,34669,게임엔터테인먼트
18,하나금융지주,0.6115,89,028670,팬오션,KOSPI,31593,해운사
18,하나금융지주,0.6115,89,139130,iM금융지주,KOSPI,29731,은행
18,하나금융지주,0.6115,89,001450,현대해상,KOSPI,25276,손해보험
18,하나금융지주,0.6115,89,257720,실리콘투,KOSDAQ,24744,인터넷과카탈로그소매
18,하나금융지주,0.6115,89,294870,IPARK현대산업개발,KOSPI,14763,건설
18,하나금융지주,0.6115,89,000080,하이트진로,KOSPI,11529,음료
18,하나금융지주,0.6115,89,089860,롯데렌탈,KOSPI,11382,도로와철도운송
18,하나금융지주,0.6115,89,280360,롯데웰푸드,KOSPI,10932,식품
18,하나금융지주,0.6115,89,078160,메디포스트,KOSDAQ,9409,생물공학
18,하나금융지주,0.6115,89,003850,보령,KOSPI,8081,제약
18,하나금융지주,0.6115,89,007700,F&F홀딩스,KOSPI,7236,"섬유,의류,신발,호화품"
18,하나금융지주,0.6115,89,017940,E1,KOSPI,6811,가스유틸리티
18,하나금융지주,0.6115,89,036620,감성코퍼레이션,KOSDAQ,5050,"섬유,의류,신발,호화품"
18,하나금융지주,0.6115,89,015360,INVENI,KOSPI,4640,가스유틸리티
18,하나금융지주,0.6115,89,145990,삼양사,KOSPI,4589,식품
18,하나금융지주,0.6115,89,344820,KCC글라스,KOSPI,4192,건축자재
18,하나금융지주,0.6115,89,005610,삼립,KOSPI,3930,식품
18,하나금융지주,0.6115,89,200670,휴메딕스,KOSDAQ,3689,제약
18,하나금융지주,0.6115,89,007690,국도화학,KOSPI,3583,화학
18,하나금융지주,0.6115,89,308430,셀비온,KOSDAQ,3541,제약
18,하나금융지주,0.6115,89,136480,하림,KOSDAQ,3239,식품
18,하나금융지주,0.6115,89,002310,아세아제지,KOSPI,3219,포장재
18,하나금융지주,0.6115,89,092730,네오팜,KOSDAQ,3077,화장품
18,하나금융지주,0.6115,89,215000,골프존,KOSDAQ,3015,"호텔,레스토랑,레저"
18,하나금융지주,0.6115,89,357550,석경에이티,KOSDAQ,2989,화학
18,하나금융지주,0.6115,89,035600,KG이니시스,KOSDAQ,2887,IT서비스
18,하나금융지주,0.6115,89,043370,피에이치에이,KOSDAQ,2700,자동차부품
18,하나금융지주,0.6115,89,000320,노루홀딩스,KOSPI,2698,건축자재
18,하나금융지주,0.6115,89,003960,사조대림,KOSPI,2680,식품
18,하나금융지주,0.6115,89,267980,매일유업,KOSDAQ,2655,식품
18,하나금융지주,0.6115,89,005500,삼진제약,KOSPI,2390,제약
18,하나금융지주,0.6115,89,353810,이지바이오,KOSDAQ,2388,식품
18,하나금융지주,0.6115,89,013580,계룡건설,KOSPI,2344,건설
18,하나금융지주,0.6115,89,001630,종근당홀딩스,KOSPI,2312,제약
18,하나금융지주,0.6115,89,065710,서호전기,KOSDAQ,2247,운송인프라
18,하나금융지주,0.6115,89,003220,대원제약,KOSPI,2215,제약
18,하나금융지주,0.6115,89,039840,디오,KOSDAQ,2198,건강관리장비와용품
18,하나금융지주,0.6115,89,102260,동성케미컬,KOSPI,2097,화학
18,하나금융지주,0.6115,89,003650,미창석유,KOSPI,2084,화학
18,하나금융지주,0.6115,89,339770,교촌에프앤비,KOSPI,2039,식품
18,하나금융지주,0.6115,89,000140,하이트진로홀딩스,KOSPI,2016,음료
18,하나금융지주,0.6115,89,032620,GC메디아이,KOSDAQ,1975,건강관리기술
18,하나금융지주,0.6115,89,066620,국보디자인,KOSDAQ,1811,건설
18,하나금융지주,0.6115,89,002170,SYTS,KOSPI,1758,"섬유,의류,신발,호화품"
18,하나금융지주,0.6115,89,046440,KG파이낸셜,KOSDAQ,1756,IT서비스
18,하나금융지주,0.6115,89,092130,이크레더블,KOSDAQ,1752,상업서비스와공급품
18,하나금융지주,0.6115,89,097955,CJ제일제당 우,KOSPI,1736,식품
18,하나금융지주,0.6115,89,002990,금호건설,KOSPI,1671,건설
18,하나금융지주,0.6115,89,071840,롯데하이마트,KOSPI,1659,전문소매
18,하나금융지주,0.6115,89,000020,동화약품,KOSPI,1642,제약
18,하나금융지주,0.6115,89,037560,LG헬로비전,KOSPI,1641,방송과엔터테인먼트
18,하나금융지주,0.6115,89,108230,톱텍,KOSDAQ,1560,디스플레이장비및부품
18,하나금융지주,0.6115,89,067280,멀티캠퍼스,KOSDAQ,1555,교육서비스
18,하나금융지주,0.6115,89,408920,메쎄이상,KOSDAQ,1526,양방향미디어와서비스
18,하나금융지주,0.6115,89,004970,신라교역,KOSPI,1470,식품
18,하나금융지주,0.6115,89,021320,KCC건설,KOSDAQ,1401,건설
18,하나금융지주,0.6115,89,122450,KX,KOSDAQ,1382,복합기업
18,하나금융지주,0.6115,89,256940,킵스파마,KOSDAQ,1333,비철금속
18,하나금융지주,0.6115,89,267290,경동도시가스,KOSPI,1299,가스유틸리티
18,하나금융지주,0.6115,89,049520,유아이엘,KOSDAQ,1209,핸드셋
18,하나금융지주,0.6115,89,251120,바이오에프디엔씨,KOSDAQ,1138,생물공학
18,하나금융지주,0.6115,89,078140,대봉엘에스,KOSDAQ,1130,제약
18,하나금융지주,0.6115,89,066700,테라젠이텍스,KOSDAQ,1092,제약
18,하나금융지주,0.6115,89,006660,삼성공조,KOSPI,1064,자동차부품
18,하나금융지주,0.6115,89,001540,안국약품,KOSDAQ,1019,제약
18,하나금융지주,0.6115,89,418470,KT밀리의서재,KOSDAQ,1008,출판
18,하나금융지주,0.6115,89,002700,신일전자,KOSPI,1003,가정용기기와용품
18,하나금융지주,0.6115,89,303810,동국생명과학,KOSDAQ,1002,건강관리장비와용품
18,하나금융지주,0.6115,89,032560,황금에스티,KOSPI,999,비철금속
18,하나금융지주,0.6115,89,058860,KTis,KOSPI,976,상업서비스와공급품
18,하나금융지주,0.6115,89,950190,고스트스튜디오,KOSDAQ,973,게임엔터테인먼트
18,하나금융지주,0.6115,89,011320,유니크,KOSDAQ,887,자동차부품
18,하나금융지주,0.6115,89,045660,에이텍,KOSDAQ,759,컴퓨터와주변기기
18,하나금융지주,0.6115,89,004830,덕성,KOSPI,678,"섬유,의류,신발,호화품"
18,하나금융지주,0.6115,89,372910,한컴라이프케어,KOSPI,658,건강관리장비와용품
18,하나금융지주,0.6115,89,393210,토마토시스템,KOSDAQ,623,IT서비스
18,하나금융지주,0.6115,89,068330,일신바이오,KOSDAQ,619,생명과학도구및서비스
18,하나금융지주,0.6115,89,261200,덴티스,KOSDAQ,603,건강관리장비와용품
18,하나금융지주,0.6115,89,038070,서린바이오,KOSDAQ,558,생물공학
18,하나금융지주,0.6115,89,025530,SJM홀딩스,KOSPI,547,자동차부품
18,하나금융지주,0.6115,89,004910,조광페인트,KOSPI,524,건축자재
18,하나금융지주,0.6115,89,069410,엔텔스,KOSDAQ,504,IT서비스
19,KT&G,0.6133,147,033780,KT&G,KOSPI,203895,담배
19,KT&G,0.6133,147,950160,코오롱티슈진,KOSDAQ,106174,생물공학
19,KT&G,0.6133,147,001040,CJ,KOSPI,60396,복합기업
19,KT&G,0.6133,147,004170,신세계,KOSPI,45761,백화점과일반상점
19,KT&G,0.6133,147,017800,현대엘리베이터,KOSPI,35808,기계
19,KT&G,0.6133,147,214150,클래시스,KOSDAQ,33661,건강관리장비와용품
19,KT&G,0.6133,147,139480,이마트,KOSPI,29831,백화점과일반상점
19,KT&G,0.6133,147,098460,고영,KOSDAQ,28663,전자장비와기기
19,KT&G,0.6133,147,004370,농심,KOSPI,22232,식품
19,KT&G,0.6133,147,323280,태성,KOSDAQ,20826,전자장비와기기
19,KT&G,0.6133,147,298020,효성티앤씨,KOSPI,19539,"섬유,의류,신발,호화품"
19,KT&G,0.6133,147,032350,롯데관광개발,KOSPI,14853,"호텔,레스토랑,레저"
19,KT&G,0.6133,147,065350,신성델타테크,KOSDAQ,13934,가정용기기와용품
19,KT&G,0.6133,147,007310,오뚜기,KOSPI,13887,식품
19,KT&G,0.6133,147,499790,GS피앤엘,KOSPI,9479,"호텔,레스토랑,레저"
19,KT&G,0.6133,147,079900,전진건설로봇,KOSPI,9310,기계
19,KT&G,0.6133,147,064960,SNT모티브,KOSPI,8837,자동차부품
19,KT&G,0.6133,147,004490,세방전지,KOSPI,8523,자동차부품
19,KT&G,0.6133,147,006730,서부T&D,KOSDAQ,8245,"호텔,레스토랑,레저"
19,KT&G,0.6133,147,214320,이노션,KOSPI,8020,광고
19,KT&G,0.6133,147,102940,코오롱생명과학,KOSDAQ,7815,제약
19,KT&G,0.6133,147,00104K,CJ4우(전환),KOSPI,7557,복합기업
19,KT&G,0.6133,147,086900,메디톡스,KOSDAQ,7539,생물공학
19,KT&G,0.6133,147,112040,위메이드,KOSDAQ,7315,게임엔터테인먼트
19,KT&G,0.6133,147,053800,안랩,KOSDAQ,7098,소프트웨어
19,KT&G,0.6133,147,001680,대상,KOSPI,7033,식품
19,KT&G,0.6133,147,025980,아난티,KOSDAQ,6528,"호텔,레스토랑,레저"
19,KT&G,0.6133,147,376300,디어유,KOSDAQ,6456,양방향미디어와서비스
19,KT&G,0.6133,147,214430,아이쓰리시스템,KOSDAQ,6430,우주항공과국방
19,KT&G,0.6133,147,000640,동아쏘시오홀딩스,KOSPI,6429,제약
19,KT&G,0.6133,147,039130,하나투어,KOSPI,6219,"호텔,레스토랑,레저"
19,KT&G,0.6133,147,002240,고려제강,KOSPI,6061,철강
19,KT&G,0.6133,147,039440,에스티아이,KOSDAQ,5380,반도체와반도체장비
19,KT&G,0.6133,147,042000,카페24,KOSDAQ,5329,IT서비스
19,KT&G,0.6133,147,064260,다날,KOSDAQ,5325,IT서비스
19,KT&G,0.6133,147,354320,알멕,KOSDAQ,5279,자동차부품
19,KT&G,0.6133,147,025320,시노펙스,KOSDAQ,4828,핸드셋
19,KT&G,0.6133,147,251970,펌텍코리아,KOSDAQ,4786,포장재
19,KT&G,0.6133,147,030520,한글과컴퓨터,KOSDAQ,4785,소프트웨어
19,KT&G,0.6133,147,012030,DB,KOSPI,4556,IT서비스
19,KT&G,0.6133,147,017810,풀무원,KOSPI,4143,식품
19,KT&G,0.6133,147,101730,위메이드맥스,KOSDAQ,4072,게임엔터테인먼트
19,KT&G,0.6133,147,089590,제주항공,KOSPI,4048,항공사
19,KT&G,0.6133,147,304360,에스바이오메딕스,KOSDAQ,4006,생물공학
19,KT&G,0.6133,147,194370,제이에스코퍼레이션,KOSPI,3899,"섬유,의류,신발,호화품"
19,KT&G,0.6133,147,084010,대한제강,KOSPI,3870,철강
19,KT&G,0.6133,147,069080,웹젠,KOSDAQ,3781,게임엔터테인먼트
19,KT&G,0.6133,147,078340,컴투스,KOSDAQ,3579,게임엔터테인먼트
19,KT&G,0.6133,147,200130,콜마비앤에이치,KOSDAQ,3423,건강관리업체및서비스
19,KT&G,0.6133,147,352480,씨앤씨인터내셔널,KOSDAQ,3325,화장품
19,KT&G,0.6133,147,053030,바이넥스,KOSDAQ,3268,제약
19,KT&G,0.6133,147,272450,진에어,KOSPI,3210,항공사
19,KT&G,0.6133,147,094480,갤럭시아머니트리,KOSDAQ,2969,IT서비스
19,KT&G,0.6133,147,045390,대아티아이,KOSDAQ,2942,IT서비스
19,KT&G,0.6133,147,011690,와이투솔루션,KOSPI,2910,전자장비와기기
19,KT&G,0.6133,147,004360,세방,KOSPI,2886,항공화물운송과물류
19,KT&G,0.6133,147,037270,YG PLUS,KOSPI,2871,방송과엔터테인먼트
19,KT&G,0.6133,147,241590,화승엔터프라이즈,KOSPI,2699,"섬유,의류,신발,호화품"
19,KT&G,0.6133,147,000050,경방,KOSPI,2588,"섬유,의류,신발,호화품"
19,KT&G,0.6133,147,304100,솔트룩스,KOSDAQ,2556,IT서비스
19,KT&G,0.6133,147,053300,한국정보인증,KOSDAQ,2529,IT서비스
19,KT&G,0.6133,147,214180,헥토이노베이션,KOSDAQ,2506,IT서비스
19,KT&G,0.6133,147,122900,아이마켓코리아,KOSPI,2470,상업서비스와공급품
19,KT&G,0.6133,147,034810,해성산업,KOSDAQ,2441,종이와목재
19,KT&G,0.6133,147,136490,선진,KOSPI,2435,식품
19,KT&G,0.6133,147,481070,에이유브랜즈,KOSDAQ,2375,"섬유,의류,신발,호화품"
19,KT&G,0.6133,147,462860,더즌,KOSDAQ,2358,IT서비스
19,KT&G,0.6133,147,402030,코난테크놀로지,KOSDAQ,2344,소프트웨어
19,KT&G,0.6133,147,244920,에이플러스에셋,KOSPI,2303,손해보험
19,KT&G,0.6133,147,003350,한국화장품제조,KOSPI,2107,화장품
19,KT&G,0.6133,147,293780,압타바이오,KOSDAQ,2039,건강관리업체및서비스
19,KT&G,0.6133,147,031440,신세계푸드,KOSPI,2025,"호텔,레스토랑,레저"
19,KT&G,0.6133,147,271980,제일약품,KOSPI,1983,제약
19,KT&G,0.6133,147,000860,강남제비스코,KOSPI,1981,건축자재
19,KT&G,0.6133,147,203400,에이비온,KOSDAQ,1964,제약
19,KT&G,0.6133,147,080160,모두투어,KOSDAQ,1933,"호텔,레스토랑,레저"
19,KT&G,0.6133,147,003610,방림,KOSPI,1922,"섬유,의류,신발,호화품"
19,KT&G,0.6133,147,123410,코리아에프티,KOSDAQ,1921,자동차부품
19,KT&G,0.6133,147,001045,CJ우,KOSPI,1921,복합기업
19,KT&G,0.6133,147,101530,해태제과식품,KOSPI,1886,식품
19,KT&G,0.6133,147,047310,파워로직스,KOSDAQ,1817,핸드셋
19,KT&G,0.6133,147,068790,DMS,KOSDAQ,1755,디스플레이장비및부품
19,KT&G,0.6133,147,038390,레드캡투어,KOSDAQ,1740,도로와철도운송
19,KT&G,0.6133,147,220260,켐트로스,KOSDAQ,1722,화학
19,KT&G,0.6133,147,365330,에스와이스틸텍,KOSDAQ,1710,건축자재
19,KT&G,0.6133,147,048870,시너지이노베이션,KOSDAQ,1706,건강관리장비와용품
19,KT&G,0.6133,147,082800,비보존 제약,KOSDAQ,1691,제약
19,KT&G,0.6133,147,340450,지씨지놈,KOSDAQ,1683,생명과학도구및서비스
19,KT&G,0.6133,147,001360,삼성제약,KOSPI,1676,제약
19,KT&G,0.6133,147,114840,아이패밀리에스씨,KOSDAQ,1662,화장품
19,KT&G,0.6133,147,041440,현대에버다임,KOSDAQ,1642,기계
19,KT&G,0.6133,147,089470,HDC현대EP,KOSPI,1583,자동차부품
19,KT&G,0.6133,147,033340,좋은사람들,KOSDAQ,1492,"섬유,의류,신발,호화품"
19,KT&G,0.6133,147,047560,이스트소프트,KOSDAQ,1490,소프트웨어
19,KT&G,0.6133,147,009270,신원,KOSPI,1469,"섬유,의류,신발,호화품"
19,KT&G,0.6133,147,214680,디알텍,KOSDAQ,1431,건강관리장비와용품
19,KT&G,0.6133,147,366030,공구우먼,KOSDAQ,1377,"섬유,의류,신발,호화품"
19,KT&G,0.6133,147,049950,미래컴퍼니,KOSDAQ,1364,디스플레이장비및부품
19,KT&G,0.6133,147,182360,큐브엔터,KOSDAQ,1357,방송과엔터테인먼트
19,KT&G,0.6133,147,205100,엑셈,KOSDAQ,1314,소프트웨어
19,KT&G,0.6133,147,331740,아우토크립트,KOSDAQ,1306,자동차부품
19,KT&G,0.6133,147,025950,동신건설,KOSDAQ,1289,건설
19,KT&G,0.6133,147,029480,광무,KOSDAQ,1254,IT서비스
19,KT&G,0.6133,147,002220,한일철강,KOSPI,1240,철강
19,KT&G,0.6133,147,054050,NH농우바이오,KOSDAQ,1227,생물공학
19,KT&G,0.6133,147,067830,세이브존I&C,KOSPI,1186,백화점과일반상점
19,KT&G,0.6133,147,073560,우리손에프앤지,KOSDAQ,1182,식품
19,KT&G,0.6133,147,337930,젝시믹스,KOSDAQ,1172,"섬유,의류,신발,호화품"
19,KT&G,0.6133,147,007110,일신석재,KOSPI,1165,건축자재
19,KT&G,0.6133,147,063080,컴투스홀딩스,KOSDAQ,1080,게임엔터테인먼트
19,KT&G,0.6133,147,330350,위더스제약,KOSDAQ,1060,제약
19,KT&G,0.6133,147,017370,우신시스템,KOSPI,1053,자동차부품
19,KT&G,0.6133,147,489460,바이오비쥬,KOSDAQ,1048,화장품
19,KT&G,0.6133,147,063160,종근당바이오,KOSPI,1030,제약
19,KT&G,0.6133,147,081180,쎄크,KOSDAQ,999,전자장비와기기
19,KT&G,0.6133,147,439580,블루엠텍,KOSDAQ,993,건강관리업체및서비스
19,KT&G,0.6133,147,201490,미투온,KOSDAQ,974,게임엔터테인먼트
19,KT&G,0.6133,147,046940,우원개발,KOSDAQ,970,건설
19,KT&G,0.6133,147,263600,덕우전자,KOSDAQ,962,핸드셋
19,KT&G,0.6133,147,011150,CJ씨푸드,KOSPI,905,식품
19,KT&G,0.6133,147,000180,성창기업지주,KOSPI,885,종이와목재
19,KT&G,0.6133,147,048430,유라테크,KOSDAQ,874,자동차부품
19,KT&G,0.6133,147,305090,마이크로디지탈,KOSDAQ,862,건강관리장비와용품
19,KT&G,0.6133,147,065510,휴비츠,KOSDAQ,849,건강관리장비와용품
19,KT&G,0.6133,147,017650,대림제지,KOSDAQ,849,포장재
19,KT&G,0.6133,147,002800,신신제약,KOSDAQ,823,제약
19,KT&G,0.6133,147,216050,인크로스,KOSDAQ,818,광고
19,KT&G,0.6133,147,480370,씨케이솔루션,KOSPI,802,기계
19,KT&G,0.6133,147,092300,현우산업,KOSDAQ,776,전자장비와기기
19,KT&G,0.6133,147,104620,노랑풍선,KOSDAQ,753,"호텔,레스토랑,레저"
19,KT&G,0.6133,147,317690,퀀타매트릭스,KOSDAQ,744,생명과학도구및서비스
19,KT&G,0.6133,147,041460,한국전자인증,KOSDAQ,741,IT서비스
19,KT&G,0.6133,147,013700,까뮤이앤씨,KOSPI,730,건설
19,KT&G,0.6133,147,011390,부산산업,KOSPI,726,건축자재
19,KT&G,0.6133,147,435570,에르코스,KOSDAQ,714,식품
19,KT&G,0.6133,147,003780,진양산업,KOSPI,711,화학
19,KT&G,0.6133,147,317850,대모,KOSDAQ,711,기계
19,KT&G,0.6133,147,049550,잉크테크,KOSDAQ,697,컴퓨터와주변기기
19,KT&G,0.6133,147,199550,레이저옵텍,KOSDAQ,685,건강관리장비와용품
19,KT&G,0.6133,147,052220,iMBC,KOSDAQ,646,방송과엔터테인먼트
19,KT&G,0.6133,147,042940,상지건설,KOSDAQ,634,건설
19,KT&G,0.6133,147,054300,팬스타엔터프라이즈,KOSDAQ,603,해운사
19,KT&G,0.6133,147,010770,평화홀딩스,KOSPI,594,자동차부품
19,KT&G,0.6133,147,052790,액토즈소프트,KOSDAQ,560,게임엔터테인먼트
19,KT&G,0.6133,147,407400,꿈비,KOSDAQ,555,가정용기기와용품
19,KT&G,0.6133,147,037950,엘컴텍,KOSDAQ,539,핸드셋
19,KT&G,0.6133,147,307280,원바이오젠,KOSDAQ,515,건강관리장비와용품
20,삼성물산,0.619,131,028260,삼성물산,KOSPI,693272,복합기업
20,삼성물산,0.619,131,012330,현대모비스,KOSPI,586132,자동차부품
20,삼성물산,0.619,131,086280,현대글로비스,KOSPI,212250,항공화물운송과물류
20,삼성물산,0.619,131,307950,현대오토에버,KOSPI,188402,IT서비스
20,삼성물산,0.619,131,000990,DB하이텍,KOSPI,76350,반도체와반도체장비
20,삼성물산,0.619,131,064400,LG씨엔에스,KOSPI,70629,IT서비스
20,삼성물산,0.619,131,319400,현대무벡스,KOSDAQ,48058,기계
20,삼성물산,0.619,131,145020,휴젤,KOSDAQ,34758,생물공학
20,삼성물산,0.619,131,214450,파마리서치,KOSDAQ,33298,건강관리장비와용품
20,삼성물산,0.619,131,383220,F&F,KOSPI,31565,"섬유,의류,신발,호화품"
20,삼성물산,0.619,131,005850,에스엘,KOSPI,31399,자동차부품
20,삼성물산,0.619,131,204320,HL만도,KOSPI,29489,자동차부품
20,삼성물산,0.619,131,103140,풍산,KOSPI,25558,비철금속
20,삼성물산,0.619,131,140860,파크시스템스,KOSDAQ,19908,전자장비와기기
20,삼성물산,0.619,131,041510,에스엠,KOSDAQ,19689,방송과엔터테인먼트
20,삼성물산,0.619,131,099320,쎄트렉아이,KOSDAQ,17445,우주항공과국방
20,삼성물산,0.619,131,166090,하나머티리얼즈,KOSDAQ,15505,반도체와반도체장비
20,삼성물산,0.619,131,096530,씨젠,KOSDAQ,14544,생명과학도구및서비스
20,삼성물산,0.619,131,034230,파라다이스,KOSPI,13912,"호텔,레스토랑,레저"
20,삼성물산,0.619,131,126340,비나텍,KOSDAQ,11872,전기장비
20,삼성물산,0.619,131,025540,한국단자,KOSPI,8840,자동차부품
20,삼성물산,0.619,131,079160,CJ CGV,KOSPI,8121,방송과엔터테인먼트
20,삼성물산,0.619,131,336570,원텍,KOSDAQ,7605,건강관리장비와용품
20,삼성물산,0.619,131,368770,파이버프로,KOSDAQ,7556,전자장비와기기
20,삼성물산,0.619,131,389500,에스비비테크,KOSDAQ,7081,기계
20,삼성물산,0.619,131,332570,PS일렉트로닉스,KOSDAQ,6689,핸드셋
20,삼성물산,0.619,131,093320,케이아이엔엑스,KOSDAQ,6041,IT서비스
20,삼성물산,0.619,131,230360,에코마케팅,KOSDAQ,4962,"섬유,의류,신발,호화품"
20,삼성물산,0.619,131,079940,가비아,KOSDAQ,4536,IT서비스
20,삼성물산,0.619,131,012860,모베이스전자,KOSDAQ,4452,자동차부품
20,삼성물산,0.619,131,298830,슈어소프트테크,KOSDAQ,4303,소프트웨어
20,삼성물산,0.619,131,097520,엠씨넥스,KOSPI,4228,핸드셋
20,삼성물산,0.619,131,417840,저스템,KOSDAQ,3859,반도체와반도체장비
20,삼성물산,0.619,131,094360,칩스앤미디어,KOSDAQ,3859,반도체와반도체장비
20,삼성물산,0.619,131,002900,TYM,KOSPI,3663,기계
20,삼성물산,0.619,131,02826K,삼성물산우B,KOSPI,3632,복합기업
20,삼성물산,0.619,131,012200,계양전기,KOSPI,3628,자동차부품
20,삼성물산,0.619,131,219130,타이거일렉,KOSDAQ,3618,반도체와반도체장비
20,삼성물산,0.619,131,459510,나우로보틱스,KOSDAQ,3588,기계
20,삼성물산,0.619,131,452430,사피엔반도체,KOSDAQ,3558,반도체와반도체장비
20,삼성물산,0.619,131,049070,인탑스,KOSDAQ,3448,핸드셋
20,삼성물산,0.619,131,451760,컨텍,KOSDAQ,3397,우주항공과국방
20,삼성물산,0.619,131,445090,에이직랜드,KOSDAQ,3217,반도체와반도체장비
20,삼성물산,0.619,131,464080,에스오에스랩,KOSDAQ,3036,전자장비와기기
20,삼성물산,0.619,131,000490,대동,KOSPI,2986,기계
20,삼성물산,0.619,131,094820,일진파워,KOSDAQ,2869,건설
20,삼성물산,0.619,131,484810,티엑스알로보틱스,KOSDAQ,2798,기계
20,삼성물산,0.619,131,418420,라온텍,KOSDAQ,2732,반도체와반도체장비
20,삼성물산,0.619,131,138360,앤로보틱스,KOSDAQ,2706,기계
20,삼성물산,0.619,131,054450,텔레칩스,KOSDAQ,2671,반도체와반도체장비
20,삼성물산,0.619,131,226320,잇츠한불,KOSPI,2664,화장품
20,삼성물산,0.619,131,079960,동양이엔피,KOSDAQ,2621,전기제품
20,삼성물산,0.619,131,190510,나무가,KOSDAQ,2597,핸드셋
20,삼성물산,0.619,131,264850,이랜시스,KOSDAQ,2484,전자장비와기기
20,삼성물산,0.619,131,484120,도우인시스,KOSDAQ,2416,디스플레이장비및부품
20,삼성물산,0.619,131,209640,와이제이링크,KOSDAQ,2397,전자장비와기기
20,삼성물산,0.619,131,308080,바이젠셀,KOSDAQ,2384,제약
20,삼성물산,0.619,131,232680,라온로보틱스,KOSDAQ,2367,반도체와반도체장비
20,삼성물산,0.619,131,237880,클리오,KOSDAQ,2264,화장품
20,삼성물산,0.619,131,118990,모트렉스,KOSDAQ,2223,자동차부품
20,삼성물산,0.619,131,025820,이구산업,KOSPI,2217,비철금속
20,삼성물산,0.619,131,059120,아진엑스텍,KOSDAQ,2210,반도체와반도체장비
20,삼성물산,0.619,131,166480,코아스템켐온,KOSDAQ,2180,생물공학
20,삼성물산,0.619,131,012610,경인양행,KOSPI,2176,화학
20,삼성물산,0.619,131,039860,나노엔텍,KOSDAQ,2148,생명과학도구및서비스
20,삼성물산,0.619,131,102460,이연제약,KOSPI,2126,제약
20,삼성물산,0.619,131,005430,한국공항,KOSPI,1906,운송인프라
20,삼성물산,0.619,131,473980,노머스,KOSDAQ,1834,방송과엔터테인먼트
20,삼성물산,0.619,131,282880,코윈테크,KOSDAQ,1814,기계
20,삼성물산,0.619,131,172670,에이엘티,KOSDAQ,1805,반도체와반도체장비
20,삼성물산,0.619,131,223250,드림씨아이에스,KOSDAQ,1790,제약
20,삼성물산,0.619,131,071200,인피니트헬스케어,KOSDAQ,1726,건강관리기술
20,삼성물산,0.619,131,214420,토니모리,KOSPI,1719,화장품
20,삼성물산,0.619,131,010100,한국무브넥스,KOSPI,1656,자동차부품
20,삼성물산,0.619,131,002230,피에스텍,KOSDAQ,1621,전기제품
20,삼성물산,0.619,131,240550,동방메디컬,KOSDAQ,1595,건강관리장비와용품
20,삼성물산,0.619,131,396300,세아메카닉스,KOSDAQ,1539,전자장비와기기
20,삼성물산,0.619,131,142210,유니트론텍,KOSDAQ,1537,반도체와반도체장비
20,삼성물산,0.619,131,085670,뉴프렉스,KOSDAQ,1528,전자장비와기기
20,삼성물산,0.619,131,260970,에스앤디,KOSDAQ,1512,식품
20,삼성물산,0.619,131,212560,네오오토,KOSDAQ,1494,자동차부품
20,삼성물산,0.619,131,950130,엑세스바이오,KOSDAQ,1418,생명과학도구및서비스
20,삼성물산,0.619,131,123690,한국화장품,KOSPI,1354,화장품
20,삼성물산,0.619,131,311320,지오엘리먼트,KOSDAQ,1344,반도체와반도체장비
20,삼성물산,0.619,131,091120,이엠텍,KOSDAQ,1343,핸드셋
20,삼성물산,0.619,131,101330,모베이스,KOSDAQ,1284,자동차부품
20,삼성물산,0.619,131,013570,디와이,KOSPI,1269,자동차부품
20,삼성물산,0.619,131,370090,퓨런티어,KOSDAQ,1253,전자장비와기기
20,삼성물산,0.619,131,023800,인지컨트롤스,KOSPI,1252,자동차부품
20,삼성물산,0.619,131,246710,티앤알바이오팹,KOSDAQ,1248,생물공학
20,삼성물산,0.619,131,317830,에스피시스템스,KOSDAQ,1216,기계
20,삼성물산,0.619,131,424960,스마트레이더시스템,KOSDAQ,1195,자동차부품
20,삼성물산,0.619,131,217330,싸이토젠,KOSDAQ,1193,건강관리업체및서비스
20,삼성물산,0.619,131,007820,엠엑스로보틱스,KOSDAQ,1167,기계
20,삼성물산,0.619,131,006140,피제이전자,KOSDAQ,1144,건강관리장비와용품
20,삼성물산,0.619,131,048770,TPC로보틱스,KOSDAQ,1131,기계
20,삼성물산,0.619,131,051160,지어소프트,KOSDAQ,1121,판매업체
20,삼성물산,0.619,131,251630,브이원텍,KOSDAQ,1119,기계
20,삼성물산,0.619,131,094940,푸른기술,KOSDAQ,1086,컴퓨터와주변기기
20,삼성물산,0.619,131,212710,아이에스티이,KOSDAQ,1065,반도체와반도체장비
20,삼성물산,0.619,131,066430,아이로보틱스,KOSDAQ,1061,화학
20,삼성물산,0.619,131,011000,진원생명과학,KOSPI,1019,생물공학
20,삼성물산,0.619,131,041930,SY동아,KOSDAQ,998,자동차부품
20,삼성물산,0.619,131,170030,현대공업,KOSDAQ,983,자동차부품
20,삼성물산,0.619,131,217500,러셀,KOSDAQ,981,반도체와반도체장비
20,삼성물산,0.619,131,391710,코닉오토메이션,KOSDAQ,980,IT서비스
20,삼성물산,0.619,131,071670,에이테크솔루션,KOSDAQ,920,기계
20,삼성물산,0.619,131,084730,팅크웨어,KOSDAQ,886,전자제품
20,삼성물산,0.619,131,155650,와이엠씨,KOSDAQ,862,디스플레이장비및부품
20,삼성물산,0.619,131,018500,동원금속,KOSPI,858,자동차부품
20,삼성물산,0.619,131,010280,아이티센엔텍,KOSDAQ,853,IT서비스
20,삼성물산,0.619,131,004720,팜젠사이언스,KOSPI,850,제약
20,삼성물산,0.619,131,215360,우리산업,KOSDAQ,831,자동차부품
20,삼성물산,0.619,131,023810,인팩,KOSPI,795,자동차부품
20,삼성물산,0.619,131,053450,세코닉스,KOSDAQ,784,전자장비와기기
20,삼성물산,0.619,131,099410,동방선기,KOSDAQ,781,조선
20,삼성물산,0.619,131,027050,코리아나,KOSDAQ,746,화장품
20,삼성물산,0.619,131,352910,오비고,KOSDAQ,726,소프트웨어
20,삼성물산,0.619,131,014910,성문전자,KOSPI,720,전기제품
20,삼성물산,0.619,131,040350,크레오에스지,KOSDAQ,705,IT서비스
20,삼성물산,0.619,131,378850,화승알앤에이,KOSPI,679,자동차부품
20,삼성물산,0.619,131,351330,이삭엔지니어링,KOSDAQ,674,IT서비스
20,삼성물산,0.619,131,092780,DYP,KOSPI,666,자동차부품
20,삼성물산,0.619,131,384470,코어라인소프트,KOSDAQ,655,건강관리기술
20,삼성물산,0.619,131,066670,디티씨,KOSDAQ,603,핸드셋
20,삼성물산,0.619,131,419080,엔젯,KOSDAQ,581,디스플레이장비및부품
20,삼성물산,0.619,131,219420,링크제니시스,KOSDAQ,578,소프트웨어
20,삼성물산,0.619,131,009320,아진전자부품,KOSPI,547,자동차부품
20,삼성물산,0.619,131,406820,뷰티스킨,KOSDAQ,536,화장품
20,삼성물산,0.619,131,119500,포메탈,KOSDAQ,518,기계
20,삼성물산,0.619,131,128540,에코캡,KOSDAQ,500,자동차부품
21,NAVER,0.4874,86,035420,NAVER,KOSPI,315316,양방향미디어와서비스
21,NAVER,0.4874,86,277810,레인보우로보틱스,KOSDAQ,167614,기계
21,NAVER,0.4874,86,003490,대한항공,KOSPI,94448,항공사
21,NAVER,0.4874,86,058470,리노공업,KOSDAQ,82461,반도체와반도체장비
21,NAVER,0.4874,86,377300,카카오페이,KOSPI,75608,IT서비스
21,NAVER,0.4874,86,454910,두산로보틱스,KOSPI,66634,기계
21,NAVER,0.4874,86,002380,KCC,KOSPI,51274,건축자재
21,NAVER,0.4874,86,403870,HPSP,KOSDAQ,44112,반도체와반도체장비
21,NAVER,0.4874,86,014680,한솔케미칼,KOSPI,36668,화학
21,NAVER,0.4874,86,357780,솔브레인,KOSDAQ,34964,반도체와반도체장비
21,NAVER,0.4874,86,005290,동진쎄미켐,KOSDAQ,29306,반도체와반도체장비
21,NAVER,0.4874,86,067310,하나마이크론,KOSDAQ,28180,반도체와반도체장비
21,NAVER,0.4874,86,140410,메지온,KOSDAQ,23341,식품
21,NAVER,0.4874,86,347700,스피어,KOSDAQ,21212,우주항공과국방
21,NAVER,0.4874,86,080220,제주반도체,KOSDAQ,20217,반도체와반도체장비
21,NAVER,0.4874,86,189300,인텔리안테크,KOSDAQ,18178,통신장비
21,NAVER,0.4874,86,232140,와이씨,KOSDAQ,16195,반도체와반도체장비
21,NAVER,0.4874,86,397030,에이프릴바이오,KOSDAQ,15617,제약
21,NAVER,0.4874,86,036540,SFA반도체,KOSDAQ,13222,반도체와반도체장비
21,NAVER,0.4874,86,124500,아이티센글로벌,KOSDAQ,12808,IT서비스
21,NAVER,0.4874,86,204270,제이앤티씨,KOSDAQ,12234,핸드셋
21,NAVER,0.4874,86,295310,에이치브이엠,KOSDAQ,11269,비철금속
21,NAVER,0.4874,86,056190,에스에프에이,KOSDAQ,10664,기계
21,NAVER,0.4874,86,348340,뉴로메카,KOSDAQ,9321,기계
21,NAVER,0.4874,86,122870,와이지엔터테인먼트,KOSDAQ,9261,방송과엔터테인먼트
21,NAVER,0.4874,86,052400,코나아이,KOSDAQ,8534,IT서비스
21,NAVER,0.4874,86,036810,에프에스티,KOSDAQ,8205,반도체와반도체장비
21,NAVER,0.4874,86,060250,NHN KCP,KOSDAQ,7746,IT서비스
21,NAVER,0.4874,86,102710,이엔에프테크놀로지,KOSDAQ,7443,반도체와반도체장비
21,NAVER,0.4874,86,253590,네오셈,KOSDAQ,6931,반도체와반도체장비
21,NAVER,0.4874,86,272290,이녹스첨단소재,KOSDAQ,6898,디스플레이장비및부품
21,NAVER,0.4874,86,475960,토모큐브,KOSDAQ,6852,생명과학도구및서비스
21,NAVER,0.4874,86,200710,에이디테크놀로지,KOSDAQ,6636,반도체와반도체장비
21,NAVER,0.4874,86,452260,한화갤러리아,KOSPI,5670,백화점과일반상점
21,NAVER,0.4874,86,045100,한양이엔지,KOSDAQ,5608,반도체와반도체장비
21,NAVER,0.4874,86,079370,제우스,KOSDAQ,4742,반도체와반도체장비
21,NAVER,0.4874,86,110990,디아이티,KOSDAQ,4696,디스플레이장비및부품
21,NAVER,0.4874,86,482630,삼양엔씨켐,KOSDAQ,4563,반도체와반도체장비
21,NAVER,0.4874,86,006220,제주은행,KOSPI,4456,은행
21,NAVER,0.4874,86,092870,엑시콘,KOSDAQ,4391,반도체와반도체장비
21,NAVER,0.4874,86,085910,네오티스,KOSDAQ,4298,자동차부품
21,NAVER,0.4874,86,365270,큐라클,KOSDAQ,3398,제약
21,NAVER,0.4874,86,058970,엠로,KOSDAQ,3350,소프트웨어
21,NAVER,0.4874,86,462350,이노스페이스,KOSDAQ,3343,우주항공과국방
21,NAVER,0.4874,86,060720,KH바텍,KOSDAQ,3201,핸드셋
21,NAVER,0.4874,86,286940,롯데이노베이트,KOSPI,3124,IT서비스
21,NAVER,0.4874,86,100120,뷰웍스,KOSDAQ,2982,건강관리장비와용품
21,NAVER,0.4874,86,274090,켄코아에어로스페이스,KOSDAQ,2979,우주항공과국방
21,NAVER,0.4874,86,019010,베뉴지,KOSDAQ,2925,"호텔,레스토랑,레저"
21,NAVER,0.4874,86,294570,쿠콘,KOSDAQ,2800,IT서비스
21,NAVER,0.4874,86,092070,디엔에프,KOSDAQ,2725,반도체와반도체장비
21,NAVER,0.4874,86,004560,현대비앤지스틸,KOSPI,2685,비철금속
21,NAVER,0.4874,86,009470,삼화전기,KOSPI,2652,전기제품
21,NAVER,0.4874,86,361390,제노코,KOSDAQ,2580,우주항공과국방
21,NAVER,0.4874,86,126700,하이비젼시스템,KOSDAQ,2525,핸드셋
21,NAVER,0.4874,86,211270,AP위성,KOSDAQ,2518,통신장비
21,NAVER,0.4874,86,474170,루미르,KOSDAQ,2489,우주항공과국방
21,NAVER,0.4874,86,068930,디지털대성,KOSDAQ,2313,교육서비스
21,NAVER,0.4874,86,194480,데브시스터즈,KOSDAQ,2292,게임엔터테인먼트
21,NAVER,0.4874,86,417010,나노팀,KOSDAQ,2221,전자장비와기기
21,NAVER,0.4874,86,489500,엘케이켐,KOSDAQ,2035,반도체와반도체장비
21,NAVER,0.4874,86,322180,LS티라유텍,KOSDAQ,1853,IT서비스
21,NAVER,0.4874,86,323350,다원넥스뷰,KOSDAQ,1842,반도체와반도체장비
21,NAVER,0.4874,86,119830,아이텍,KOSDAQ,1828,반도체와반도체장비
21,NAVER,0.4874,86,290740,액트로,KOSDAQ,1723,핸드셋
21,NAVER,0.4874,86,126730,코칩,KOSDAQ,1615,전기제품
21,NAVER,0.4874,86,095190,신화프리텍,KOSDAQ,1569,기계
21,NAVER,0.4874,86,306620,지아이에스,KOSDAQ,1493,반도체와반도체장비
21,NAVER,0.4874,86,012320,경동인베스트,KOSPI,1452,비철금속
21,NAVER,0.4874,86,086960,MDS테크,KOSDAQ,1285,소프트웨어
21,NAVER,0.4874,86,432470,케이엔에스,KOSDAQ,1234,전기제품
21,NAVER,0.4874,86,117670,알파칩스,KOSDAQ,1203,반도체와반도체장비
21,NAVER,0.4874,86,052900,KX하이텍,KOSDAQ,1167,반도체와반도체장비
21,NAVER,0.4874,86,024880,케이피에프,KOSDAQ,1159,기계
21,NAVER,0.4874,86,424980,마이크로투나노,KOSDAQ,769,반도체와반도체장비
21,NAVER,0.4874,86,340360,다보링크,KOSDAQ,728,통신장비
21,NAVER,0.4874,86,457370,한켐,KOSDAQ,706,디스플레이장비및부품
21,NAVER,0.4874,86,089790,제이티,KOSDAQ,660,반도체와반도체장비
21,NAVER,0.4874,86,100030,인지소프트,KOSDAQ,655,소프트웨어
21,NAVER,0.4874,86,143540,영우디에스피,KOSDAQ,636,디스플레이장비및부품
21,NAVER,0.4874,86,219550,디와이디,KOSDAQ,628,화장품
21,NAVER,0.4874,86,082210,옵트론텍,KOSDAQ,610,전자장비와기기
21,NAVER,0.4874,86,273060,와이즈버즈,KOSDAQ,602,광고
21,NAVER,0.4874,86,126640,화신정공,KOSDAQ,594,자동차부품
21,NAVER,0.4874,86,050110,캠시스,KOSDAQ,564,핸드셋
21,NAVER,0.4874,86,104200,NHN벅스,KOSDAQ,548,방송과엔터테인먼트
