code,name,market,market_cap,naver_group,best_sector,best_corr,2nd_sector,2nd_corr,3rd_sector,3rd_corr
104830,원익머트리얼즈,KOSDAQ,6184,화학,반도체_소재부품,0.95,반도체_중소형,0.8957,반도체_대형,0.8925
001500,현대차증권,KOSPI,6950,증권,증권,0.9323,보험,0.9005,은행,0.8681
078020,LS증권,KOSDAQ,4172,증권,증권,0.9228,원전,0.8356,건자재,0.8323
092870,엑시콘,KOSDAQ,4391,반도체와반도체장비,반도체_장비,0.9207,반도체_중소형,0.897,반도체_대형,0.8598
080580,오킨스전자,KOSDAQ,5367,반도체와반도체장비,반도체_장비,0.9191,반도체_중소형,0.8912,디스플레이,0.8824
077360,덕산하이메탈,KOSDAQ,8255,반도체와반도체장비,디스플레이,0.9186,반도체_장비,0.911,반도체_중소형,0.8876
042600,새로닉스,KOSDAQ,2478,가정용기기와용품,2차전지_셀,0.9085,2차전지_소재부품,0.7513,반도체_대형,0.7135
033240,자화전자,KOSPI,9841,통신장비,디스플레이,0.9048,반도체_중소형,0.8674,반도체_장비,0.826
455900,엔젤로보틱스,KOSDAQ,4391,건강관리장비와용품,로봇,0.9042,자동차_부품,0.7661,바이오_임상단계,0.6818
445180,퓨릿,KOSDAQ,1873,반도체와반도체장비,반도체_소재부품,0.9041,반도체_대형,0.8886,반도체_중소형,0.8507
402340,SK스퀘어,KOSPI,1547871,복합기업,반도체_대형,0.9034,반도체_중소형,0.8559,정유,0.8527
252990,샘씨엔에스,KOSDAQ,7527,반도체와반도체장비,반도체_중소형,0.9024,반도체_소재부품,0.9009,반도체_장비,0.8983
289930,웨이비스,KOSDAQ,2248,우주항공과국방,우주·위성,0.8984,시멘트,0.8483,건자재,0.7776
003570,SNT다이내믹스,KOSPI,16892,자동차부품,방산,0.898,화장품_ODM,0.7184,생활용품,0.6702
110990,디아이티,KOSDAQ,4696,디스플레이장비및부품,반도체_중소형,0.8954,반도체_장비,0.8844,반도체_소재부품,0.8382
089790,제이티,KOSDAQ,660,반도체와반도체장비,반도체_중소형,0.8945,반도체_소재부품,0.8547,반도체_장비,0.8409
420770,기가비스,KOSDAQ,16174,반도체와반도체장비,반도체_장비,0.8941,반도체_중소형,0.8496,디스플레이,0.8193
000540,흥국화재,KOSPI,2544,손해보험,보험,0.8925,증권,0.8364,물류·육운,0.7713
011700,한신기계,KOSPI,1348,기계,원전,0.892,증권,0.7844,B2B_IT서비스,0.7461
000880,한화,KOSPI,98358,복합기업,방산,0.8902,보험,0.7537,B2B_IT서비스,0.7234
383310,에코프로에이치엔,KOSDAQ,5841,상업서비스와공급품,2차전지_소재부품,0.886,2차전지_셀,0.8124,디스플레이,0.764
158430,아톤,KOSDAQ,1850,소프트웨어,AI_인프라,0.8852,보험,0.7482,방산,0.6648
136490,선진,KOSPI,2435,식품,레저·여행,0.8843,에너지유틸리티,0.8292,생활용품,0.8129
035600,KG이니시스,KOSDAQ,2887,IT서비스,핀테크·결제,0.8819,AI_인프라,0.8593,은행,0.8577
004150,한솔홀딩스,KOSPI,1542,복합기업,보험,0.8819,레저·여행,0.8587,AI_인프라,0.8082
327260,RF머트리얼즈,KOSDAQ,9752,우주항공과국방,반도체_장비,0.8819,반도체_대형,0.8347,반도체_소재부품,0.8234
094280,효성ITX,KOSPI,1454,상업서비스와공급품,AI_인프라,0.8815,레저·여행,0.7856,에너지유틸리티,0.7621
092070,디엔에프,KOSDAQ,2725,반도체와반도체장비,반도체_중소형,0.8801,반도체_소재부품,0.8619,디스플레이,0.8228
240550,동방메디컬,KOSDAQ,1595,건강관리장비와용품,화장품_ODM,0.8796,화장품_브랜드,0.87,레저·여행,0.8643
001200,유진투자증권,KOSPI,5763,증권,증권,0.8778,보험,0.8064,물류·육운,0.7983
264850,이랜시스,KOSDAQ,2484,전자장비와기기,로봇,0.8774,자동차_부품,0.8466,자동차_완성차,0.6834
001820,삼화콘덴서,KOSPI,6756,전기제품,디스플레이,0.8772,반도체_장비,0.8385,석유화학,0.8012
007700,F&F홀딩스,KOSPI,7236,"섬유,의류,신발,호화품",레저·여행,0.8748,에너지유틸리티,0.8263,은행,0.8095
336370,솔루스첨단소재,KOSPI,8025,전자장비와기기,석유화학,0.8741,2차전지_소재부품,0.7805,정유,0.7642
060280,큐렉소,KOSDAQ,6279,건강관리장비와용품,로봇,0.8736,자동차_부품,0.775,반도체_중소형,0.694
267290,경동도시가스,KOSPI,1299,가스유틸리티,은행,0.8722,에너지유틸리티,0.854,보험,0.8515
37550L,DL이앤씨2우(전환),KOSPI,1062,건설,건설,0.8721,철강,0.8022,신재생에너지,0.7425
091580,상신이디피,KOSDAQ,3252,전기제품,2차전지_소재부품,0.8718,석유화학,0.8496,반도체_소재부품,0.8406
023590,다우기술,KOSPI,18700,증권,보험,0.8713,증권,0.8548,은행,0.8546
499790,GS피앤엘,KOSPI,9479,"호텔,레스토랑,레저",레저·여행,0.8703,생활용품,0.8153,화장품_브랜드,0.774
361390,제노코,KOSDAQ,2580,우주항공과국방,우주·위성,0.8699,시멘트,0.6328,철강,0.6053
019010,베뉴지,KOSDAQ,2925,"호텔,레스토랑,레저",시멘트,0.8695,우주·위성,0.785,건자재,0.7643
189300,인텔리안테크,KOSDAQ,18178,통신장비,우주·위성,0.869,시멘트,0.8458,건자재,0.8139
380550,뉴로핏,KOSDAQ,2107,건강관리기술,의료기기,0.8689,바이오_임상단계,0.8665,바이오_대형CDMO,0.7348
170920,엘티씨,KOSDAQ,4262,반도체와반도체장비,반도체_대형,0.8676,반도체_소재부품,0.8672,반도체_중소형,0.8577
005440,현대지에프홀딩스,KOSPI,21951,복합기업,증권,0.8671,신재생에너지,0.8023,유통,0.764
272110,케이엔제이,KOSDAQ,2913,반도체와반도체장비,반도체_소재부품,0.8656,반도체_장비,0.8411,반도체_중소형,0.8397
078350,한양디지텍,KOSDAQ,4344,반도체와반도체장비,반도체_대형,0.8651,반도체_소재부품,0.8513,바이오_임상단계,0.7936
059270,해성에어로보틱스,KOSDAQ,1196,기계,로봇,0.865,자동차_부품,0.691,반도체_소재부품,0.6757
160980,싸이맥스,KOSDAQ,4123,반도체와반도체장비,반도체_소재부품,0.8638,반도체_중소형,0.8604,반도체_장비,0.8587
405100,큐알티,KOSDAQ,2666,반도체와반도체장비,반도체_중소형,0.8633,반도체_소재부품,0.8403,반도체_대형,0.8123
089470,HDC현대EP,KOSPI,1583,자동차부품,건자재,0.8629,유통,0.8072,디스플레이,0.7936
046440,KG파이낸셜,KOSDAQ,1756,IT서비스,AI_인프라,0.8626,보험,0.8502,레저·여행,0.8171
195870,해성디에스,KOSPI,14161,반도체와반도체장비,반도체_대형,0.8623,반도체_소재부품,0.7919,2차전지_셀,0.7905
051370,인터플렉스,KOSDAQ,2843,전자장비와기기,2차전지_소재부품,0.8617,반도체_소재부품,0.8601,반도체_대형,0.8519
032190,다우데이타,KOSDAQ,8368,증권,증권,0.8615,내수식품,0.8341,물류·육운,0.789
048410,현대바이오,KOSDAQ,11812,화장품,시멘트,0.8615,건자재,0.7808,우주·위성,0.7598
243840,신흥에스이씨,KOSDAQ,3485,전기제품,2차전지_소재부품,0.8612,2차전지_셀,0.8371,석유화학,0.8045
001290,상상인증권,KOSPI,1285,증권,증권,0.8608,신재생에너지,0.8088,원전,0.7945
009470,삼화전기,KOSPI,2652,전기제품,반도체_중소형,0.8608,반도체_소재부품,0.8372,반도체_대형,0.8109
001550,조비,KOSPI,713,화학,신재생에너지,0.8599,원전,0.73,해운,0.7184
053610,프로텍,KOSDAQ,9471,반도체와반도체장비,반도체_장비,0.8596,디스플레이,0.8528,2차전지_소재부품,0.8442
065170,비엘팜텍,KOSDAQ,594,건강관리업체및서비스,시멘트,0.8596,우주·위성,0.7856,유통,0.6542
448710,코츠테크놀로지,KOSDAQ,1031,우주항공과국방,방산,0.8592,중국내수식품,0.6754,물류·육운,0.6619
200880,서연이화,KOSPI,3838,자동차부품,자동차_부품,0.8582,반도체_중소형,0.7995,자동차_완성차,0.7983
000020,동화약품,KOSPI,1642,제약,물류·육운,0.8574,보험,0.8515,에너지유틸리티,0.7705
024800,유성티엔에스,KOSDAQ,1789,도로와철도운송,신재생에너지,0.8564,유통,0.8016,건설,0.7907
200470,에이팩트,KOSDAQ,3583,반도체와반도체장비,반도체_대형,0.8563,반도체_소재부품,0.826,자동차_부품,0.8075
054050,NH농우바이오,KOSDAQ,1227,생물공학,레저·여행,0.8558,생활용품,0.7847,보험,0.7658
002790,아모레퍼시픽홀딩스,KOSPI,19229,화장품,레저·여행,0.8551,보험,0.819,은행,0.7934
011690,와이투솔루션,KOSPI,2910,전자장비와기기,유통,0.8546,건자재,0.8152,디스플레이,0.7838
004560,현대비앤지스틸,KOSPI,2685,비철금속,우주·위성,0.8545,시멘트,0.8219,디스플레이,0.8046
005860,한일사료,KOSDAQ,1432,식품,해운,0.8525,신재생에너지,0.7807,원전,0.7355
031330,에스에이엠티,KOSDAQ,9309,전자장비와기기,반도체_장비,0.8519,석유화학,0.8455,반도체_대형,0.8299
214180,헥토이노베이션,KOSDAQ,2506,IT서비스,핀테크·결제,0.8514,증권,0.8121,은행,0.7993
143540,영우디에스피,KOSDAQ,636,디스플레이장비및부품,반도체_장비,0.851,반도체_중소형,0.811,2차전지_소재부품,0.7932
147760,피엠티,KOSDAQ,781,반도체와반도체장비,반도체_장비,0.8507,반도체_중소형,0.825,반도체_대형,0.8153
000180,성창기업지주,KOSPI,885,종이와목재,레저·여행,0.8499,보험,0.8076,은행,0.7537
002810,삼영무역,KOSPI,3878,화학,증권,0.8496,유통,0.797,내수식품,0.7895
016610,DB증권,KOSPI,5895,증권,증권,0.8482,보험,0.8346,은행,0.8227
003460,유화증권,KOSPI,1936,증권,증권,0.8475,해운,0.7662,신재생에너지,0.7516
045100,한양이엔지,KOSDAQ,5608,반도체와반도체장비,반도체_중소형,0.8472,반도체_장비,0.8441,2차전지_소재부품,0.8427
001120,LX인터내셔널,KOSPI,17345,무역회사와판매업체,건자재,0.8469,석유화학,0.7889,유통,0.7818
146320,비씨엔씨,KOSDAQ,2303,반도체와반도체장비,반도체_소재부품,0.8459,반도체_대형,0.835,반도체_중소형,0.796
456040,OCI,KOSPI,11763,화학,전력기기,0.8459,석유화학,0.8233,반도체_장비,0.822
079960,동양이엔피,KOSDAQ,2621,전기제품,유통,0.8459,패션·의류,0.831,내수식품,0.753
017650,대림제지,KOSDAQ,849,포장재,건자재,0.8456,유통,0.8206,디스플레이,0.8093
101530,해태제과식품,KOSPI,1886,식품,K푸드_수출,0.8456,중국내수식품,0.7805,내수식품,0.6789
029530,신도리코,KOSPI,4493,사무용전자제품,내수식품,0.8456,패션·의류,0.7397,물류·육운,0.7342
064260,다날,KOSDAQ,5325,IT서비스,레저·여행,0.8452,핀테크·결제,0.7784,은행,0.7775
053300,한국정보인증,KOSDAQ,2529,IT서비스,미디어·콘텐츠,0.8452,빅플랫폼,0.8379,AI_인프라,0.824
950190,고스트스튜디오,KOSDAQ,973,게임엔터테인먼트,AI_인프라,0.8452,은행,0.7403,레저·여행,0.729
002310,아세아제지,KOSPI,3219,포장재,건자재,0.8452,증권,0.8378,은행,0.7729
227840,현대코퍼레이션홀딩스,KOSPI,1180,식품과기본식료품소매,레저·여행,0.845,내수식품,0.8297,중국내수식품,0.8057
004060,SG세계물산,KOSPI,725,"섬유,의류,신발,호화품",시멘트,0.8445,건자재,0.7483,우주·위성,0.7212
093370,후성,KOSPI,12913,화학,2차전지_셀,0.8444,2차전지_소재부품,0.7499,반도체_대형,0.7278
293490,카카오게임즈,KOSDAQ,9957,게임엔터테인먼트,빅플랫폼,0.8443,미디어·콘텐츠,0.7336,AI_인프라,0.7241
005960,동부건설,KOSPI,1877,건설,증권,0.8435,신재생에너지,0.8121,보험,0.7724
468530,프로티나,KOSDAQ,5404,생물공학,바이오_임상단계,0.8435,바이오_기술이전,0.8056,의료기기,0.7624
482630,삼양엔씨켐,KOSDAQ,4563,반도체와반도체장비,반도체_중소형,0.8433,반도체_장비,0.7866,우주·위성,0.7637
003550,LG,KOSPI,167947,복합기업,정유,0.8432,증권,0.7928,건자재,0.7791
035610,솔본,KOSDAQ,1003,건강관리기술,보험,0.8431,AI_인프라,0.7467,빅플랫폼,0.7224
037560,LG헬로비전,KOSPI,1641,방송과엔터테인먼트,레저·여행,0.8429,생활용품,0.7874,게임,0.7322
453450,그리드위즈,KOSDAQ,1727,전기유틸리티,신재생에너지,0.8429,원전,0.772,해운,0.7168
425040,티이엠씨,KOSDAQ,5022,반도체와반도체장비,반도체_장비,0.8416,반도체_소재부품,0.8204,반도체_중소형,0.8157
200710,에이디테크놀로지,KOSDAQ,6636,반도체와반도체장비,반도체_중소형,0.8414,디스플레이,0.8201,반도체_장비,0.8083
101170,우림피티에스,KOSDAQ,2386,기계,자동차_부품,0.8414,자동차_완성차,0.7384,로봇,0.7055
037710,광주신세계,KOSPI,2802,백화점과일반상점,건자재,0.8408,정유,0.7819,디스플레이,0.7754
331920,셀레믹스,KOSDAQ,1098,생물공학,건설,0.8408,해운,0.6765,전력기기,0.6298
040160,누리플렉스,KOSDAQ,2068,소프트웨어,건설,0.8407,해운,0.7673,건자재,0.7313
265740,엔에프씨,KOSDAQ,1202,화장품,보험,0.8404,은행,0.7817,증권,0.7748
372170,윤성에프앤씨,KOSDAQ,2409,전자장비와기기,2차전지_셀,0.8403,2차전지_소재부품,0.8385,반도체_대형,0.7375
323350,다원넥스뷰,KOSDAQ,1842,반도체와반도체장비,우주·위성,0.8398,유통,0.7844,시멘트,0.7553
017890,한국알콜,KOSDAQ,2744,화학,유통,0.8398,석유화학,0.7841,패션·의류,0.7834
419530,SAMG엔터,KOSDAQ,3710,방송과엔터테인먼트,방산,0.8397,보험,0.6572,미용·에스테틱,0.6388
473980,노머스,KOSDAQ,1834,방송과엔터테인먼트,엔터·음악,0.8394,화장품_ODM,0.7529,K푸드_수출,0.7262
034810,해성산업,KOSDAQ,2441,종이와목재,레저·여행,0.8389,물류·육운,0.7619,화장품_ODM,0.7456
025000,KPX케미칼,KOSPI,2224,화학,물류·육운,0.8385,은행,0.8091,에너지유틸리티,0.7892
006980,우성,KOSPI,706,식품,신재생에너지,0.8383,해운,0.8084,건설,0.7855
025560,미래산업,KOSPI,1112,반도체와반도체장비,반도체_대형,0.8381,반도체_장비,0.7931,2차전지_소재부품,0.7815
263600,덕우전자,KOSDAQ,962,핸드셋,건자재,0.8381,디스플레이,0.8136,석유화학,0.8092
023910,대한약품,KOSDAQ,1656,제약,레저·여행,0.8381,보험,0.8375,중국내수식품,0.7479
100130,동국S&C,KOSDAQ,1188,에너지장비및서비스,신재생에너지,0.838,방산,0.6645,내수식품,0.6559
194700,노바렉스,KOSDAQ,2645,건강관리업체및서비스,화장품_ODM,0.8377,방산,0.8002,생활용품,0.7901
126700,하이비젼시스템,KOSDAQ,2525,핸드셋,반도체_중소형,0.8375,반도체_장비,0.784,반도체_대형,0.7783
025860,남해화학,KOSPI,4585,화학,신재생에너지,0.8372,건설,0.8226,해운,0.7389
451760,컨텍,KOSDAQ,3397,우주항공과국방,우주·위성,0.8366,자동차_완성차,0.7209,비철금속,0.6869
0008Z0,에스엔시스,KOSDAQ,4170,조선,철강,0.836,건설,0.7371,석유화학,0.7316
052900,KX하이텍,KOSDAQ,1167,반도체와반도체장비,반도체_중소형,0.8359,디스플레이,0.8155,유통,0.7936
027710,팜스토리,KOSDAQ,1548,식품,신재생에너지,0.8357,해운,0.8038,석유화학,0.758
019210,와이지-원,KOSDAQ,5627,기계,건설,0.8354,시멘트,0.8254,우주·위성,0.7824
382800,지앤비에스 에코,KOSDAQ,2848,반도체와반도체장비,건설,0.8352,해운,0.6981,철강,0.6928
460870,에스엠씨지,KOSDAQ,671,포장재,화장품_브랜드,0.835,화장품_ODM,0.7753,K푸드_수출,0.7642
039440,에스티아이,KOSDAQ,5380,반도체와반도체장비,반도체_소재부품,0.8339,반도체_대형,0.8261,자동차_부품,0.8258
058430,포스코스틸리온,KOSPI,4434,비철금속,철강,0.8336,석유화학,0.7144,유통,0.7105
073010,케이에스피,KOSDAQ,2166,조선,조선,0.833,생활용품,0.3368,AI_인프라,0.3052
036010,아비코전자,KOSDAQ,1276,전기제품,반도체_소재부품,0.8327,반도체_중소형,0.8102,반도체_대형,0.7731
452260,한화갤러리아,KOSPI,5670,백화점과일반상점,시멘트,0.832,우주·위성,0.819,전력기기,0.7403
281820,케이씨텍,KOSPI,14156,반도체와반도체장비,반도체_대형,0.8315,반도체_장비,0.8087,반도체_소재부품,0.8015
104620,노랑풍선,KOSDAQ,753,"호텔,레스토랑,레저",레저·여행,0.8315,빅플랫폼,0.6755,AI_인프라,0.656
035460,기산텔레콤,KOSDAQ,581,우주항공과국방,건설,0.8312,철강,0.6491,해운,0.6269
071840,롯데하이마트,KOSPI,1659,전문소매,보험,0.8311,은행,0.8288,물류·육운,0.8178
082270,젬백스,KOSDAQ,8667,반도체와반도체장비,방산,0.8309,보험,0.8278,엔터·음악,0.6461
040910,아이씨디,KOSDAQ,1045,디스플레이장비및부품,반도체_장비,0.8303,반도체_중소형,0.7895,디스플레이,0.7453
001740,SK네트웍스,KOSPI,12326,복합기업,석유화학,0.8303,건자재,0.8221,정유,0.8024
089980,상아프론테크,KOSDAQ,3869,전자장비와기기,건자재,0.8302,해운,0.8069,원전,0.8014
216050,인크로스,KOSDAQ,818,광고,보험,0.8302,AI_인프라,0.8162,방산,0.7693
354320,알멕,KOSDAQ,5279,자동차부품,우주·위성,0.8299,시멘트,0.7537,자동차_완성차,0.7115
201490,미투온,KOSDAQ,974,게임엔터테인먼트,빅플랫폼,0.8299,AI_인프라,0.8166,레저·여행,0.7941
009970,영원무역홀딩스,KOSPI,26552,"섬유,의류,신발,호화품",패션·의류,0.8298,타이어,0.7608,물류·육운,0.7441
048770,TPC로보틱스,KOSDAQ,1131,기계,자동차_부품,0.8293,자동차_완성차,0.7748,반도체_중소형,0.7398
297890,HB솔루션,KOSDAQ,1788,디스플레이장비및부품,반도체_소재부품,0.8291,반도체_중소형,0.8083,반도체_대형,0.7829
117730,티로보틱스,KOSDAQ,4601,기계,로봇,0.8287,자동차_부품,0.7031,반도체_소재부품,0.6379
005710,대원산업,KOSDAQ,2658,자동차부품,레저·여행,0.8284,에너지유틸리티,0.7007,내수식품,0.6896
005950,이수화학,KOSPI,2482,화학,2차전지_셀,0.8284,반도체_대형,0.7213,2차전지_소재부품,0.7081
114810,한솔아이원스,KOSDAQ,4689,반도체와반도체장비,반도체_소재부품,0.8271,의료기기,0.7874,반도체_중소형,0.7578
412350,레이저쎌,KOSDAQ,1478,반도체와반도체장비,건설,0.8267,해운,0.7727,시멘트,0.72
260970,에스앤디,KOSDAQ,1512,식품,방산,0.8267,K푸드_수출,0.7834,미용·에스테틱,0.6735
010820,퍼스텍,KOSPI,6076,우주항공과국방,건설,0.8257,해운,0.725,철강,0.6546
250060,모비스,KOSDAQ,1450,소프트웨어,자동차_완성차,0.8247,자동차_부품,0.7496,비철금속,0.6979
012860,모베이스전자,KOSDAQ,4452,자동차부품,자동차_완성차,0.8246,우주·위성,0.7594,비철금속,0.6473
340450,지씨지놈,KOSDAQ,1683,생명과학도구및서비스,유통,0.8245,내수식품,0.8209,건자재,0.8089
027050,코리아나,KOSDAQ,746,화장품,레저·여행,0.8242,생활용품,0.7638,빅플랫폼,0.7257
228850,레이언스,KOSDAQ,1099,건강관리장비와용품,신재생에너지,0.8234,건설,0.747,해운,0.7095
078890,가온그룹,KOSDAQ,1713,전자제품,반도체_대형,0.8229,반도체_소재부품,0.8126,자동차_부품,0.8034
008420,문배철강,KOSPI,513,철강,철강,0.8225,해운,0.6155,건설,0.6149
214420,토니모리,KOSPI,1719,화장품,화장품_ODM,0.8224,K푸드_수출,0.7966,방산,0.7702
462860,더즌,KOSDAQ,2358,IT서비스,레저·여행,0.8223,빅플랫폼,0.7878,화장품_브랜드,0.778
122900,아이마켓코리아,KOSPI,2470,상업서비스와공급품,생활용품,0.8214,레저·여행,0.8119,에너지유틸리티,0.8083
413640,비아이매트릭스,KOSDAQ,572,IT서비스,방산,0.8213,K푸드_수출,0.7503,보험,0.723
090350,노루페인트,KOSPI,1624,건축자재,레저·여행,0.821,보험,0.7761,화장품_브랜드,0.7694
383800,LX홀딩스,KOSPI,6399,무역회사와판매업체,보험,0.8208,에너지유틸리티,0.8174,증권,0.806
294630,서남,KOSDAQ,1088,전기장비,건자재,0.8206,디스플레이,0.7909,시멘트,0.7765
007860,서연,KOSPI,2129,자동차부품,내수식품,0.8199,레저·여행,0.8012,물류·육운,0.7469
001750,한양증권,KOSPI,3411,증권,보험,0.8199,증권,0.7989,물류·육운,0.7245
129920,대성하이텍,KOSDAQ,1758,기계,건설,0.8199,해운,0.7954,우주·위성,0.7223
149950,아바텍,KOSDAQ,1827,디스플레이장비및부품,반도체_소재부품,0.8197,디스플레이,0.802,2차전지_소재부품,0.7978
347740,피엔케이피부임상연구센타,KOSDAQ,705,생명과학도구및서비스,레저·여행,0.8195,화장품_ODM,0.8089,생활용품,0.8021
004990,롯데지주,KOSPI,28005,복합기업,보험,0.8192,증권,0.7945,레저·여행,0.772
123420,위메이드플레이,KOSDAQ,775,게임엔터테인먼트,빅플랫폼,0.8188,레저·여행,0.811,AI_인프라,0.7855
251120,바이오에프디엔씨,KOSDAQ,1138,생물공학,생활용품,0.8181,화장품_ODM,0.7893,AI_인프라,0.7844
021050,서원,KOSPI,776,비철금속,철강,0.8173,건설,0.7032,유통,0.6911
461300,아이스크림미디어,KOSDAQ,2295,교육서비스,화장품_브랜드,0.8172,레저·여행,0.7932,화장품_ODM,0.7828
402030,코난테크놀로지,KOSDAQ,2344,소프트웨어,AI_인프라,0.8169,방산,0.7632,엔터·음악,0.747
041920,메디아나,KOSDAQ,3464,건강관리장비와용품,시멘트,0.8168,우주·위성,0.7986,자동차_완성차,0.7331
330860,네패스아크,KOSDAQ,6347,반도체와반도체장비,석유화학,0.8161,반도체_소재부품,0.8025,반도체_중소형,0.7974
055490,테이팩스,KOSPI,888,전자장비와기기,석유화학,0.8159,2차전지_소재부품,0.74,반도체_소재부품,0.7158
417010,나노팀,KOSDAQ,2221,전자장비와기기,시멘트,0.8158,우주·위성,0.7645,자동차_완성차,0.7384
242040,나무기술,KOSDAQ,1524,IT서비스,우주·위성,0.8158,시멘트,0.8099,건설,0.7146
033340,좋은사람들,KOSDAQ,1492,"섬유,의류,신발,호화품",레저·여행,0.8151,빅플랫폼,0.671,핀테크·결제,0.6601
121440,골프존홀딩스,KOSDAQ,2026,레저용장비와제품,보험,0.815,화장품_ODM,0.7438,생활용품,0.7409
457550,우진엔텍,KOSDAQ,2469,에너지장비및서비스,AI_인프라,0.8146,보험,0.7589,원전,0.7377
003100,선광,KOSDAQ,1719,운송인프라,내수식품,0.8144,증권,0.7611,패션·의류,0.761
073490,LIG아큐버,KOSDAQ,3893,통신장비,전력기기,0.8132,우주·위성,0.7987,반도체_장비,0.778
120240,대정화금,KOSDAQ,944,화학,신재생에너지,0.8128,패션·의류,0.7902,해운,0.7572
059120,아진엑스텍,KOSDAQ,2210,반도체와반도체장비,자동차_부품,0.8121,자동차_완성차,0.811,반도체_장비,0.7385
487570,HS효성,KOSPI,2269,복합기업,레저·여행,0.81,화장품_브랜드,0.8023,에너지유틸리티,0.802
459510,나우로보틱스,KOSDAQ,3588,기계,로봇,0.8099,자동차_부품,0.6493,반도체_소재부품,0.6393
013120,동원개발,KOSDAQ,2361,건설,물류·육운,0.8095,은행,0.8008,보험,0.7909
457190,이수스페셜티케미컬,KOSPI,32243,화학,2차전지_소재부품,0.8085,반도체_장비,0.7467,자동차_부품,0.7358
053700,삼보모터스,KOSDAQ,1447,자동차부품,자동차_완성차,0.8084,자동차_부품,0.7107,우주·위성,0.6797
215360,우리산업,KOSDAQ,831,자동차부품,석유화학,0.8084,반도체_중소형,0.7838,유통,0.7586
389500,에스비비테크,KOSDAQ,7081,기계,로봇,0.8083,자동차_부품,0.8049,자동차_완성차,0.7063
088130,동아엘텍,KOSDAQ,1757,디스플레이장비및부품,디스플레이,0.8078,시멘트,0.8074,건자재,0.7793
090710,휴림로봇,KOSDAQ,15278,기계,로봇,0.8078,자동차_부품,0.7877,자동차_완성차,0.7716
137950,제이씨케미칼,KOSDAQ,921,에너지장비및서비스,건설,0.8077,해운,0.7749,신재생에너지,0.7473
126720,수산인더스트리,KOSPI,4342,에너지장비및서비스,원전,0.8073,신재생에너지,0.7482,건설,0.7187
00104K,CJ4우(전환),KOSPI,7557,복합기업,레저·여행,0.8071,물류·육운,0.6811,보험,0.6654
475400,씨메스로보틱스,KOSDAQ,3826,기계,로봇,0.8071,바이오_임상단계,0.6708,바이오_대형CDMO,0.6308
083310,엘오티베큠,KOSDAQ,2806,반도체와반도체장비,반도체_소재부품,0.8068,반도체_중소형,0.7764,반도체_대형,0.7504
217190,제너셈,KOSDAQ,1023,반도체와반도체장비,반도체_중소형,0.8067,반도체_소재부품,0.804,반도체_장비,0.7851
078000,텔코웨어,KOSPI,1388,소프트웨어,에너지유틸리티,0.8067,보험,0.7872,레저·여행,0.7631
013570,디와이,KOSPI,1269,자동차부품,패션·의류,0.8066,증권,0.7682,건자재,0.7624
023900,풍국주정,KOSDAQ,1215,화학,석유화학,0.8066,해운,0.7602,원전,0.7464
034310,NICE,KOSPI,4734,IT서비스,보험,0.8063,은행,0.7573,레저·여행,0.7393
036200,유니셈,KOSDAQ,3731,반도체와반도체장비,반도체_소재부품,0.8059,반도체_대형,0.795,반도체_중소형,0.7491
013870,지엠비코리아,KOSPI,850,자동차부품,시멘트,0.8057,우주·위성,0.8028,유통,0.7644
049070,인탑스,KOSDAQ,3448,핸드셋,자동차_부품,0.8055,로봇,0.7759,자동차_완성차,0.768
069540,빛과전자,KOSDAQ,5345,통신장비,건설,0.8053,해운,0.6564,전력기기,0.636
004970,신라교역,KOSPI,1470,식품,내수식품,0.8052,중국내수식품,0.8026,보험,0.7666
393890,더블유씨피,KOSDAQ,5702,전기제품,석유화학,0.8049,2차전지_소재부품,0.7747,전력기기,0.7722
102940,코오롱생명과학,KOSDAQ,7815,제약,바이오_대형CDMO,0.8047,패션·의류,0.6627,타이어,0.6282
001270,부국증권,KOSPI,7497,증권,은행,0.8046,보험,0.7743,핀테크·결제,0.7228
094480,갤럭시아머니트리,KOSDAQ,2969,IT서비스,AI_인프라,0.8045,게임,0.7302,방산,0.6784
003800,에이스침대,KOSDAQ,3709,가구,패션·의류,0.8045,건자재,0.7999,증권,0.7891
067000,조이시티,KOSDAQ,1259,게임엔터테인먼트,패션·의류,0.8041,타이어,0.759,유통,0.738
004140,동방,KOSPI,1237,항공화물운송과물류,화장품_ODM,0.8033,화장품_브랜드,0.7999,보험,0.7541
002780,진흥기업,KOSPI,1780,건설,건설,0.803,전력기기,0.6758,해운,0.6068
101160,월덱스,KOSDAQ,5077,반도체와반도체장비,증권,0.8029,보험,0.7947,핀테크·결제,0.7817
004250,NPC,KOSPI,1292,포장재,보험,0.8029,생활용품,0.7247,AI_인프라,0.6342
456070,이엔셀,KOSDAQ,1448,제약,자동차_부품,0.8026,로봇,0.7068,중소제약,0.6887
041460,한국전자인증,KOSDAQ,741,IT서비스,방산,0.8025,레저·여행,0.7908,화장품_ODM,0.7686
194370,제이에스코퍼레이션,KOSPI,3899,"섬유,의류,신발,호화품",내수식품,0.8024,패션·의류,0.7776,레저·여행,0.7312
069510,에스텍,KOSDAQ,1611,전자장비와기기,보험,0.8023,AI_인프라,0.7962,생활용품,0.784
037460,삼지전자,KOSDAQ,5801,통신장비,우주·위성,0.8016,유통,0.7949,전력기기,0.7939
019540,일지테크,KOSDAQ,952,자동차부품,해운,0.8014,건설,0.7934,석유화학,0.7816
000070,삼양홀딩스,KOSPI,4751,화학,보험,0.8012,은행,0.7733,에너지유틸리티,0.7599
033160,엠케이전자,KOSDAQ,6242,반도체와반도체장비,건설,0.8011,석유화학,0.7456,반도체_장비,0.7062
024910,경창산업,KOSDAQ,721,자동차부품,자동차_완성차,0.8008,자동차_부품,0.6804,비철금속,0.6641
093190,빅솔론,KOSDAQ,1592,컴퓨터와주변기기,유통,0.8006,신재생에너지,0.7514,패션·의류,0.7139
089600,KT나스미디어,KOSDAQ,1331,광고,보험,0.8006,레저·여행,0.7598,내수식품,0.7583
017370,우신시스템,KOSPI,1053,자동차부품,생활용품,0.8005,방산,0.772,보험,0.7606
007540,샘표,KOSPI,1391,식품,보험,0.7996,물류·육운,0.7845,증권,0.7202
065450,빅텍,KOSDAQ,1411,우주항공과국방,해운,0.7994,건설,0.7909,전력기기,0.6842
036030,케이티알파,KOSDAQ,2460,인터넷과카탈로그소매,레저·여행,0.799,생활용품,0.6562,은행,0.6492
098120,마이크로컨텍솔,KOSDAQ,3316,반도체와반도체장비,보험,0.7985,방산,0.791,레저·여행,0.6598
056090,시지메드텍,KOSDAQ,1721,건강관리장비와용품,시멘트,0.7978,우주·위성,0.7634,디스플레이,0.7422
396300,세아메카닉스,KOSDAQ,1539,전자장비와기기,증권,0.7976,원전,0.7864,건자재,0.7768
004960,한신공영,KOSPI,1703,건설,시멘트,0.7976,건자재,0.7751,유통,0.7567
357580,아모센스,KOSDAQ,2099,핸드셋,우주·위성,0.7969,반도체_장비,0.7831,디스플레이,0.769
213500,한솔제지,KOSPI,1746,종이와목재,물류·육운,0.7968,석유화학,0.7902,패션·의류,0.774
009290,광동제약,KOSPI,3839,제약,건자재,0.7963,해운,0.7952,디스플레이,0.7712
261200,덴티스,KOSDAQ,603,건강관리장비와용품,방산,0.7962,K푸드_수출,0.724,화장품_ODM,0.7161
125020,티씨머티리얼즈,KOSDAQ,2354,전기장비,철강,0.7961,전력기기,0.7813,건자재,0.7805
293480,하나제약,KOSPI,1654,제약,레저·여행,0.7957,미디어·콘텐츠,0.7165,K푸드_수출,0.7086
015890,태경산업,KOSPI,1416,비철금속,레저·여행,0.7956,생활용품,0.752,은행,0.7158
021320,KCC건설,KOSDAQ,1401,건설,증권,0.7956,유통,0.7907,내수식품,0.7831
027410,BGF,KOSPI,4479,화학,신재생에너지,0.7954,건설,0.7753,증권,0.7414
138080,오이솔루션,KOSDAQ,5743,통신장비,전력기기,0.7953,반도체_장비,0.6991,건설,0.6935
151860,KG에코솔루션,KOSDAQ,2979,자동차,패션·의류,0.7948,레저·여행,0.7654,물류·육운,0.7499
299170,더블유에스아이,KOSDAQ,946,제약,로봇,0.7942,자동차_부품,0.7426,중소제약,0.6495
219130,타이거일렉,KOSDAQ,3618,반도체와반도체장비,반도체_소재부품,0.7938,디스플레이,0.7927,반도체_중소형,0.7796
032560,황금에스티,KOSPI,999,비철금속,패션·의류,0.7938,레저·여행,0.7867,보험,0.7707
001510,SK증권,KOSPI,10431,증권,해운,0.7936,건설,0.7913,건자재,0.779
232530,이엠티,KOSDAQ,3345,전기제품,건설,0.7935,전력기기,0.7051,해운,0.6113
052260,현대바이오랜드,KOSDAQ,1278,화장품,보험,0.7933,AI_인프라,0.7329,방산,0.6689
085910,네오티스,KOSDAQ,4298,자동차부품,전력기기,0.7932,자동차_완성차,0.7172,자동차_부품,0.7023
172670,에이엘티,KOSDAQ,1805,반도체와반도체장비,반도체_소재부품,0.7931,반도체_대형,0.7784,반도체_중소형,0.771
061970,LB세미콘,KOSDAQ,3177,반도체와반도체장비,반도체_중소형,0.7929,반도체_소재부품,0.7841,반도체_대형,0.7735
034950,한국기업평가,KOSDAQ,4826,상업서비스와공급품,보험,0.7928,내수식품,0.683,레저·여행,0.6721
088390,이녹스,KOSDAQ,1192,레저용장비와제품,디스플레이,0.7928,석유화학,0.784,핀테크·결제,0.7695
347860,알체라,KOSDAQ,935,소프트웨어,AI_인프라,0.7926,레저·여행,0.7408,빅플랫폼,0.7017
086710,선진뷰티사이언스,KOSDAQ,1247,화장품,K푸드_수출,0.7925,화장품_브랜드,0.6735,화장품_ODM,0.6608
072950,빛샘전자,KOSDAQ,1264,전자장비와기기,건설,0.7923,석유화학,0.6597,유통,0.6332
141000,비아트론,KOSDAQ,1470,디스플레이장비및부품,신재생에너지,0.7917,해운,0.7057,건설,0.6899
109740,디에스케이,KOSDAQ,1306,전자장비와기기,레저·여행,0.7916,게임,0.6735,화장품_ODM,0.6705
104200,NHN벅스,KOSDAQ,548,방송과엔터테인먼트,자동차_완성차,0.7916,우주·위성,0.709,자동차_부품,0.6702
304360,에스바이오메딕스,KOSDAQ,4006,생물공학,자동차_부품,0.7909,반도체_소재부품,0.7424,반도체_대형,0.7341
246960,SCL사이언스,KOSDAQ,630,건강관리업체및서비스,AI_인프라,0.7908,빅플랫폼,0.759,레저·여행,0.6558
418550,제이오,KOSDAQ,3582,건설,IT부품,0.7906,2차전지_소재부품,0.7787,2차전지_셀,0.7062
105840,우진,KOSPI,4766,기계,반도체_소재부품,0.7906,반도체_대형,0.7794,반도체_중소형,0.7749
483650,달바글로벌,KOSPI,30619,화장품,철강,0.7905,석유화학,0.7356,통신,0.7315
032500,케이엠더블유,KOSDAQ,13995,통신장비,원전,0.7902,석유화학,0.7395,해운,0.7372
064290,인텍플러스,KOSDAQ,3595,반도체와반도체장비,반도체_소재부품,0.7898,반도체_중소형,0.7747,반도체_장비,0.7682
001630,종근당홀딩스,KOSPI,2312,제약,증권,0.7898,은행,0.7392,보험,0.7165
094970,제이엠티,KOSDAQ,669,디스플레이장비및부품,반도체_소재부품,0.7895,석유화학,0.7858,디스플레이,0.7837
044820,코스맥스비티아이,KOSPI,1882,건강관리업체및서비스,레저·여행,0.789,방산,0.7736,화장품_ODM,0.7708
092300,현우산업,KOSDAQ,776,전자장비와기기,반도체_소재부품,0.7883,반도체_대형,0.7298,반도체_중소형,0.6994
317330,덕산테코피아,KOSDAQ,5262,반도체와반도체장비,IT부품,0.7881,2차전지_셀,0.6841,2차전지_소재부품,0.6794
023800,인지컨트롤스,KOSPI,1252,자동차부품,자동차_부품,0.788,유통,0.7877,반도체_중소형,0.7855
079370,제우스,KOSDAQ,4742,반도체와반도체장비,로봇,0.7877,반도체_중소형,0.7866,반도체_소재부품,0.775
002020,코오롱,KOSPI,9241,복합기업,보험,0.7874,중국내수식품,0.7857,레저·여행,0.781
321370,센서뷰,KOSDAQ,1748,통신장비,자동차_완성차,0.7873,우주·위성,0.7834,비철금속,0.6821
036530,SNT홀딩스,KOSPI,8934,자동차부품,방산,0.7872,레저·여행,0.754,생활용품,0.7364
125210,아모그린텍,KOSDAQ,2230,화학,석유화학,0.7872,디스플레이,0.7677,건설,0.715
010690,화신,KOSPI,5398,자동차부품,디스플레이,0.787,석유화학,0.7656,해운,0.7609
045390,대아티아이,KOSDAQ,2942,IT서비스,방산,0.7866,레저·여행,0.7053,미디어·콘텐츠,0.7003
122350,삼기,KOSDAQ,513,자동차부품,자동차_완성차,0.7865,2차전지_소재부품,0.6965,자동차_부품,0.6733
474610,RF시스템즈,KOSDAQ,1633,우주항공과국방,우주·위성,0.7864,건설,0.7506,시멘트,0.6591
037030,파워넷,KOSDAQ,2329,전기제품,건설,0.786,해운,0.6673,석유화학,0.6496
096350,대창솔루션,KOSDAQ,972,조선,원전,0.7857,신재생에너지,0.737,증권,0.6292
089890,코세스,KOSDAQ,6716,반도체와반도체장비,2차전지_셀,0.7855,반도체_대형,0.7367,반도체_소재부품,0.6925
000860,강남제비스코,KOSPI,1981,건축자재,자동차_완성차,0.7854,비철금속,0.6919,자동차_부품,0.6726
144510,지씨셀,KOSDAQ,3649,건강관리업체및서비스,중소제약,0.7853,바이오_임상단계,0.7833,2차전지_셀,0.7406
036220,오상헬스케어,KOSDAQ,1289,생명과학도구및서비스,방산,0.785,보험,0.7118,미용·에스테틱,0.7065
032850,비트컴퓨터,KOSDAQ,803,건강관리기술,신재생에너지,0.7848,유통,0.699,해운,0.6879
008260,NI스틸,KOSPI,1056,건축자재,증권,0.7846,은행,0.7379,건자재,0.7281
297090,씨에스베어링,KOSDAQ,1859,기계,신재생에너지,0.7845,보험,0.6313,방산,0.5649
072470,우리산업홀딩스,KOSDAQ,727,자동차부품,핀테크·결제,0.7844,AI_인프라,0.7761,증권,0.7669
095910,에스에너지,KOSDAQ,757,에너지장비및서비스,신재생에너지,0.7843,건설,0.706,해운,0.6604
096760,JW홀딩스,KOSPI,2908,제약,내수식품,0.7843,물류·육운,0.7176,패션·의류,0.7151
049800,우진플라임,KOSPI,506,기계,디스플레이,0.7841,시멘트,0.7723,건자재,0.7664
002700,신일전자,KOSPI,1003,가정용기기와용품,철강,0.7839,유통,0.695,패션·의류,0.6108
126730,코칩,KOSDAQ,1615,전기제품,반도체_중소형,0.7838,반도체_소재부품,0.7265,디스플레이,0.7233
310200,애니플러스,KOSDAQ,1374,방송과엔터테인먼트,방산,0.7831,화장품_ODM,0.7145,보험,0.7102
053260,금강철강,KOSDAQ,1053,철강,건설,0.7824,석유화학,0.7478,해운,0.7064
459100,위츠,KOSDAQ,902,핸드셋,2차전지_셀,0.7822,타이어,0.5741,바이오_임상단계,0.5695
211270,AP위성,KOSDAQ,2518,통신장비,우주·위성,0.781,자동차_완성차,0.6183,로봇,0.6171
122990,와이솔,KOSDAQ,1995,핸드셋,철강,0.7809,유통,0.7653,우주·위성,0.6956
067900,와이엔텍,KOSDAQ,1304,해운사,패션·의류,0.7809,내수식품,0.7785,유통,0.7638
298830,슈어소프트테크,KOSDAQ,4303,소프트웨어,자동차_부품,0.78,로봇,0.6847,자동차_완성차,0.6445
084680,이월드,KOSPI,2538,"섬유,의류,신발,호화품",건자재,0.7797,증권,0.7646,원전,0.7521
001780,알루코,KOSPI,2657,비철금속,철강,0.7796,석유화학,0.7497,건설,0.7436
017900,광전자,KOSPI,6553,전자장비와기기,건설,0.7792,해운,0.5479,석유화학,0.5362
460470,아이빔테크놀로지,KOSDAQ,615,생명과학도구및서비스,반도체_장비,0.7789,반도체_소재부품,0.7201,반도체_중소형,0.7099
000320,노루홀딩스,KOSPI,2698,건축자재,레저·여행,0.7787,생활용품,0.7317,게임,0.7141
365270,큐라클,KOSDAQ,3398,제약,우주·위성,0.7787,반도체_장비,0.7268,시멘트,0.7214
290550,디케이티,KOSDAQ,6580,핸드셋,건설,0.7786,전력기기,0.7308,디스플레이,0.7151
474170,루미르,KOSDAQ,2489,우주항공과국방,자동차_완성차,0.7784,반도체_중소형,0.7688,우주·위성,0.7508
212560,네오오토,KOSDAQ,1494,자동차부품,자동차_부품,0.7783,자동차_완성차,0.6933,로봇,0.6352
104460,디와이피엔에프,KOSDAQ,1382,기계,방산,0.7779,보험,0.6613,미용·에스테틱,0.6483
011760,현대코퍼레이션,KOSPI,3677,무역회사와판매업체,철강,0.7778,내수식품,0.6467,중국내수식품,0.641
123040,엠에스오토텍,KOSDAQ,1465,자동차부품,핀테크·결제,0.7776,물류·육운,0.7635,원전,0.7625
002240,고려제강,KOSPI,6061,철강,자동차_부품,0.7771,전력기기,0.7715,석유화학,0.7613
033310,엠투엔,KOSDAQ,649,자동차부품,레저·여행,0.7768,내수식품,0.7309,물류·육운,0.7283
264450,유비쿼스,KOSDAQ,2182,통신장비,석유화학,0.7764,2차전지_소재부품,0.7594,디스플레이,0.738
058650,세아홀딩스,KOSPI,6422,철강,은행,0.7763,핀테크·결제,0.7609,물류·육운,0.7265
166480,코아스템켐온,KOSDAQ,2180,생물공학,비철금속,0.7763,시멘트,0.6606,전력기기,0.6481
102260,동성케미컬,KOSPI,2097,화학,패션·의류,0.7761,물류·육운,0.7676,은행,0.7408
012700,리드코프,KOSDAQ,897,석유와가스,내수식품,0.7759,신재생에너지,0.7052,방산,0.6842
221840,하이즈항공,KOSDAQ,508,우주항공과국방,핀테크·결제,0.7759,은행,0.7573,레저·여행,0.7181
394280,오픈엣지테크놀로지,KOSDAQ,4992,반도체와반도체장비,반도체_중소형,0.7754,반도체_장비,0.721,우주·위성,0.6867
029460,케이씨,KOSPI,4220,반도체와반도체장비,증권,0.7751,반도체_소재부품,0.7744,반도체_중소형,0.7514
068330,일신바이오,KOSDAQ,619,생명과학도구및서비스,레저·여행,0.7751,AI_인프라,0.742,에너지유틸리티,0.7289
093520,매커스,KOSDAQ,3583,반도체와반도체장비,레저·여행,0.7749,핀테크·결제,0.7104,은행,0.6884
285130,SK케미칼,KOSPI,8640,화학,레저·여행,0.7741,에너지유틸리티,0.7492,생활용품,0.7074
273060,와이즈버즈,KOSDAQ,602,광고,레저·여행,0.7739,게임,0.7132,내수식품,0.6716
035150,백산,KOSPI,2171,"섬유,의류,신발,호화품",보험,0.7737,방산,0.6655,미용·에스테틱,0.6136
088280,쏘닉스,KOSDAQ,1162,핸드셋,건설,0.7735,철강,0.6109,해운,0.5763
083450,GST,KOSDAQ,11850,반도체와반도체장비,반도체_대형,0.7733,반도체_장비,0.7707,반도체_소재부품,0.7571
014940,오리엔탈정공,KOSDAQ,3313,조선,조선,0.773,바이오_임상단계,0.2102,의료기기,0.1901
092200,디아이씨,KOSPI,3601,자동차부품,자동차_부품,0.7727,바이오_기술이전,0.6802,로봇,0.6232
051500,CJ프레시웨이,KOSDAQ,2973,식품과기본식료품소매,보험,0.7727,미용·에스테틱,0.7233,레저·여행,0.7198
010280,아이티센엔텍,KOSDAQ,853,IT서비스,방산,0.7726,미디어·콘텐츠,0.7559,레저·여행,0.7468
003620,KG모빌리티,KOSPI,8115,자동차,2차전지_소재부품,0.7725,석유화학,0.7545,정유,0.7503
463020,뉴엔AI,KOSDAQ,1079,IT서비스,K푸드_수출,0.7725,생활용품,0.737,중국내수식품,0.7081
001040,CJ,KOSPI,60396,복합기업,레저·여행,0.7724,물류·육운,0.6857,내수식품,0.6615
028260,삼성물산,KOSPI,693272,복합기업,반도체_대형,0.7722,반도체_소재부품,0.7603,정유,0.7578
000700,유수홀딩스,KOSPI,1536,항공화물운송과물류,내수식품,0.772,패션·의류,0.7125,신재생에너지,0.7061
000140,하이트진로홀딩스,KOSPI,2016,음료,AI_인프라,0.7719,생활용품,0.74,보험,0.7399
071200,인피니트헬스케어,KOSDAQ,1726,건강관리기술,방산,0.7713,중국내수식품,0.7274,내수식품,0.7054
016880,웅진,KOSPI,1958,출판,레저·여행,0.7706,생활용품,0.6918,조선,0.6843
074430,아미노로직스,KOSDAQ,1095,제약,자동차_완성차,0.7705,비철금속,0.7018,우주·위성,0.6744
033130,디지틀조선,KOSDAQ,799,IT서비스,우주·위성,0.7702,전력기기,0.6732,시멘트,0.6667
021820,세원정공,KOSPI,1468,자동차부품,증권,0.7701,B2B_IT서비스,0.7644,핀테크·결제,0.754
484810,티엑스알로보틱스,KOSDAQ,2798,기계,로봇,0.77,자동차_부품,0.7104,반도체_소재부품,0.5986
001540,안국약품,KOSDAQ,1019,제약,물류·육운,0.7698,레저·여행,0.7638,에너지유틸리티,0.7517
125490,한라캐스트,KOSDAQ,6296,자동차부품,로봇,0.7695,의료기기,0.738,자동차_부품,0.7077
001360,삼성제약,KOSPI,1676,제약,건자재,0.7686,시멘트,0.7127,유통,0.6783
038460,바이오스마트,KOSDAQ,918,전자장비와기기,시멘트,0.7683,우주·위성,0.7611,유통,0.6795
376270,HEM파마,KOSDAQ,5116,건강관리업체및서비스,바이오_대형CDMO,0.7678,로봇,0.732,자동차_부품,0.712
294570,쿠콘,KOSDAQ,2800,IT서비스,레저·여행,0.7676,빅플랫폼,0.7366,미용·에스테틱,0.7105
067830,세이브존I&C,KOSPI,1186,백화점과일반상점,내수식품,0.7675,패션·의류,0.7241,물류·육운,0.6763
002170,SYTS,KOSPI,1758,"섬유,의류,신발,호화품",보험,0.7674,은행,0.7501,증권,0.7084
140670,알에스오토메이션,KOSDAQ,2198,기계,로봇,0.7674,우주·위성,0.597,자동차_부품,0.5822
128660,피제이메탈,KOSDAQ,833,비철금속,철강,0.7669,우주·위성,0.7574,유통,0.7202
439260,대한조선,KOSPI,28432,조선,신재생에너지,0.7667,해운,0.732,원전,0.689
289220,자이언트스텝,KOSDAQ,575,양방향미디어와서비스,방산,0.7667,미디어·콘텐츠,0.7567,생활용품,0.7211
950170,JTC,KOSDAQ,2509,백화점과일반상점,방산,0.7664,미용·에스테틱,0.6972,화장품_ODM,0.6602
274090,켄코아에어로스페이스,KOSDAQ,2979,우주항공과국방,우주·위성,0.7664,로봇,0.6423,자동차_완성차,0.6252
311320,지오엘리먼트,KOSDAQ,1344,반도체와반도체장비,반도체_중소형,0.7658,반도체_소재부품,0.7624,반도체_장비,0.7303
100120,뷰웍스,KOSDAQ,2982,건강관리장비와용품,시멘트,0.7656,유통,0.7584,우주·위성,0.7511
297570,알로이스,KOSDAQ,525,전자제품,석유화학,0.7651,디스플레이,0.7282,건자재,0.7103
071670,에이테크솔루션,KOSDAQ,920,기계,자동차_완성차,0.7651,자동차_부품,0.7616,우주·위성,0.6907
002230,피에스텍,KOSDAQ,1621,전기제품,자동차_완성차,0.7647,자동차_부품,0.7115,비철금속,0.6288
475430,키스트론,KOSDAQ,997,전기장비,철강,0.7646,IT부품,0.7148,유통,0.6897
012320,경동인베스트,KOSPI,1452,비철금속,건자재,0.7644,시멘트,0.7339,디스플레이,0.697
099220,SDN,KOSDAQ,760,에너지장비및서비스,신재생에너지,0.7644,내수식품,0.562,건설,0.5354
189860,서전기전,KOSDAQ,803,전기장비,전력기기,0.7641,건설,0.7281,우주·위성,0.6844
063170,서울옥션,KOSDAQ,1126,판매업체,게임,0.764,미디어·콘텐츠,0.7616,레저·여행,0.7536
104480,티케이케미칼,KOSDAQ,2049,화학,해운,0.7639,신재생에너지,0.6819,석유화학,0.6784
360350,코셈,KOSDAQ,710,전자장비와기기,건설,0.7636,신재생에너지,0.7348,해운,0.7254
036170,에이치엠넥스,KOSDAQ,4786,디스플레이장비및부품,건설,0.7632,우주·위성,0.7139,전력기기,0.7052
210540,디와이파워,KOSPI,1551,기계,석유화학,0.7631,건자재,0.7372,패션·의류,0.7237
220260,켐트로스,KOSDAQ,1722,화학,자동차_부품,0.763,중소제약,0.5917,타이어,0.5862
122450,KX,KOSDAQ,1382,복합기업,중국내수식품,0.7628,K푸드_수출,0.7329,레저·여행,0.7208
069730,DSR제강,KOSPI,735,철강,건설,0.7627,해운,0.7478,디스플레이,0.7155
086670,비엠티,KOSDAQ,1549,기계,반도체_소재부품,0.7626,석유화학,0.76,반도체_대형,0.6645
307180,아이엘,KOSDAQ,2902,디스플레이장비및부품,전력기기,0.7617,자동차_완성차,0.7093,시멘트,0.7022
417970,모델솔루션,KOSDAQ,1388,기계,바이오_기술이전,0.7617,자동차_부품,0.7254,타이어,0.6809
016740,두올,KOSPI,1364,자동차부품,건자재,0.7615,석유화학,0.7554,2차전지_소재부품,0.7466
052860,아이앤씨,KOSDAQ,1241,반도체와반도체장비,반도체_장비,0.7614,디스플레이,0.7077,반도체_중소형,0.7053
037350,성도이엔지,KOSDAQ,1724,건설,전력기기,0.7612,건자재,0.7132,시멘트,0.7032
002100,경농,KOSPI,1909,화학,신재생에너지,0.7612,보험,0.7585,중국내수식품,0.7399
138360,앤로보틱스,KOSDAQ,2706,기계,자동차_완성차,0.761,자동차_부품,0.6794,2차전지_소재부품,0.6376
432470,케이엔에스,KOSDAQ,1234,전기제품,2차전지_소재부품,0.7608,자동차_완성차,0.7183,반도체_소재부품,0.7052
003200,일신방직,KOSPI,2741,"섬유,의류,신발,호화품",패션·의류,0.7603,내수식품,0.7378,레저·여행,0.7201
033270,유나이티드제약,KOSPI,3080,제약,물류·육운,0.76,내수식품,0.7405,신재생에너지,0.6977
263800,데이타솔루션,KOSDAQ,827,IT서비스,AI_인프라,0.7594,빅플랫폼,0.7186,레저·여행,0.6594
232680,라온로보틱스,KOSDAQ,2367,반도체와반도체장비,자동차_부품,0.7591,로봇,0.7368,우주·위성,0.7101
290740,액트로,KOSDAQ,1723,핸드셋,자동차_완성차,0.7591,자동차_부품,0.7474,우주·위성,0.6828
413630,씨피시스템,KOSDAQ,1362,기계,바이오_임상단계,0.759,2차전지_셀,0.7247,반도체_대형,0.6766
050110,캠시스,KOSDAQ,564,핸드셋,생활용품,0.7589,레저·여행,0.7277,게임,0.6946
217500,러셀,KOSDAQ,981,반도체와반도체장비,자동차_완성차,0.7584,자동차_부품,0.7339,로봇,0.6961
108380,대양전기공업,KOSDAQ,2645,조선,조선,0.7583,방산,0.6829,미용·에스테틱,0.6656
046970,우리로,KOSDAQ,3865,컴퓨터와주변기기,건설,0.7578,해운,0.5729,전력기기,0.5371
094820,일진파워,KOSDAQ,2869,건설,유통,0.7578,우주·위성,0.7576,건자재,0.7515
347000,센코,KOSDAQ,875,전자장비와기기,방산,0.7576,신재생에너지,0.6801,패션·의류,0.6614
226320,잇츠한불,KOSPI,2664,화장품,화장품_브랜드,0.7576,화장품_ODM,0.7513,K푸드_수출,0.7455
338840,와이바이오로직스,KOSDAQ,2968,생물공학,중소제약,0.7574,2차전지_셀,0.6639,바이오_기술이전,0.6568
036800,나이스정보통신,KOSDAQ,2785,상업서비스와공급품,핀테크·결제,0.7567,레저·여행,0.7474,은행,0.7344
307280,원바이오젠,KOSDAQ,515,건강관리장비와용품,자동차_부품,0.7566,유통,0.7371,2차전지_소재부품,0.7165
378340,필에너지,KOSDAQ,3883,전기제품,2차전지_소재부품,0.7566,석유화학,0.7141,반도체_소재부품,0.7041
101330,모베이스,KOSDAQ,1284,자동차부품,자동차_완성차,0.7562,우주·위성,0.7248,자동차_부품,0.6446
366030,공구우먼,KOSDAQ,1377,"섬유,의류,신발,호화품",반도체_대형,0.7557,자동차_부품,0.75,반도체_소재부품,0.7468
196450,코아시아씨엠,KOSDAQ,528,핸드셋,디스플레이,0.7553,건자재,0.672,원전,0.6679
388870,파로스아이바이오,KOSDAQ,987,생물공학,자동차_부품,0.7553,중소제약,0.6446,타이어,0.6018
047310,파워로직스,KOSDAQ,1817,핸드셋,자동차_완성차,0.7552,자동차_부품,0.6955,우주·위성,0.6898
093050,LF,KOSPI,7032,"섬유,의류,신발,호화품",통신,0.7552,건자재,0.7456,해운,0.7327
011560,세보엠이씨,KOSDAQ,2251,건설,석유화학,0.755,정유,0.7192,디스플레이,0.7035
484590,삼양컴텍,KOSDAQ,4533,우주항공과국방,방산,0.7543,조선,0.6439,게임,0.5781
042420,네오위즈홀딩스,KOSDAQ,1618,게임엔터테인먼트,미디어·콘텐츠,0.7542,레저·여행,0.733,게임,0.7084
065710,서호전기,KOSDAQ,2247,운송인프라,레저·여행,0.7541,미디어·콘텐츠,0.7272,내수식품,0.6942
018470,조일알미늄,KOSPI,1972,비철금속,철강,0.7541,건설,0.6983,신재생에너지,0.6534
007690,국도화학,KOSPI,3583,화학,물류·육운,0.754,레저·여행,0.7064,증권,0.706
024850,HLB이노베이션,KOSDAQ,7695,반도체와반도체장비,전력기기,0.7538,우주·위성,0.7399,반도체_장비,0.6913
004310,현대약품,KOSPI,2422,제약,자동차_완성차,0.7537,자동차_부품,0.6934,로봇,0.628
119830,아이텍,KOSDAQ,1828,반도체와반도체장비,반도체_중소형,0.7534,우주·위성,0.749,반도체_소재부품,0.6833
054210,이랜텍,KOSDAQ,2913,핸드셋,석유화학,0.7531,핀테크·결제,0.7339,2차전지_소재부품,0.7146
236200,슈프리마,KOSDAQ,3323,전자장비와기기,유통,0.7529,신재생에너지,0.7091,내수식품,0.6814
065440,이루온,KOSDAQ,1262,IT서비스,건설,0.7527,해운,0.5935,신재생에너지,0.5678
096250,와이즈넛,KOSDAQ,1264,소프트웨어,미디어·콘텐츠,0.7525,게임,0.7287,레저·여행,0.7096
041910,폴라리스AI파마,KOSDAQ,980,제약,신재생에너지,0.7524,B2B_IT서비스,0.6467,패션·의류,0.644
368770,파이버프로,KOSDAQ,7556,전자장비와기기,우주·위성,0.7521,전력기기,0.5903,자동차_부품,0.5794
079980,휴비스,KOSPI,1009,"섬유,의류,신발,호화품",신재생에너지,0.7517,레저·여행,0.6901,중국내수식품,0.6491
054950,제이브이엠,KOSDAQ,2865,건강관리장비와용품,조선,0.7516,레저·여행,0.7165,미용·에스테틱,0.6752
038110,에코플라스틱,KOSDAQ,1311,자동차부품,레저·여행,0.7512,물류·육운,0.7089,방산,0.6781
059090,미코,KOSDAQ,7936,반도체와반도체장비,화장품_브랜드,0.751,화장품_ODM,0.73,레저·여행,0.7237
078150,HB테크놀러지,KOSDAQ,4070,디스플레이장비및부품,반도체_장비,0.7507,IT부품,0.7259,반도체_중소형,0.7244
105330,케이엔더블유,KOSDAQ,1597,반도체와반도체장비,석유화학,0.7507,반도체_소재부품,0.7443,반도체_장비,0.713
064820,케이프,KOSDAQ,4246,증권,조선,0.7505,의료기기,0.4664,반도체_대형,0.4369
241770,메카로,KOSDAQ,3913,반도체와반도체장비,반도체_소재부품,0.7503,반도체_대형,0.7244,반도체_장비,0.7113
096630,에스코넥,KOSDAQ,540,핸드셋,신재생에너지,0.7495,B2B_IT서비스,0.7079,원전,0.707
012800,대창,KOSPI,1675,비철금속,철강,0.7494,B2B_IT서비스,0.5837,유통,0.5827
046210,HLB파나진,KOSDAQ,855,생명과학도구및서비스,전력기기,0.7491,건설,0.6053,우주·위성,0.5898
418470,KT밀리의서재,KOSDAQ,1008,출판,보험,0.7489,내수식품,0.7392,레저·여행,0.7224
089230,THE E&M,KOSDAQ,1327,양방향미디어와서비스,건설,0.7483,해운,0.7019,원전,0.6715
235980,메드팩토,KOSDAQ,1578,제약,타이어,0.7482,바이오_기술이전,0.7335,중소제약,0.7063
012210,삼미금속,KOSDAQ,3002,기계,의료기기,0.748,중소제약,0.6961,타이어,0.6595
270660,에브리봇,KOSDAQ,2234,가정용기기와용품,로봇,0.7476,의료기기,0.7179,자동차_부품,0.6585
028100,동아지질,KOSPI,2179,건설,내수식품,0.7474,B2B_IT서비스,0.6552,패션·의류,0.6011
163280,에어레인,KOSDAQ,749,화학,K푸드_수출,0.7474,방산,0.6132,미용·에스테틱,0.5793
451250,삐아,KOSDAQ,833,화장품,화장품_ODM,0.7473,화장품_브랜드,0.7243,K푸드_수출,0.724
348350,위드텍,KOSDAQ,1103,반도체와반도체장비,증권,0.7468,은행,0.744,AI_인프라,0.7377
025530,SJM홀딩스,KOSPI,547,자동차부품,레저·여행,0.7466,에너지유틸리티,0.7406,은행,0.7155
481070,에이유브랜즈,KOSDAQ,2375,"섬유,의류,신발,호화품",미디어·콘텐츠,0.7466,레저·여행,0.7452,화장품_ODM,0.7038
006120,SK디스커버리,KOSPI,9455,석유와가스,레저·여행,0.7465,빅플랫폼,0.7391,AI_인프라,0.7264
002960,한국쉘석유,KOSPI,6149,화학,에너지유틸리티,0.7463,보험,0.7257,화장품_브랜드,0.6631
123690,한국화장품,KOSPI,1354,화장품,레저·여행,0.7461,화장품_브랜드,0.7195,화장품_ODM,0.6628
035080,그래디언트,KOSDAQ,1218,인터넷과카탈로그소매,방산,0.746,엔터·음악,0.6799,보험,0.6721
314130,지놈앤컴퍼니,KOSDAQ,2560,제약,자동차_부품,0.746,자동차_완성차,0.7039,중소제약,0.6599
187870,디바이스,KOSDAQ,1871,디스플레이장비및부품,전력기기,0.7459,건설,0.745,석유화학,0.7426
256940,킵스파마,KOSDAQ,1333,비철금속,방산,0.7459,K푸드_수출,0.6069,미용·에스테틱,0.5939
066360,체리부로,KOSDAQ,530,식품,해운,0.7459,건설,0.7282,우주·위성,0.7178
288620,에스프리즘,KOSDAQ,729,전기제품,화장품_브랜드,0.7456,레저·여행,0.7282,화장품_ODM,0.67
304100,솔트룩스,KOSDAQ,2556,IT서비스,엔터·음악,0.7453,AI_인프라,0.7244,방산,0.7133
092460,한라IMS,KOSDAQ,3464,조선,조선,0.7452,의료기기,0.3417,2차전지_셀,0.3148
264660,씨앤지하이테크,KOSDAQ,2231,반도체와반도체장비,반도체_소재부품,0.745,반도체_중소형,0.7122,반도체_장비,0.7092
059210,메타바이오메드,KOSDAQ,1109,건강관리장비와용품,K푸드_수출,0.7448,미용·에스테틱,0.742,화장품_ODM,0.7258
241790,티이엠씨씨엔에스,KOSDAQ,873,반도체와반도체장비,레저·여행,0.7444,핀테크·결제,0.7201,보험,0.7111
053080,케이엔솔,KOSDAQ,1851,기계,반도체_중소형,0.7443,정유,0.7416,디스플레이,0.739
006090,사조오양,KOSPI,769,식품,AI_인프라,0.7442,화장품_ODM,0.7313,에너지유틸리티,0.7162
041520,이엘씨,KOSDAQ,1407,반도체와반도체장비,신재생에너지,0.7441,건설,0.6811,철강,0.6667
016590,신대양제지,KOSPI,4614,포장재,레저·여행,0.7438,미디어·콘텐츠,0.7394,AI_인프라,0.7371
049080,기가레인,KOSDAQ,1723,통신장비,건설,0.7436,해운,0.5686,석유화학,0.5613
317830,에스피시스템스,KOSDAQ,1216,기계,로봇,0.7435,바이오_기술이전,0.6215,자동차_부품,0.5882
299030,하나기술,KOSDAQ,2026,전자장비와기기,반도체_소재부품,0.7433,2차전지_소재부품,0.7201,반도체_대형,0.7177
317450,명인제약,KOSPI,7562,제약,디스플레이,0.7432,생활용품,0.7201,통신,0.7171
006340,대원전선,KOSPI,11958,전기장비,전력기기,0.7423,IT부품,0.6927,디스플레이,0.6321
001390,KG케미칼,KOSPI,3704,자동차,패션·의류,0.7421,레저·여행,0.7398,핀테크·결제,0.7397
036640,HRS,KOSDAQ,825,화학,레저·여행,0.7417,화장품_브랜드,0.6869,화장품_ODM,0.6763
067160,SOOP,KOSDAQ,6115,양방향미디어와서비스,보험,0.7408,AI_인프라,0.5609,B2B_IT서비스,0.5004
215000,골프존,KOSDAQ,3015,"호텔,레스토랑,레저",중국내수식품,0.7407,레저·여행,0.6811,생활용품,0.6595
008970,KBI동양철관,KOSPI,1724,철강,K푸드_수출,0.7402,화장품_ODM,0.689,방산,0.6802
004800,효성,KOSPI,42855,복합기업,2차전지_셀,0.7394,정유,0.678,타이어,0.65
042370,비츠로테크,KOSDAQ,4202,전기제품,석유화학,0.7393,전력기기,0.7241,건설,0.7122
031820,아이티센씨티에스,KOSPI,1003,IT서비스,유통,0.739,철강,0.7274,신재생에너지,0.7206
078600,대주전자재료,KOSDAQ,22678,전자장비와기기,전력기기,0.7389,IT부품,0.7089,반도체_장비,0.6862
214270,FSN,KOSDAQ,811,양방향미디어와서비스,보험,0.7383,AI_인프라,0.7375,은행,0.7148
460940,피앤에스로보틱스,KOSDAQ,1391,건강관리장비와용품,바이오_기술이전,0.7382,로봇,0.605,바이오_임상단계,0.5949
192250,케이사인,KOSDAQ,885,소프트웨어,레저·여행,0.7379,AI_인프라,0.722,핀테크·결제,0.6599
448280,에코아이,KOSDAQ,3259,상업서비스와공급품,레저·여행,0.7379,미용·에스테틱,0.7173,방산,0.7061
394800,쓰리빌리언,KOSDAQ,3442,건강관리기술,바이오_기술이전,0.7374,중소제약,0.6494,바이오_대형CDMO,0.6331
032620,GC메디아이,KOSDAQ,1975,건강관리기술,레저·여행,0.7373,게임,0.6928,물류·육운,0.6594
008350,남선알미늄,KOSPI,2517,비철금속,건설,0.737,우주·위성,0.6137,전력기기,0.6125
013520,화승코퍼레이션,KOSPI,1671,자동차부품,석유화학,0.7362,디스플레이,0.7304,증권,0.726
076610,해성옵틱스,KOSDAQ,1238,핸드셋,우주·위성,0.7362,전력기기,0.7143,자동차_완성차,0.6917
102370,케이옥션,KOSDAQ,771,판매업체,AI_인프라,0.7362,생활용품,0.732,보험,0.6996
417840,저스템,KOSDAQ,3859,반도체와반도체장비,반도체_중소형,0.7356,디스플레이,0.7289,반도체_장비,0.7114
065680,우주일렉트로,KOSDAQ,3880,핸드셋,방산,0.7353,미용·에스테틱,0.6266,AI_인프라,0.6138
357230,에이치피오,KOSDAQ,1170,건강관리업체및서비스,반도체_소재부품,0.7352,반도체_중소형,0.702,디스플레이,0.6943
393210,토마토시스템,KOSDAQ,623,IT서비스,방산,0.7351,K푸드_수출,0.7149,화장품_브랜드,0.6345
042110,에스씨디,KOSDAQ,726,전기제품,철강,0.7348,건설,0.73,해운,0.668
100700,세운메디칼,KOSDAQ,1116,건강관리장비와용품,해운,0.7342,통신,0.7298,건자재,0.7247
010660,화천기계,KOSPI,1061,기계,내수식품,0.734,레저·여행,0.6938,방산,0.6834
417500,제이아이테크,KOSDAQ,1734,반도체와반도체장비,우주·위성,0.7339,건설,0.6939,반도체_장비,0.6919
014910,성문전자,KOSPI,720,전기제품,자동차_완성차,0.7336,자동차_부품,0.6838,우주·위성,0.6242
012200,계양전기,KOSPI,3628,자동차부품,자동차_완성차,0.7332,자동차_부품,0.6738,우주·위성,0.6126
348210,넥스틴,KOSDAQ,7250,반도체와반도체장비,자동차_부품,0.7327,로봇,0.7242,바이오_임상단계,0.6815
355150,코스텍시스,KOSDAQ,4288,반도체와반도체장비,원전,0.7326,석유화학,0.722,신재생에너지,0.6871
159010,아스플로,KOSDAQ,1833,기계,반도체_장비,0.7325,반도체_소재부품,0.6897,전력기기,0.6892
003720,삼영,KOSPI,4348,화학,IT부품,0.7324,2차전지_소재부품,0.6878,석유화학,0.6383
005680,삼영전자,KOSPI,2838,전기제품,건설,0.7324,해운,0.6577,우주·위성,0.6528
161000,애경케미칼,KOSPI,6689,화학,신재생에너지,0.7322,증권,0.6885,화장품_브랜드,0.688
446540,메가터치,KOSDAQ,1692,전자장비와기기,철강,0.7319,석유화학,0.6933,유통,0.6522
217330,싸이토젠,KOSDAQ,1193,건강관리업체및서비스,자동차_부품,0.7319,자동차_완성차,0.6198,로봇,0.5779
058860,KTis,KOSPI,976,상업서비스와공급품,보험,0.7318,생활용품,0.6835,미디어·콘텐츠,0.6802
100590,머큐리,KOSDAQ,1665,통신장비,건설,0.7316,전력기기,0.6415,해운,0.5827
291650,압타머사이언스,KOSDAQ,735,생물공학,해운,0.7315,원전,0.7291,건설,0.7196
317400,자이에스앤디,KOSPI,1657,건설,유통,0.7314,패션·의류,0.7209,건자재,0.7114
066670,디티씨,KOSDAQ,603,핸드셋,패션·의류,0.7312,레저·여행,0.6887,타이어,0.6078
192650,드림텍,KOSPI,4386,핸드셋,자동차_부품,0.7312,바이오_임상단계,0.7216,2차전지_소재부품,0.7111
199800,툴젠,KOSDAQ,11647,생물공학,반도체_대형,0.7309,2차전지_셀,0.7132,반도체_소재부품,0.6842
043370,피에이치에이,KOSDAQ,2700,자동차부품,석유화학,0.7307,반도체_중소형,0.6965,패션·의류,0.6936
005500,삼진제약,KOSPI,2390,제약,레저·여행,0.7306,에너지유틸리티,0.6623,은행,0.6545
456160,지투지바이오,KOSDAQ,11399,제약,바이오_임상단계,0.7304,바이오_기술이전,0.6884,중소제약,0.6596
060150,인선이엔티,KOSDAQ,1937,상업서비스와공급품,내수식품,0.7303,패션·의류,0.6895,신재생에너지,0.6848
460850,동국씨엠,KOSPI,1838,철강,철강,0.7302,건설,0.621,유통,0.571
069260,TKG휴켐스,KOSPI,7031,화학,CMO_CDMO,0.73,타이어,0.6505,은행,0.636
287840,인투셀,KOSDAQ,4859,제약,바이오_기술이전,0.7292,바이오_임상단계,0.6809,의료기기,0.5599
084850,아이티엠반도체,KOSDAQ,3842,전자장비와기기,석유화학,0.729,건설,0.7009,해운,0.6753
117670,알파칩스,KOSDAQ,1203,반도체와반도체장비,전력기기,0.7288,자동차_완성차,0.7144,시멘트,0.6567
108230,톱텍,KOSDAQ,1560,디스플레이장비및부품,반도체_소재부품,0.7283,타이어,0.7181,석유화학,0.6921
073560,우리손에프앤지,KOSDAQ,1182,식품,패션·의류,0.7279,유통,0.7239,내수식품,0.6882
001080,만호제강,KOSPI,2498,철강,의료기기,0.7276,반도체_소재부품,0.6929,반도체_대형,0.6857
388790,라이콤,KOSDAQ,1643,통신장비,전력기기,0.7275,건설,0.671,해운,0.6147
005160,동국산업,KOSDAQ,1735,철강,해운,0.7274,건자재,0.7261,석유화학,0.7105
222420,쎄노텍,KOSDAQ,709,화학,우주·위성,0.7274,유통,0.7252,시멘트,0.6646
089150,케이씨티,KOSDAQ,557,컴퓨터와주변기기,생활용품,0.7272,레저·여행,0.6917,빅플랫폼,0.6887
464500,아이언디바이스,KOSDAQ,507,반도체와반도체장비,반도체_소재부품,0.7265,반도체_중소형,0.6979,디스플레이,0.6441
239890,피엔에이치테크,KOSDAQ,547,디스플레이장비및부품,반도체_중소형,0.7264,디스플레이,0.7193,반도체_소재부품,0.7058
011370,서한,KOSDAQ,1015,건설,신재생에너지,0.7264,증권,0.6721,통신,0.6692
302550,리메드,KOSDAQ,870,건강관리장비와용품,보험,0.7257,AI_인프라,0.5944,항공,0.4692
372910,한컴라이프케어,KOSPI,658,건강관리장비와용품,패션·의류,0.7256,자동차_부품,0.6993,타이어,0.643
060980,HL홀딩스,KOSPI,4203,자동차부품,패션·의류,0.7254,타이어,0.6337,물류·육운,0.5795
035810,이지홀딩스,KOSDAQ,3303,식품,유통,0.7254,패션·의류,0.6811,B2B_IT서비스,0.6569
424980,마이크로투나노,KOSDAQ,769,반도체와반도체장비,반도체_중소형,0.7252,반도체_소재부품,0.6894,패션·의류,0.6546
209640,와이제이링크,KOSDAQ,2397,전자장비와기기,전력기기,0.7251,비철금속,0.6621,IT부품,0.6503
318060,그래피,KOSDAQ,3016,건강관리장비와용품,중소제약,0.7251,CMO_CDMO,0.6365,바이오_대형CDMO,0.6157
063080,컴투스홀딩스,KOSDAQ,1080,게임엔터테인먼트,보험,0.7249,AI_인프라,0.7061,항공,0.4029
002150,도화엔지니어링,KOSPI,2131,건설,건설,0.7248,해운,0.7025,철강,0.6713
238090,앤디포스,KOSDAQ,1018,핸드셋,건설,0.7243,전력기기,0.6274,해운,0.618
126600,BGF에코머티리얼즈,KOSDAQ,2391,화학,자동차_부품,0.7242,석유화학,0.7067,2차전지_소재부품,0.6974
451220,아이엠티,KOSDAQ,1220,반도체와반도체장비,반도체_중소형,0.7239,반도체_장비,0.6769,반도체_소재부품,0.6691
036710,심텍홀딩스,KOSDAQ,2815,전자장비와기기,반도체_소재부품,0.7238,반도체_대형,0.7054,의료기기,0.7009
049950,미래컴퍼니,KOSDAQ,1364,디스플레이장비및부품,로봇,0.7238,바이오_임상단계,0.6292,바이오_대형CDMO,0.6265
019990,에너토크,KOSDAQ,911,기계,화장품_브랜드,0.7229,원전,0.7001,보험,0.6878
000050,경방,KOSPI,2588,"섬유,의류,신발,호화품",패션·의류,0.7225,유통,0.7138,시멘트,0.6646
014530,극동유화,KOSPI,1269,석유와가스,해운,0.7222,시멘트,0.6841,건자재,0.6732
282880,코윈테크,KOSDAQ,1814,기계,반도체_대형,0.7222,자동차_부품,0.7184,로봇,0.7027
156100,엘앤케이바이오,KOSDAQ,1363,건강관리장비와용품,바이오_기술이전,0.7221,타이어,0.6598,자동차_부품,0.637
016580,환인제약,KOSPI,2081,제약,물류·육운,0.7221,에너지유틸리티,0.7058,패션·의류,0.646
014790,HL D&I,KOSPI,1154,건설,건설,0.722,시멘트,0.7135,건자재,0.7063
009680,모토닉,KOSPI,2295,자동차부품,중국내수식품,0.7217,내수식품,0.7183,K푸드_수출,0.6798
095190,신화프리텍,KOSDAQ,1569,기계,반도체_중소형,0.7208,반도체_소재부품,0.6666,반도체_장비,0.6339
085670,뉴프렉스,KOSDAQ,1528,전자장비와기기,반도체_중소형,0.7207,2차전지_소재부품,0.6891,자동차_부품,0.6753
000650,천일고속,KOSPI,3244,도로와철도운송,자동차_부품,0.7203,타이어,0.5995,중소제약,0.5701
081180,쎄크,KOSDAQ,999,전자장비와기기,자동차_부품,0.7197,바이오_대형CDMO,0.5773,로봇,0.5233
217820,원익피앤이,KOSDAQ,1596,전기제품,의료기기,0.7193,타이어,0.719,반도체_소재부품,0.6729
002990,금호건설,KOSPI,1671,건설,핀테크·결제,0.7191,건자재,0.7117,석유화학,0.7087
011500,한농화성,KOSPI,3361,화학,2차전지_소재부품,0.7188,시멘트,0.6375,건자재,0.6372
007340,DN오토모티브,KOSPI,26827,자동차부품,건설,0.7186,해운,0.6423,철강,0.6168
066620,국보디자인,KOSDAQ,1811,건설,보험,0.7186,은행,0.7018,생활용품,0.6162
119500,포메탈,KOSDAQ,518,기계,로봇,0.7183,자동차_부품,0.6574,우주·위성,0.6111
215100,로보로보,KOSDAQ,1434,교육서비스,의료기기,0.7182,로봇,0.5874,반도체_대형,0.5768
054620,APS,KOSDAQ,1098,반도체와반도체장비,우주·위성,0.7181,건설,0.6769,해운,0.6453
003480,한진중공업홀딩스,KOSPI,1638,가스유틸리티,레저·여행,0.718,생활용품,0.7096,내수식품,0.7081
215200,메가스터디교육,KOSDAQ,4602,교육서비스,내수식품,0.7179,신재생에너지,0.6981,레저·여행,0.6498
008040,사조동아원,KOSPI,1491,식품,K푸드_수출,0.7173,화장품_ODM,0.6911,미용·에스테틱,0.6852
048910,대원미디어,KOSDAQ,881,방송과엔터테인먼트,방산,0.7171,K푸드_수출,0.647,보험,0.6111
123410,코리아에프티,KOSDAQ,1921,자동차부품,타이어,0.7167,자동차_부품,0.6923,중소제약,0.6241
037070,파세코,KOSDAQ,1828,가정용기기와용품,패션·의류,0.7166,유통,0.6912,내수식품,0.6822
035510,신세계 I&C,KOSPI,2640,IT서비스,AI_인프라,0.7165,보험,0.5572,B2B_IT서비스,0.5147
155650,와이엠씨,KOSDAQ,862,디스플레이장비및부품,석유화학,0.716,디스플레이,0.6906,건자재,0.6719
102710,이엔에프테크놀로지,KOSDAQ,7443,반도체와반도체장비,레저·여행,0.7148,미용·에스테틱,0.6431,핀테크·결제,0.6405
381620,제닉스로보틱스,KOSDAQ,1676,기계,바이오_임상단계,0.7146,의료기기,0.5833,반도체_대형,0.5749
015860,일진홀딩스,KOSPI,6977,전기장비,핀테크·결제,0.7143,은행,0.6951,정유,0.6916
069410,엔텔스,KOSDAQ,504,IT서비스,레저·여행,0.7142,빅플랫폼,0.6936,방산,0.6923
307750,국전,KOSDAQ,1854,제약,원전,0.7142,신재생에너지,0.6707,핀테크·결제,0.6549
263860,지니언스,KOSDAQ,1399,소프트웨어,방산,0.714,미용·에스테틱,0.7073,레저·여행,0.704
017510,세명전기,KOSDAQ,2105,전기장비,조선,0.7139,화장품_ODM,0.5923,화장품_브랜드,0.5823
489460,바이오비쥬,KOSDAQ,1048,화장품,레저·여행,0.7139,CMO_CDMO,0.695,미용·에스테틱,0.6823
007820,엠엑스로보틱스,KOSDAQ,1167,기계,자동차_부품,0.7135,로봇,0.7007,반도체_중소형,0.6257
182360,큐브엔터,KOSDAQ,1357,방송과엔터테인먼트,엔터·음악,0.7132,방산,0.6844,미디어·콘텐츠,0.4371
049630,재영솔루텍,KOSDAQ,2971,핸드셋,자동차_부품,0.7128,자동차_완성차,0.6097,로봇,0.5891
241690,유니테크노,KOSDAQ,929,자동차부품,중소제약,0.7127,CMO_CDMO,0.6019,2차전지_소재부품,0.5677
017550,수산세보틱스,KOSPI,1875,기계,건설,0.7125,철강,0.5615,해운,0.521
462350,이노스페이스,KOSDAQ,3343,우주항공과국방,자동차_부품,0.7125,로봇,0.6881,자동차_완성차,0.6842
090470,제이스로보틱스,KOSDAQ,1371,전자장비와기기,전력기기,0.7124,시멘트,0.6693,반도체_장비,0.6487
090850,현대이지웰,KOSDAQ,1336,상업서비스와공급품,보험,0.7123,신재생에너지,0.7111,방산,0.691
054920,한컴위드,KOSDAQ,2017,비철금속,핀테크·결제,0.7119,은행,0.6709,레저·여행,0.6694
114840,아이패밀리에스씨,KOSDAQ,1662,화장품,조선,0.7119,K푸드_수출,0.5005,미용·에스테틱,0.4254
065530,와이어블,KOSDAQ,961,무선통신서비스,건설,0.7117,석유화학,0.6983,해운,0.6644
322180,LS티라유텍,KOSDAQ,1853,IT서비스,자동차_부품,0.7116,로봇,0.6942,자동차_완성차,0.6257
331740,아우토크립트,KOSDAQ,1306,자동차부품,내수식품,0.7114,물류·육운,0.71,건자재,0.6721
004590,한국가구,KOSDAQ,1038,식품과기본식료품소매,방산,0.7113,중국내수식품,0.7086,레저·여행,0.7019
039570,HDC랩스,KOSPI,2067,건설,보험,0.7111,방산,0.6964,K푸드_수출,0.6842
083500,에프엔에스테크,KOSDAQ,1637,디스플레이장비및부품,석유화학,0.7106,반도체_소재부품,0.7002,반도체_중소형,0.6749
005420,코스모화학,KOSPI,6033,화학,2차전지_셀,0.7101,2차전지_소재부품,0.7067,석유화학,0.6404
053580,웹케시,KOSDAQ,1055,소프트웨어,방산,0.7098,K푸드_수출,0.6079,미용·에스테틱,0.6
192440,슈피겐코리아,KOSDAQ,1718,핸드셋,철강,0.7097,K푸드_수출,0.6006,신재생에너지,0.5948
187790,나노,KOSDAQ,1838,화학,2차전지_셀,0.7094,타이어,0.685,2차전지_소재부품,0.6556
134580,탑코미디어,KOSDAQ,872,양방향미디어와서비스,조선,0.7088,레저·여행,0.4304,반도체_소재부품,0.3989
439090,마녀공장,KOSDAQ,2893,화장품,화장품_ODM,0.7087,K푸드_수출,0.678,방산,0.6387
290670,대보마그네틱,KOSDAQ,808,전자장비와기기,생활용품,0.7085,레저·여행,0.7011,미디어·콘텐츠,0.6875
032940,원익,KOSDAQ,1733,화장품,B2B_IT서비스,0.7083,레저·여행,0.6559,에너지유틸리티,0.6491
377450,리파인,KOSDAQ,1901,상업서비스와공급품,AI_인프라,0.7081,방산,0.6246,보험,0.5814
008490,서흥,KOSPI,2169,제약,조선,0.7079,레저·여행,0.6944,생활용품,0.5832
111380,동인기연,KOSPI,808,"섬유,의류,신발,호화품",건자재,0.7078,패션·의류,0.6956,유통,0.6891
356860,티엘비,KOSDAQ,10353,반도체와반도체장비,반도체_소재부품,0.7076,반도체_대형,0.6925,의료기기,0.6331
107640,한중엔시에스,KOSDAQ,5411,전기장비,2차전지_셀,0.7076,2차전지_소재부품,0.6892,중소제약,0.6417
114190,강원에너지,KOSDAQ,3591,전자장비와기기,2차전지_셀,0.7067,타이어,0.6426,2차전지_소재부품,0.5862
243070,휴온스,KOSDAQ,4342,제약,레저·여행,0.7064,미용·에스테틱,0.6757,화장품_ODM,0.633
039010,현대에이치티,KOSDAQ,868,통신장비,유통,0.7064,패션·의류,0.6809,내수식품,0.5495
489500,엘케이켐,KOSDAQ,2035,반도체와반도체장비,자동차_부품,0.7062,반도체_중소형,0.686,자동차_완성차,0.6665
003310,대주산업,KOSDAQ,1094,식품,우주·위성,0.7059,시멘트,0.6235,자동차_완성차,0.5729
078070,유비쿼스홀딩스,KOSDAQ,2492,통신장비,건설,0.7059,반도체_장비,0.684,해운,0.6695
002710,TCC스틸,KOSPI,4713,철강,2차전지_셀,0.7055,IT부품,0.6993,2차전지_소재부품,0.6975
005670,푸드웰,KOSDAQ,671,식품,조선,0.7051,화장품_브랜드,0.432,생활용품,0.3965
388050,지투파워,KOSDAQ,2536,전기장비,원전,0.7048,신재생에너지,0.6742,해운,0.6436
094840,슈프리마에이치큐,KOSDAQ,1159,전자장비와기기,건설,0.7044,철강,0.6161,신재생에너지,0.5859
067920,이글루,KOSDAQ,705,IT서비스,건설,0.7043,신재생에너지,0.6939,해운,0.6425
118990,모트렉스,KOSDAQ,2223,자동차부품,자동차_부품,0.7042,비철금속,0.6458,자동차_완성차,0.6303
265560,영화테크,KOSDAQ,1013,자동차부품,건설,0.7041,유통,0.6883,신재생에너지,0.6746
045970,코아시아,KOSDAQ,1434,핸드셋,조선,0.7041,반도체_소재부품,0.5583,반도체_중소형,0.5377
128820,대성산업,KOSPI,3270,석유와가스,타이어,0.7039,패션·의류,0.6728,자동차_부품,0.6527
001340,PKC,KOSPI,2766,화학,비철금속,0.7037,전력기기,0.6934,2차전지_소재부품,0.6854
321550,티움바이오,KOSDAQ,3131,제약,신재생에너지,0.7035,석유화학,0.5739,원전,0.5691
002220,한일철강,KOSPI,1240,철강,의료기기,0.7034,타이어,0.6416,2차전지_셀,0.603
081000,일진다이아,KOSPI,1893,비철금속,디스플레이,0.7034,석유화학,0.6984,반도체_중소형,0.696
052330,코텍,KOSDAQ,2205,디스플레이패널,철강,0.7032,건설,0.5729,유통,0.5564
008060,대덕,KOSPI,6094,전자장비와기기,전력기기,0.7029,유통,0.692,반도체_장비,0.6826
198080,캐프,KOSDAQ,662,핸드셋,건설,0.7026,해운,0.6244,건자재,0.6175
014830,유니드,KOSPI,5373,화학,신재생에너지,0.7023,철강,0.6716,B2B_IT서비스,0.6255
047770,코데즈컴바인,KOSDAQ,1526,"섬유,의류,신발,호화품",2차전지_셀,0.702,디스플레이,0.6823,2차전지_소재부품,0.6522
091440,한울소재과학,KOSDAQ,1000,통신장비,자동차_부품,0.7018,반도체_장비,0.6962,반도체_대형,0.6939
003000,부광약품,KOSPI,5722,제약,전력기기,0.7016,건설,0.6869,해운,0.6776
330350,위더스제약,KOSDAQ,1060,제약,건자재,0.7014,내수식품,0.6744,패션·의류,0.6633
900140,엘브이엠씨홀딩스,KOSPI,3288,자동차,신재생에너지,0.7013,물류·육운,0.6902,레저·여행,0.6888
006880,신송홀딩스,KOSPI,771,식품과기본식료품소매,중국내수식품,0.7012,방산,0.6923,철강,0.6182
037230,한국팩키지,KOSDAQ,660,포장재,신재생에너지,0.7002,해운,0.6099,건설,0.5738
064850,에프앤가이드,KOSDAQ,3451,IT서비스,전력기기,0.6994,건설,0.6538,건자재,0.64
010960,삼호개발,KOSPI,899,건설,내수식품,0.6994,유통,0.6701,물류·육운,0.6405
199430,케이엔알시스템,KOSDAQ,2691,기계,2차전지_셀,0.6994,반도체_대형,0.6914,바이오_임상단계,0.689
017800,현대엘리베이터,KOSPI,35808,기계,미디어·콘텐츠,0.6993,중국내수식품,0.6674,내수식품,0.6433
038290,마크로젠,KOSDAQ,1608,생명과학도구및서비스,타이어,0.6991,중소제약,0.6786,자동차_부품,0.6586
352090,스톰테크,KOSDAQ,1042,가정용기기와용품,신재생에너지,0.699,내수식품,0.665,방산,0.6641
378850,화승알앤에이,KOSPI,679,자동차부품,물류·육운,0.6987,중소제약,0.6328,반도체_소재부품,0.631
019170,신풍제약,KOSPI,5918,제약,AI_인프라,0.6987,은행,0.6662,레저·여행,0.6465
298690,에어부산,KOSPI,2166,항공사,건설,0.6985,통신,0.6768,해운,0.6627
079810,APS이노베이션,KOSDAQ,1209,전기제품,레저·여행,0.6985,석유화학,0.6818,생활용품,0.6664
089010,켐트로닉스,KOSDAQ,6775,전자장비와기기,반도체_소재부품,0.6979,반도체_대형,0.6212,반도체_중소형,0.6152
389140,포바이포,KOSDAQ,1114,방송과엔터테인먼트,방산,0.6979,K푸드_수출,0.6547,미용·에스테틱,0.5813
187660,페니트리움바이오,KOSDAQ,4797,제약,시멘트,0.6977,디스플레이,0.697,반도체_장비,0.6695
003520,영진약품,KOSPI,2829,제약,보험,0.6966,방산,0.6786,AI_인프라,0.6561
025820,이구산업,KOSPI,2217,비철금속,패션·의류,0.6964,반도체_소재부품,0.638,석유화학,0.6231
000430,대원강업,KOSPI,2588,자동차부품,반도체_소재부품,0.6963,반도체_중소형,0.6855,자동차_부품,0.6834
004440,삼일씨엔에스,KOSPI,851,건축자재,건설,0.6957,해운,0.6913,원전,0.6836
067280,멀티캠퍼스,KOSDAQ,1555,교육서비스,K푸드_수출,0.6954,방산,0.6557,미디어·콘텐츠,0.6061
000480,CR홀딩스,KOSPI,2250,비철금속,통신,0.6953,건자재,0.6515,해운,0.6276
180400,DXVX,KOSDAQ,3760,건강관리업체및서비스,우주·위성,0.6946,시멘트,0.69,건자재,0.6364
003960,사조대림,KOSPI,2680,식품,보험,0.6937,화장품_ODM,0.6766,AI_인프라,0.6713
023810,인팩,KOSPI,795,자동차부품,자동차_부품,0.6936,자동차_완성차,0.6743,비철금속,0.5571
009160,SIMPAC,KOSPI,4203,비철금속,패션·의류,0.6934,내수식품,0.678,레저·여행,0.656
104540,코렌텍,KOSDAQ,676,건강관리장비와용품,패션·의류,0.6931,자동차_부품,0.6492,타이어,0.5784
033530,SJG세종,KOSPI,2195,자동차부품,자동차_부품,0.6928,타이어,0.6703,2차전지_셀,0.6548
005250,녹십자홀딩스,KOSPI,7500,제약,대형제약,0.6927,AI_인프라,0.6842,보험,0.641
084670,동양고속,KOSPI,1252,도로와철도운송,자동차_부품,0.6926,중소제약,0.5329,타이어,0.5307
251630,브이원텍,KOSDAQ,1119,기계,반도체_중소형,0.6924,반도체_소재부품,0.6759,자동차_부품,0.6636
102460,이연제약,KOSPI,2126,제약,CMO_CDMO,0.6921,대형제약,0.69,비철금속,0.5474
333430,일승,KOSDAQ,1680,조선,조선,0.6919,바이오_임상단계,0.221,엔터·음악,0.1912
072710,농심홀딩스,KOSPI,4303,식품,레저·여행,0.6917,에너지유틸리티,0.6517,은행,0.6386
064550,바이오니아,KOSDAQ,2454,생물공학,중소제약,0.6917,CMO_CDMO,0.641,물류·육운,0.5584
136540,윈스테크넷,KOSDAQ,1525,소프트웨어,보험,0.6913,AI_인프라,0.6453,에너지유틸리티,0.6283
014190,원익큐브,KOSDAQ,565,화학,자동차_부품,0.6913,자동차_완성차,0.6363,로봇,0.6032
039610,화성밸브,KOSDAQ,905,기계,방산,0.6912,보험,0.458,게임,0.3849
140410,메지온,KOSDAQ,23341,식품,의료기기,0.6909,중소제약,0.6721,자동차_부품,0.6663
271980,제일약품,KOSPI,1983,제약,레저·여행,0.6907,물류·육운,0.6747,핀테크·결제,0.6273
002390,한독,KOSPI,1310,제약,화장품_브랜드,0.6906,에너지유틸리티,0.6053,물류·육운,0.595
418420,라온텍,KOSDAQ,2732,반도체와반도체장비,핀테크·결제,0.6901,레저·여행,0.6696,디스플레이,0.6694
041020,폴라리스오피스,KOSDAQ,2123,자동차부품,보험,0.69,AI_인프라,0.681,방산,0.6671
408900,스튜디오미르,KOSDAQ,799,방송과엔터테인먼트,방산,0.69,생활용품,0.6247,엔터·음악,0.584
475230,엔알비,KOSDAQ,1951,건설,물류·육운,0.69,시멘트,0.673,보험,0.6543
223250,드림씨아이에스,KOSDAQ,1790,제약,중소제약,0.6899,자동차_부품,0.638,의료기기,0.5992
255440,야스,KOSDAQ,1369,디스플레이장비및부품,비철금속,0.6896,자동차_부품,0.6826,2차전지_셀,0.6669
248170,샘표식품,KOSPI,1162,식품,바이오_기술이전,0.6895,반도체_소재부품,0.6332,중소제약,0.6125
100220,비상교육,KOSPI,818,교육서비스,방산,0.6893,보험,0.6005,중국내수식품,0.5992
024880,케이피에프,KOSDAQ,1159,기계,반도체_소재부품,0.6889,반도체_중소형,0.6819,물류·육운,0.6666
389030,지니너스,KOSDAQ,1341,생물공학,우주·위성,0.6884,전력기기,0.6811,원전,0.6375
029480,광무,KOSDAQ,1254,IT서비스,화장품_브랜드,0.6881,화장품_ODM,0.5276,게임,0.4765
000640,동아쏘시오홀딩스,KOSPI,6429,제약,보험,0.6881,에너지유틸리티,0.6856,대형제약,0.6825
039560,다산네트웍스,KOSDAQ,2061,통신장비,전력기기,0.6879,IT부품,0.6049,우주·위성,0.5785
093640,케이알엠,KOSDAQ,1669,반도체와반도체장비,원전,0.6876,핀테크·결제,0.6488,해운,0.6354
448900,한국피아이엠,KOSDAQ,7295,자동차부품,자동차_부품,0.6873,반도체_대형,0.6476,중소제약,0.6202
024900,디와이덕양,KOSPI,706,자동차부품,석유화학,0.687,유통,0.6759,반도체_소재부품,0.6367
036630,세종텔레콤,KOSDAQ,1024,다각화된통신서비스,레저·여행,0.6865,내수식품,0.6348,화장품_브랜드,0.5894
144960,뉴파워프라즈마,KOSDAQ,4775,반도체와반도체장비,반도체_중소형,0.6863,반도체_소재부품,0.6821,디스플레이,0.6647
452430,사피엔반도체,KOSDAQ,3558,반도체와반도체장비,레저·여행,0.6857,미용·에스테틱,0.6612,패션·의류,0.6311
004430,송원산업,KOSPI,2930,화학,철강,0.6853,건설,0.5135,신재생에너지,0.4414
086890,이수앱지스,KOSDAQ,1763,제약,물류·육운,0.6848,패션·의류,0.6333,에너지유틸리티,0.5545
071090,하이스틸,KOSPI,828,철강,K푸드_수출,0.6847,방산,0.6732,중국내수식품,0.6426
221800,지구홀딩스,KOSDAQ,2662,건강관리업체및서비스,시멘트,0.6846,전력기기,0.6814,우주·위성,0.6781
425420,티에프이,KOSDAQ,7556,반도체와반도체장비,핀테크·결제,0.684,보험,0.6627,레저·여행,0.6344
038390,레드캡투어,KOSDAQ,1740,도로와철도운송,방산,0.6839,엔터·음악,0.6397,미디어·콘텐츠,0.5653
107600,새빗켐,KOSDAQ,1472,전기제품,2차전지_셀,0.6837,2차전지_소재부품,0.5919,반도체_소재부품,0.5478
229000,젠큐릭스,KOSDAQ,745,건강관리장비와용품,우주·위성,0.6836,디스플레이,0.6568,전력기기,0.6561
218150,미래생명자원,KOSDAQ,590,식품,해운,0.6835,철강,0.6305,신재생에너지,0.5595
044340,위닉스,KOSDAQ,891,가정용기기와용품,보험,0.6833,AI_인프라,0.6538,레저·여행,0.6148
282720,금양그린파워,KOSDAQ,1565,에너지장비및서비스,디스플레이,0.6831,의료기기,0.6766,반도체_장비,0.672
070300,엑스큐어,KOSDAQ,536,핸드셋,전력기기,0.683,건설,0.5001,시멘트,0.4656
088800,에이스테크,KOSDAQ,3205,통신장비,석유화학,0.6825,정유,0.6255,2차전지_셀,0.6198
147830,제룡산업,KOSDAQ,2334,전기장비,전력기기,0.6823,원전,0.5537,건자재,0.5523
014580,태경비케이,KOSPI,1282,비철금속,레저·여행,0.6822,K푸드_수출,0.6357,중국내수식품,0.6113
030960,양지사,KOSDAQ,1000,상업서비스와공급품,바이오_임상단계,0.6819,바이오_기술이전,0.5974,바이오_대형CDMO,0.4813
013030,하이록코리아,KOSDAQ,4671,기계,조선,0.6819,디스플레이,0.5519,반도체_중소형,0.5278
079430,현대리바트,KOSPI,1444,가구,신재생에너지,0.6818,증권,0.633,내수식품,0.6327
351330,이삭엔지니어링,KOSDAQ,674,IT서비스,반도체_소재부품,0.6814,로봇,0.6418,반도체_대형,0.6268
362320,청담글로벌,KOSDAQ,1002,인터넷과카탈로그소매,화장품_브랜드,0.6811,화장품_ODM,0.6766,레저·여행,0.6569
020120,키다리스튜디오,KOSPI,1417,양방향미디어와서비스,레저·여행,0.6808,중국내수식품,0.6627,AI_인프라,0.6512
036120,서울평가정보,KOSDAQ,671,상업서비스와공급품,보험,0.6807,AI_인프라,0.6315,방산,0.6009
051160,지어소프트,KOSDAQ,1121,판매업체,방산,0.6807,화장품_ODM,0.6675,내수식품,0.6605
323990,박셀바이오,KOSDAQ,1553,제약,타이어,0.6801,의료기기,0.6747,중소제약,0.6667
013700,까뮤이앤씨,KOSPI,730,건설,시멘트,0.6796,자동차_완성차,0.6084,전력기기,0.5842
003070,코오롱글로벌,KOSPI,2547,건설,해운,0.6791,원전,0.6048,정유,0.5811
092730,네오팜,KOSDAQ,3077,화장품,레저·여행,0.679,화장품_브랜드,0.641,생활용품,0.595
228760,지노믹트리,KOSDAQ,3651,건강관리장비와용품,바이오_기술이전,0.6788,바이오_임상단계,0.5364,타이어,0.4027
015230,대창단조,KOSPI,1832,기계,레저·여행,0.6787,석유화학,0.6058,조선,0.5947
036890,진성티이씨,KOSDAQ,3926,기계,디스플레이,0.6787,반도체_중소형,0.6536,석유화학,0.6367
095570,AJ네트웍스,KOSPI,2079,도로와철도운송,CMO_CDMO,0.6784,건자재,0.6753,비철금속,0.6705
122310,제노레이,KOSDAQ,706,건강관리장비와용품,생활용품,0.6778,방산,0.6667,보험,0.6475
000440,중앙에너비스,KOSDAQ,1201,석유와가스,원전,0.6777,정유,0.6474,해운,0.6316
031440,신세계푸드,KOSPI,2025,"호텔,레스토랑,레저",물류·육운,0.6773,건자재,0.6718,패션·의류,0.6638
123330,제닉,KOSDAQ,1824,화장품,방산,0.677,보험,0.6223,항공,0.501
322510,제이엘케이,KOSDAQ,1553,건강관리기술,시멘트,0.6766,전력기기,0.6732,우주·위성,0.6469
254490,미래반도체,KOSDAQ,5363,반도체와반도체장비,증권,0.6762,핀테크·결제,0.6406,레저·여행,0.6246
084730,팅크웨어,KOSDAQ,886,전자제품,반도체_소재부품,0.676,자동차_부품,0.6522,반도체_중소형,0.6474
000970,한국주철관,KOSPI,1568,철강,중국내수식품,0.676,K푸드_수출,0.6743,내수식품,0.661
092130,이크레더블,KOSDAQ,1752,상업서비스와공급품,레저·여행,0.6753,생활용품,0.6663,미디어·콘텐츠,0.6529
046940,우원개발,KOSDAQ,970,건설,시멘트,0.6753,우주·위성,0.6639,유통,0.6254
237880,클리오,KOSDAQ,2264,화장품,반도체_소재부품,0.6747,석유화학,0.6197,반도체_중소형,0.5683
480370,씨케이솔루션,KOSPI,802,기계,반도체_중소형,0.6738,디스플레이,0.6167,반도체_대형,0.5653
318160,셀바이오휴먼텍,KOSDAQ,727,화장품,레저·여행,0.6734,조선,0.6222,미디어·콘텐츠,0.612
042500,링네트,KOSDAQ,1181,IT서비스,석유화학,0.6727,디스플레이,0.6241,반도체_중소형,0.6114
004980,성신양회,KOSPI,2522,건축자재,레저·여행,0.6727,화장품_브랜드,0.6102,화장품_ODM,0.5786
006140,피제이전자,KOSDAQ,1144,건강관리장비와용품,우주·위성,0.6726,B2B_IT서비스,0.6593,자동차_부품,0.6071
072870,메가스터디,KOSDAQ,1542,교육서비스,석유화학,0.6723,건자재,0.6508,통신,0.6415
004720,팜젠사이언스,KOSPI,850,제약,레저·여행,0.6721,물류·육운,0.6556,은행,0.6384
083420,그린케미칼,KOSPI,1315,화학,미용·에스테틱,0.6718,K푸드_수출,0.6617,방산,0.63
261780,차백신연구소,KOSDAQ,772,제약,해운,0.6718,건설,0.6541,원전,0.6498
086960,MDS테크,KOSDAQ,1285,소프트웨어,조선,0.6717,미용·에스테틱,0.6316,레저·여행,0.5934
015360,INVENI,KOSPI,4640,가스유틸리티,은행,0.6716,보험,0.6705,건자재,0.66
262260,에이프로,KOSDAQ,1584,전자장비와기기,석유화학,0.6711,신재생에너지,0.6412,레저·여행,0.626
049960,쎌바이오텍,KOSDAQ,1625,생물공학,전력기기,0.6711,비철금속,0.5901,IT부품,0.5418
094940,푸른기술,KOSDAQ,1086,컴퓨터와주변기기,B2B_IT서비스,0.6708,반도체_중소형,0.5878,우주·위성,0.5648
014970,삼륭물산,KOSDAQ,979,포장재,레저·여행,0.6708,화장품_브랜드,0.6648,생활용품,0.6573
049550,잉크테크,KOSDAQ,697,컴퓨터와주변기기,시멘트,0.6707,유통,0.5675,우주·위성,0.5653
489790,한화비전,KOSPI,40996,통신장비,철강,0.6707,우주·위성,0.5959,건설,0.5681
382840,원준,KOSDAQ,1346,전기제품,2차전지_소재부품,0.6703,건자재,0.6547,석유화학,0.6302
093320,케이아이엔엑스,KOSDAQ,6041,IT서비스,자동차_부품,0.6702,로봇,0.6637,타이어,0.6578
256840,한국비엔씨,KOSDAQ,2455,건강관리장비와용품,레저·여행,0.6696,에너지유틸리티,0.6502,물류·육운,0.6457
012610,경인양행,KOSPI,2176,화학,자동차_부품,0.6679,유통,0.626,자동차_완성차,0.6121
011280,태림포장,KOSPI,1324,포장재,철강,0.6679,유통,0.6641,우주·위성,0.635
030210,다올투자증권,KOSPI,2561,증권,내수식품,0.6679,신재생에너지,0.6481,증권,0.6455
058630,엠게임,KOSDAQ,915,게임엔터테인먼트,생활용품,0.6677,에너지유틸리티,0.6651,AI_인프라,0.6455
475560,더본코리아,KOSPI,2861,"호텔,레스토랑,레저",대형제약,0.6672,CMO_CDMO,0.6571,타이어,0.5702
054670,대한뉴팜,KOSDAQ,918,제약,물류·육운,0.6668,보험,0.6136,화장품_브랜드,0.5905
067290,JW신약,KOSDAQ,961,제약,시멘트,0.6666,우주·위성,0.6631,유통,0.6094
109080,옵티시스,KOSDAQ,858,통신장비,건설,0.666,철강,0.5891,해운,0.5597
083930,아바코,KOSDAQ,2076,전기제품,반도체_소재부품,0.6657,반도체_중소형,0.6651,반도체_대형,0.628
461030,아이엠비디엑스,KOSDAQ,877,생명과학도구및서비스,바이오_임상단계,0.6657,CMO_CDMO,0.6058,바이오_기술이전,0.5773
004650,창해에탄올,KOSDAQ,920,음료,생활용품,0.6655,중국내수식품,0.6421,은행,0.6378
066980,한성크린텍,KOSDAQ,779,건설,석유화학,0.6653,정유,0.6322,반도체_중소형,0.6267
009320,아진전자부품,KOSPI,547,자동차부품,반도체_중소형,0.6652,반도체_소재부품,0.6438,자동차_완성차,0.6319
012030,DB,KOSPI,4556,IT서비스,건자재,0.665,비철금속,0.6438,디스플레이,0.6081
060310,3S,KOSDAQ,983,기계,K푸드_수출,0.6643,방산,0.6026,화장품_ODM,0.5103
382900,범한퓨얼셀,KOSDAQ,2785,전기제품,반도체_소재부품,0.6641,조선,0.6505,의료기기,0.6452
082210,옵트론텍,KOSDAQ,610,전자장비와기기,핀테크·결제,0.6637,증권,0.6603,레저·여행,0.6601
049520,유아이엘,KOSDAQ,1209,핸드셋,우주·위성,0.6633,철강,0.6327,바이오_대형CDMO,0.6113
244920,에이플러스에셋,KOSPI,2303,손해보험,타이어,0.6631,자동차_완성차,0.653,건자재,0.6378
012750,에스원,KOSPI,27397,상업서비스와공급품,은행,0.6626,레저·여행,0.6317,보험,0.606
424960,스마트레이더시스템,KOSDAQ,1195,자동차부품,로봇,0.6624,바이오_임상단계,0.4708,바이오_기술이전,0.4319
099440,스맥,KOSDAQ,2818,기계,타이어,0.6621,자동차_부품,0.5778,바이오_기술이전,0.4977
033790,피노,KOSDAQ,12728,전기제품,전력기기,0.662,비철금속,0.446,IT부품,0.4262
000230,일동홀딩스,KOSPI,987,제약,타이어,0.6614,바이오_기술이전,0.6171,중소제약,0.6016
066310,큐에스아이,KOSDAQ,1311,반도체와반도체장비,건설,0.6604,철강,0.6095,우주·위성,0.5916
234030,싸이닉솔루션,KOSDAQ,1541,반도체와반도체장비,바이오_대형CDMO,0.6602,타이어,0.6586,미디어·콘텐츠,0.6489
402490,그린리소스,KOSDAQ,3188,반도체와반도체장비,디스플레이,0.6597,건설,0.6575,석유화학,0.6436
009580,무림P&P,KOSPI,1602,종이와목재,건설,0.6597,철강,0.597,신재생에너지,0.5325
011390,부산산업,KOSPI,726,건축자재,방산,0.6596,엔터·음악,0.6407,보험,0.5278
079940,가비아,KOSDAQ,4536,IT서비스,레저·여행,0.6594,미디어·콘텐츠,0.5979,미용·에스테틱,0.5545
267320,나인테크,KOSDAQ,1891,전기제품,방산,0.6593,K푸드_수출,0.6383,보험,0.5841
025320,시노펙스,KOSDAQ,4828,핸드셋,화장품_ODM,0.6588,물류·육운,0.6427,중국내수식품,0.6224
322310,오로스테크놀로지,KOSDAQ,2852,반도체와반도체장비,반도체_장비,0.6587,반도체_중소형,0.6547,반도체_소재부품,0.6503
484120,도우인시스,KOSDAQ,2416,디스플레이장비및부품,비철금속,0.6584,화장품_ODM,0.644,철강,0.6051
308080,바이젠셀,KOSDAQ,2384,제약,자동차_부품,0.6582,타이어,0.5608,중소제약,0.4994
263690,디알젬,KOSDAQ,635,건강관리장비와용품,석유화학,0.658,반도체_소재부품,0.6552,디스플레이,0.64
360070,탑머티리얼,KOSDAQ,1326,전자장비와기기,반도체_소재부품,0.6577,2차전지_소재부품,0.6206,석유화학,0.6082
095700,제넥신,KOSDAQ,2313,생물공학,CMO_CDMO,0.6577,대형제약,0.6062,은행,0.5996
104700,한국철강,KOSPI,3553,철강,레저·여행,0.6576,미디어·콘텐츠,0.5555,핀테크·결제,0.5061
100840,SNT에너지,KOSPI,10547,에너지장비및서비스,방산,0.6574,엔터·음악,0.5717,조선,0.4337
306620,지아이에스,KOSDAQ,1493,반도체와반도체장비,우주·위성,0.6572,전력기기,0.6145,시멘트,0.5235
317770,엑스페릭스,KOSDAQ,1287,전자장비와기기,K푸드_수출,0.6571,방산,0.6436,중국내수식품,0.5853
452200,민테크,KOSDAQ,1035,전기제품,건설,0.6571,유통,0.6439,석유화학,0.6355
039860,나노엔텍,KOSDAQ,2148,생명과학도구및서비스,전력기기,0.656,비철금속,0.6393,자동차_부품,0.6061
226590,엠디바이스,KOSDAQ,2480,반도체와반도체장비,디스플레이,0.6558,반도체_중소형,0.6495,반도체_장비,0.5969
122640,예스티,KOSDAQ,5849,반도체와반도체장비,패션·의류,0.6551,물류·육운,0.6534,신재생에너지,0.6338
205100,엑셈,KOSDAQ,1314,소프트웨어,AI_인프라,0.6549,미용·에스테틱,0.6322,미디어·콘텐츠,0.6314
215790,이노인스트루먼트,KOSDAQ,882,통신장비,건설,0.6544,석유화학,0.5088,해운,0.483
030530,원익홀딩스,KOSDAQ,24214,반도체와반도체장비,의료기기,0.6538,반도체_대형,0.6334,바이오_임상단계,0.6304
092040,아미코젠,KOSDAQ,1180,생물공학,생활용품,0.6532,미용·에스테틱,0.5569,조선,0.5548
053280,예스24,KOSDAQ,795,인터넷과카탈로그소매,보험,0.6531,대형제약,0.6449,AI_인프라,0.6154
001250,GS글로벌,KOSPI,3326,무역회사와판매업체,건설,0.6523,전력기기,0.5808,비철금속,0.4962
033230,인성정보,KOSDAQ,905,IT서비스,화장품_브랜드,0.652,레저·여행,0.6479,생활용품,0.6199
475960,토모큐브,KOSDAQ,6852,생명과학도구및서비스,조선,0.6519,CMO_CDMO,0.4513,항공,0.3698
403550,쏘카,KOSPI,5527,도로와철도운송,전력기기,0.6517,비철금속,0.5693,IT부품,0.5061
039830,오로라,KOSDAQ,1826,레저용장비와제품,레저·여행,0.6515,은행,0.6346,빅플랫폼,0.6161
049430,코메론,KOSDAQ,1691,기계,전력기기,0.6511,건자재,0.6422,비철금속,0.6371
037440,희림,KOSDAQ,846,건설,건설,0.6506,철강,0.6078,유통,0.4612
017480,삼현철강,KOSDAQ,746,철강,신재생에너지,0.6502,석유화학,0.6409,디스플레이,0.5798
263720,디앤씨미디어,KOSDAQ,1408,출판,보험,0.6499,AI_인프라,0.6249,방산,0.5745
004710,한솔테크닉스,KOSPI,4744,전자장비와기기,레저·여행,0.6496,생활용품,0.5908,화장품_브랜드,0.5842
259630,엠플러스,KOSDAQ,1823,전기제품,2차전지_셀,0.6489,반도체_소재부품,0.6001,반도체_대형,0.5798
067570,엔브이에이치코리아,KOSDAQ,872,자동차부품,CMO_CDMO,0.6488,에너지유틸리티,0.6455,은행,0.635
300080,플리토,KOSDAQ,1774,양방향미디어와서비스,빅플랫폼,0.6488,레저·여행,0.6067,조선,0.5342
038060,루멘스,KOSDAQ,677,디스플레이장비및부품,건설,0.6487,전력기기,0.5577,IT부품,0.4683
382480,지아이텍,KOSDAQ,1019,전기제품,유통,0.6486,반도체_소재부품,0.6131,석유화학,0.6097
007570,일양약품,KOSPI,1908,제약,레저·여행,0.6486,에너지유틸리티,0.6456,미디어·콘텐츠,0.6302
054040,한국컴퓨터,KOSDAQ,908,디스플레이장비및부품,건자재,0.6482,은행,0.6167,증권,0.6151
026940,부국철강,KOSPI,505,철강,철강,0.6464,건설,0.6266,석유화학,0.504
005430,한국공항,KOSPI,1906,운송인프라,레저·여행,0.6464,은행,0.6069,핀테크·결제,0.5891
122690,서진오토모티브,KOSDAQ,526,자동차부품,자동차_부품,0.6461,자동차_완성차,0.5917,B2B_IT서비스,0.58
127980,화인써키트,KOSDAQ,747,전자장비와기기,조선,0.646,반도체_소재부품,0.5324,레저·여행,0.5232
053270,구영테크,KOSDAQ,634,자동차부품,B2B_IT서비스,0.6458,패션·의류,0.6015,우주·위성,0.5855
149980,하이로닉,KOSDAQ,1299,건강관리장비와용품,반도체_대형,0.6457,반도체_소재부품,0.6231,반도체_중소형,0.6182
095270,웨이브일렉트로,KOSDAQ,1056,우주항공과국방,건설,0.6457,신재생에너지,0.5816,석유화학,0.521
381970,케이카,KOSPI,4882,자동차,미디어·콘텐츠,0.6451,미용·에스테틱,0.6174,레저·여행,0.5929
214680,디알텍,KOSDAQ,1431,건강관리장비와용품,중소제약,0.6445,반도체_대형,0.6221,반도체_소재부품,0.6144
100030,인지소프트,KOSDAQ,655,소프트웨어,타이어,0.6443,의료기기,0.6177,핀테크·결제,0.5805
234080,JW생명과학,KOSPI,1942,제약,의료기기,0.6442,타이어,0.6235,에너지유틸리티,0.525
000670,영풍,KOSPI,11635,핸드셋,바이오_임상단계,0.6436,IT부품,0.4917,정유,0.4729
338220,뷰노,KOSDAQ,1666,건강관리기술,CMO_CDMO,0.6429,바이오_임상단계,0.5647,대형제약,0.4984
009200,무림페이퍼,KOSPI,777,종이와목재,중국내수식품,0.6428,내수식품,0.6198,신재생에너지,0.6069
053350,이니텍,KOSDAQ,639,소프트웨어,K푸드_수출,0.6418,방산,0.5948,엔터·음악,0.548
003010,혜인,KOSPI,837,기계,석유화학,0.641,디스플레이,0.6073,건설,0.5965
038010,제일테크노스,KOSDAQ,592,건축제품,화장품_브랜드,0.6402,화장품_ODM,0.6228,조선,0.5834
014950,삼익제약,KOSDAQ,786,제약,바이오_기술이전,0.6401,로봇,0.5772,자동차_완성차,0.5737
014280,금강공업,KOSPI,1554,건축제품,의료기기,0.6399,타이어,0.6337,바이오_임상단계,0.5152
441270,파인엠텍,KOSDAQ,4377,핸드셋,레저·여행,0.6398,은행,0.6238,핀테크·결제,0.6189
267270,HD건설기계,KOSPI,85154,기계,디스플레이,0.6394,반도체_중소형,0.6277,석유화학,0.6109
424870,이뮨온시아,KOSDAQ,4446,제약,바이오_기술이전,0.6389,중소제약,0.514,자동차_부품,0.4576
065510,휴비츠,KOSDAQ,849,건강관리장비와용품,레저·여행,0.6388,반도체_소재부품,0.6275,핀테크·결제,0.6244
230360,에코마케팅,KOSDAQ,4962,"섬유,의류,신발,호화품",자동차_완성차,0.6386,반도체_중소형,0.58,2차전지_소재부품,0.5699
044990,에이치엔에스하이텍,KOSDAQ,1284,전자장비와기기,중소제약,0.6382,타이어,0.607,반도체_소재부품,0.5672
042510,라온시큐어,KOSDAQ,1479,소프트웨어,AI_인프라,0.6382,빅플랫폼,0.5634,B2B_IT서비스,0.5613
389020,자람테크놀로지,KOSDAQ,3518,통신장비,반도체_중소형,0.6381,우주·위성,0.6278,반도체_장비,0.589
102120,어보브반도체,KOSDAQ,2320,반도체와반도체장비,반도체_소재부품,0.638,반도체_중소형,0.5883,B2B_IT서비스,0.5871
458870,씨어스,KOSDAQ,14938,건강관리기술,타이어,0.638,중소제약,0.6152,2차전지_셀,0.5757
179530,애드바이오텍,KOSDAQ,525,제약,AI_인프라,0.6378,화장품_브랜드,0.5755,생활용품,0.5514
419050,삼기에너지솔루션즈,KOSDAQ,991,자동차부품,레저·여행,0.6363,조선,0.6244,핀테크·결제,0.5314
007110,일신석재,KOSPI,1165,건축자재,방산,0.6363,보험,0.593,AI_인프라,0.569
087260,모바일어플라이언스,KOSDAQ,747,자동차부품,반도체_중소형,0.6361,원전,0.6189,디스플레이,0.6093
086390,유니테스트,KOSDAQ,3863,반도체와반도체장비,반도체_중소형,0.6355,조선,0.6087,디스플레이,0.6025
139990,아주스틸,KOSPI,1368,철강,물류·육운,0.6353,유통,0.5922,패션·의류,0.5899
092780,DYP,KOSPI,666,자동차부품,자동차_완성차,0.635,비철금속,0.6029,우주·위성,0.5702
051980,중앙첨단소재,KOSDAQ,1984,통신장비,바이오_임상단계,0.6347,바이오_기술이전,0.5258,대형제약,0.3524
900290,GRT,KOSDAQ,2760,화학,우주·위성,0.6338,시멘트,0.6326,전력기기,0.6206
035890,서희건설,KOSDAQ,5377,건설,보험,0.6336,방산,0.6295,AI_인프라,0.5053
476040,오가노이드사이언스,KOSDAQ,1226,생물공학,바이오_기술이전,0.6336,바이오_임상단계,0.6045,CMO_CDMO,0.5803
189330,씨이랩,KOSDAQ,812,IT서비스,철강,0.6334,신재생에너지,0.589,B2B_IT서비스,0.5581
058850,KTcs,KOSPI,1088,상업서비스와공급품,조선,0.6334,레저·여행,0.5487,미디어·콘텐츠,0.5301
004910,조광페인트,KOSPI,524,건축자재,화장품_ODM,0.6333,물류·육운,0.6124,화장품_브랜드,0.6072
006890,태경케미컬,KOSPI,954,화학,철강,0.6333,신재생에너지,0.5337,K푸드_수출,0.498
222040,코스맥스엔비티,KOSDAQ,1419,건강관리업체및서비스,철강,0.6333,신재생에너지,0.6282,건설,0.6192
185490,아이진,KOSDAQ,645,생물공학,방산,0.6323,화장품_ODM,0.4348,미용·에스테틱,0.3988
052710,아모텍,KOSDAQ,3113,핸드셋,방산,0.632,신재생에너지,0.5963,K푸드_수출,0.5847
011320,유니크,KOSDAQ,887,자동차부품,타이어,0.6319,석유화학,0.5546,패션·의류,0.538
092190,서울바이오시스,KOSDAQ,7027,디스플레이장비및부품,전력기기,0.6315,건설,0.6144,IT부품,0.4885
000680,LS네트웍스,KOSPI,2955,증권,방산,0.6314,철강,0.5983,보험,0.5465
234300,에스트래픽,KOSDAQ,938,IT서비스,AI_인프라,0.6313,방산,0.615,보험,0.6116
005870,휴니드,KOSPI,1156,우주항공과국방,방산,0.6312,보험,0.5229,AI_인프라,0.3746
277880,티에스아이,KOSDAQ,1089,전자장비와기기,반도체_소재부품,0.6305,2차전지_소재부품,0.6066,석유화학,0.554
131030,옵투스제약,KOSDAQ,1427,제약,해운,0.6305,시멘트,0.586,건자재,0.5828
212710,아이에스티이,KOSDAQ,1065,반도체와반도체장비,반도체_소재부품,0.6301,반도체_중소형,0.5765,반도체_대형,0.5743
462520,조선내화,KOSPI,1713,비철금속,2차전지_셀,0.6301,디스플레이,0.6206,반도체_대형,0.6138
030190,NICE평가정보,KOSPI,7964,상업서비스와공급품,빅플랫폼,0.6295,미디어·콘텐츠,0.6237,중국내수식품,0.5867
072020,중앙백신,KOSDAQ,936,제약,패션·의류,0.6293,물류·육운,0.5702,석유화학,0.5649
069080,웹젠,KOSDAQ,3781,게임엔터테인먼트,게임,0.6291,은행,0.6167,물류·육운,0.5976
464080,에스오에스랩,KOSDAQ,3036,전자장비와기기,로봇,0.629,바이오_대형CDMO,0.4146,우주·위성,0.3378
002030,아세아,KOSPI,4591,건축자재,생활용품,0.6286,레저·여행,0.5908,조선,0.5742
450950,아스테라시스,KOSDAQ,3883,건강관리장비와용품,의료기기,0.6284,미디어·콘텐츠,0.5568,대형제약,0.548
095500,미래나노텍,KOSDAQ,3029,디스플레이장비및부품,2차전지_셀,0.6279,타이어,0.6051,2차전지_소재부품,0.5789
115440,우리넷,KOSDAQ,1785,통신장비,건설,0.6274,전력기기,0.622,IT부품,0.5489
452280,한선엔지니어링,KOSDAQ,4484,기계,디스플레이,0.6273,반도체_장비,0.6227,반도체_소재부품,0.6159
419080,엔젯,KOSDAQ,581,디스플레이장비및부품,로봇,0.6272,자동차_부품,0.5966,바이오_대형CDMO,0.4806
047560,이스트소프트,KOSDAQ,1490,소프트웨어,AI_인프라,0.627,엔터·음악,0.531,보험,0.4238
010580,에스엠벡셀,KOSPI,2302,자동차부품,의료기기,0.626,반도체_대형,0.5185,조선,0.5162
352910,오비고,KOSDAQ,726,소프트웨어,비철금속,0.6257,자동차_완성차,0.6213,자동차_부품,0.6068
041930,SY동아,KOSDAQ,998,자동차부품,2차전지_소재부품,0.6246,석유화학,0.6198,물류·육운,0.6144
317850,대모,KOSDAQ,711,기계,전력기기,0.6237,IT부품,0.5108,시멘트,0.5106
429270,시지트로닉스,KOSDAQ,604,반도체와반도체장비,신재생에너지,0.6236,석유화학,0.5998,건설,0.5804
340440,세림B&G,KOSDAQ,510,포장재,신재생에너지,0.6212,해운,0.6178,석유화학,0.5938
024060,흥구석유,KOSDAQ,2265,석유와가스,전력기기,0.6207,건자재,0.6007,시멘트,0.5896
222110,팬젠,KOSDAQ,823,생물공학,엔터·음악,0.6204,방산,0.58,AI_인프라,0.5461
031310,아이즈비전,KOSDAQ,514,통신장비,건설,0.6188,해운,0.5983,신재생에너지,0.5856
054300,팬스타엔터프라이즈,KOSDAQ,603,해운사,조선,0.617,레저·여행,0.5757,미용·에스테틱,0.5394
048870,시너지이노베이션,KOSDAQ,1706,건강관리장비와용품,방산,0.6169,AI_인프라,0.4824,미용·에스테틱,0.4396
002720,국제약품,KOSPI,910,제약,전력기기,0.6166,비철금속,0.5341,해운,0.4468
376930,노을,KOSDAQ,601,건강관리장비와용품,바이오_임상단계,0.6162,바이오_기술이전,0.4863,로봇,0.3095
479960,위너스일렉,KOSDAQ,778,전기장비,건설,0.6159,철강,0.6023,IT부품,0.5993
105740,디케이락,KOSDAQ,981,기계,반도체_소재부품,0.6159,조선,0.6075,반도체_대형,0.5726
357550,석경에이티,KOSDAQ,2989,화학,패션·의류,0.6158,자동차_부품,0.5062,타이어,0.4942
067170,오텍,KOSDAQ,968,가정용기기와용품,IT부품,0.6147,전력기기,0.6104,건설,0.5528
101730,위메이드맥스,KOSDAQ,4072,게임엔터테인먼트,AI_인프라,0.6145,항공,0.4987,보험,0.4838
025770,한국정보통신,KOSDAQ,3909,IT서비스,AI_인프라,0.6136,통신,0.6132,원전,0.5706
039840,디오,KOSDAQ,2198,건강관리장비와용품,K푸드_수출,0.6135,레저·여행,0.5549,중국내수식품,0.5443
126880,제이엔케이글로벌,KOSDAQ,820,석유와가스,K푸드_수출,0.6119,미용·에스테틱,0.5806,방산,0.5435
190510,나무가,KOSDAQ,2597,핸드셋,자동차_완성차,0.6117,자동차_부품,0.5932,타이어,0.5002
214330,금호에이치티,KOSPI,802,자동차부품,AI_인프라,0.6115,엔터·음악,0.5509,방산,0.5424
321260,프로이천,KOSDAQ,1279,디스플레이장비및부품,건설,0.6113,철강,0.502,해운,0.4159
048550,SM C&C,KOSDAQ,967,광고,화장품_브랜드,0.6112,레저·여행,0.5875,게임,0.5861
011150,CJ씨푸드,KOSPI,905,식품,K푸드_수출,0.6112,화장품_브랜드,0.5894,화장품_ODM,0.4979
049720,고려신용정보,KOSDAQ,1415,상업서비스와공급품,레저·여행,0.611,의료기기,0.5503,은행,0.5179
033320,제이씨현시스템,KOSDAQ,851,컴퓨터와주변기기,보험,0.6102,엔터·음악,0.4476,AI_인프라,0.4162
170790,파이오링크,KOSDAQ,699,통신장비,반도체_소재부품,0.6101,의료기기,0.6015,반도체_대형,0.5974
006060,화승인더,KOSPI,1806,"섬유,의류,신발,호화품",방산,0.6087,엔터·음악,0.5805,보험,0.5504
003780,진양산업,KOSPI,711,화학,바이오_임상단계,0.6082,로봇,0.4466,바이오_기술이전,0.3595
127120,제이에스링크,KOSDAQ,13812,생명과학도구및서비스,보험,0.6072,핀테크·결제,0.4846,레저·여행,0.4545
216080,제테마,KOSDAQ,2211,건강관리장비와용품,시멘트,0.6066,비철금속,0.5988,자동차_완성차,0.5711
038070,서린바이오,KOSDAQ,558,생물공학,내수식품,0.6064,방산,0.5443,미용·에스테틱,0.5423
106190,하이텍팜,KOSDAQ,1690,제약,전력기기,0.606,해운,0.5686,시멘트,0.5679
041830,인바디,KOSDAQ,6207,건강관리장비와용품,의료기기,0.6058,자동차_부품,0.6029,반도체_소재부품,0.589
009270,신원,KOSPI,1469,"섬유,의류,신발,호화품",엔터·음악,0.6053,K푸드_수출,0.5995,방산,0.5909
142210,유니트론텍,KOSDAQ,1537,반도체와반도체장비,미용·에스테틱,0.6049,B2B_IT서비스,0.5945,K푸드_수출,0.5828
004090,한국석유,KOSPI,1835,화학,정유,0.6048,원전,0.5929,물류·육운,0.5885
131370,알서포트,KOSDAQ,1206,소프트웨어,K푸드_수출,0.6029,방산,0.5412,미용·에스테틱,0.4482
179900,유티아이,KOSDAQ,4027,핸드셋,조선,0.6028,레저·여행,0.5159,빅플랫폼,0.4895
391710,코닉오토메이션,KOSDAQ,980,IT서비스,조선,0.602,반도체_소재부품,0.594,의료기기,0.5632
089030,테크윙,KOSDAQ,20638,반도체와반도체장비,반도체_대형,0.6019,의료기기,0.5679,반도체_장비,0.5657
117580,대성에너지,KOSPI,2255,가스유틸리티,해운,0.6018,원전,0.5931,정유,0.541
099430,바이오플러스,KOSDAQ,3519,건강관리장비와용품,방산,0.6013,보험,0.5257,AI_인프라,0.4015
206560,덱스터,KOSDAQ,538,방송과엔터테인먼트,항공,0.6009,방산,0.5691,AI_인프라,0.4959
003580,HLB글로벌,KOSPI,1000,판매업체,전력기기,0.5998,로봇,0.5671,바이오_대형CDMO,0.4801
109070,주성코퍼레이션,KOSPI,950,해운사,건설,0.5992,전력기기,0.5274,IT부품,0.5247
334970,프레스티지바이오로직스,KOSDAQ,1582,제약,대형제약,0.5992,CMO_CDMO,0.4404,항공,0.3141
308430,셀비온,KOSDAQ,3541,제약,철강,0.5991,통신,0.5914,건설,0.5325
246710,티앤알바이오팹,KOSDAQ,1248,생물공학,시멘트,0.5989,비철금속,0.561,전력기기,0.5489
094170,동운아나텍,KOSDAQ,10120,반도체와반도체장비,자동차_부품,0.5981,IT부품,0.5909,전력기기,0.5625
053690,한미글로벌,KOSPI,2695,건설,원전,0.598,건설,0.5685,해운,0.5596
033500,동성화인텍,KOSDAQ,7302,화학,방산,0.5975,엔터·음악,0.583,조선,0.4974
002760,보락,KOSPI,620,식품,시멘트,0.5973,비철금속,0.5465,건자재,0.5406
137310,에스디바이오센서,KOSPI,9575,건강관리장비와용품,보험,0.5968,AI_인프라,0.5201,방산,0.391
143240,사람인,KOSDAQ,1709,상업서비스와공급품,건설,0.5965,우주·위성,0.483,전력기기,0.476
040350,크레오에스지,KOSDAQ,705,IT서비스,내수식품,0.5964,우주·위성,0.4618,B2B_IT서비스,0.4548
007980,TP,KOSPI,949,"섬유,의류,신발,호화품",반도체_중소형,0.5955,반도체_소재부품,0.5662,반도체_대형,0.5633
114450,그린생명과학,KOSDAQ,546,제약,에너지유틸리티,0.5946,레저·여행,0.5756,내수식품,0.5741
054540,삼영엠텍,KOSDAQ,1540,조선,조선,0.5944,의료기기,0.5333,바이오_임상단계,0.5149
007210,벽산,KOSPI,1214,건축자재,철강,0.5938,건설,0.5585,방산,0.5558
002140,고려산업,KOSPI,645,식품,철강,0.5932,신재생에너지,0.5259,해운,0.5007
320000,한울반도체,KOSDAQ,998,전자장비와기기,K푸드_수출,0.5931,엔터·음악,0.4392,중국내수식품,0.4233
099410,동방선기,KOSDAQ,781,조선,조선,0.593,의료기기,0.4111,바이오_임상단계,0.3786
063160,종근당바이오,KOSPI,1030,제약,대형제약,0.593,CMO_CDMO,0.5508,방산,0.5257
219420,링크제니시스,KOSDAQ,578,소프트웨어,로봇,0.5928,바이오_기술이전,0.4514,바이오_대형CDMO,0.418
019180,티에이치엔,KOSPI,1443,자동차부품,2차전지_셀,0.5921,자동차_부품,0.5869,반도체_대형,0.5845
097870,효성오앤비,KOSDAQ,522,화학,보험,0.5914,신재생에너지,0.5313,AI_인프라,0.5137
192410,오늘이엔엠,KOSDAQ,1518,통신장비,건설,0.5913,원전,0.5274,해운,0.5183
052790,액토즈소프트,KOSDAQ,560,게임엔터테인먼트,AI_인프라,0.5911,B2B_IT서비스,0.5437,조선,0.5307
474650,링크솔루션,KOSDAQ,3390,기계,중소제약,0.5906,자동차_부품,0.5677,타이어,0.5522
024840,KBI메탈,KOSDAQ,2919,전기장비,전력기기,0.589,건설,0.5521,IT부품,0.5143
006620,동구바이오제약,KOSDAQ,1372,제약,중소제약,0.5868,의료기기,0.5796,반도체_소재부품,0.5571
250030,진코스텍,KOSDAQ,722,화장품,AI_인프라,0.5858,항공,0.528,보험,0.4971
315640,딥노이드,KOSDAQ,917,IT서비스,엔터·음악,0.5857,방산,0.5641,K푸드_수출,0.4246
389650,넥스트바이오메디컬,KOSDAQ,4462,건강관리장비와용품,바이오_기술이전,0.5848,바이오_임상단계,0.3968,조선,0.3945
241560,두산밥캣,KOSPI,67578,기계,B2B_IT서비스,0.5838,반도체_중소형,0.5687,패션·의류,0.5601
052020,에스티큐브,KOSDAQ,12345,판매업체,전력기기,0.5838,IT부품,0.4581,건설,0.4341
450330,하스,KOSDAQ,559,건강관리장비와용품,신재생에너지,0.5837,건설,0.5805,유통,0.557
217730,강스템바이오텍,KOSDAQ,3282,생물공학,우주·위성,0.5832,전력기기,0.5776,반도체_장비,0.5237
065660,안트로젠,KOSDAQ,3166,제약,자동차_부품,0.5827,중소제약,0.4721,자동차_완성차,0.4472
396270,넥스트칩,KOSDAQ,2210,반도체와반도체장비,전력기기,0.5822,비철금속,0.514,IT부품,0.4678
002450,삼익악기,KOSPI,1119,레저용장비와제품,엔터·음악,0.5822,보험,0.576,AI_인프라,0.5715
302430,이노메트리,KOSDAQ,942,전기제품,철강,0.5816,유통,0.4901,석유화학,0.4434
060590,씨티씨바이오,KOSDAQ,945,제약,엔터·음악,0.5807,방산,0.5753,생활용품,0.5028
175140,휴먼테크놀로지,KOSDAQ,905,전자제품,조선,0.5805,방산,0.5694,화장품_브랜드,0.5375
000150,두산,KOSPI,270922,복합기업,보험,0.5802,B2B_IT서비스,0.5462,AI_인프라,0.5441
067630,HLB생명과학,KOSDAQ,4584,건강관리장비와용품,전력기기,0.5777,로봇,0.548,바이오_임상단계,0.4344
051360,토비스,KOSDAQ,2756,디스플레이장비및부품,IT부품,0.5776,전력기기,0.378,비철금속,0.3706
488280,에스투더블유,KOSDAQ,2993,IT서비스,IT부품,0.5776,미디어·콘텐츠,0.5732,패션·의류,0.5612
001790,대한제당,KOSPI,2453,식품,중국내수식품,0.5776,K푸드_수출,0.5409,내수식품,0.4714
145720,덴티움,KOSPI,4501,건강관리장비와용품,신재생에너지,0.5758,철강,0.5136,K푸드_수출,0.5118
003650,미창석유,KOSPI,2084,화학,내수식품,0.5757,방산,0.4653,대형제약,0.4538
443250,레뷰코퍼레이션,KOSDAQ,780,양방향미디어와서비스,엔터·음악,0.5757,항공,0.3449,바이오_기술이전,0.3435
411080,샌즈랩,KOSDAQ,1145,소프트웨어,방산,0.5749,AI_인프라,0.5223,미용·에스테틱,0.5096
013310,아진산업,KOSDAQ,1591,자동차부품,반도체_소재부품,0.5746,반도체_중소형,0.5486,디스플레이,0.5255
068930,디지털대성,KOSDAQ,2313,교육서비스,통신,0.5738,시멘트,0.5188,유통,0.5011
299660,셀리드,KOSDAQ,978,생물공학,보험,0.5728,방산,0.4718,AI_인프라,0.4475
041960,코미팜,KOSDAQ,6405,제약,유통,0.5724,디스플레이,0.5328,신재생에너지,0.5112
053450,세코닉스,KOSDAQ,784,전자장비와기기,B2B_IT서비스,0.572,철강,0.4895,엔터·음악,0.4726
337930,젝시믹스,KOSDAQ,1172,"섬유,의류,신발,호화품",대형제약,0.5719,CMO_CDMO,0.4493,게임,0.2874
396470,워트,KOSDAQ,1450,반도체와반도체장비,반도체_소재부품,0.5711,반도체_중소형,0.5527,물류·육운,0.5436
457370,한켐,KOSDAQ,706,디스플레이장비및부품,반도체_중소형,0.5707,반도체_소재부품,0.5466,디스플레이,0.5348
215600,신라젠,KOSDAQ,4509,제약,패션·의류,0.5707,레저·여행,0.5542,신재생에너지,0.5539
078520,에이블씨엔씨,KOSPI,3712,화장품,화장품_브랜드,0.5693,은행,0.5445,레저·여행,0.5387
377480,마음AI,KOSDAQ,1129,IT서비스,엔터·음악,0.5688,AI_인프라,0.5229,방산,0.496
408920,메쎄이상,KOSDAQ,1526,양방향미디어와서비스,레저·여행,0.5677,조선,0.5373,핀테크·결제,0.5064
056360,코위버,KOSDAQ,1159,통신장비,건설,0.5668,철강,0.4703,전력기기,0.4575
153460,네이블,KOSDAQ,594,소프트웨어,건설,0.5664,통신,0.4721,철강,0.4614
138610,나이벡,KOSDAQ,2517,건강관리장비와용품,의료기기,0.565,조선,0.4916,레저·여행,0.483
131400,이브이첨단소재,KOSDAQ,971,전자장비와기기,은행,0.5644,핀테크·결제,0.5557,CMO_CDMO,0.463
024950,삼천리자전거,KOSDAQ,587,레저용장비와제품,조선,0.5637,레저·여행,0.538,K푸드_수출,0.5366
066700,테라젠이텍스,KOSDAQ,1092,제약,패션·의류,0.5636,유통,0.5492,석유화학,0.5471
010100,한국무브넥스,KOSPI,1656,자동차부품,B2B_IT서비스,0.5632,로봇,0.559,패션·의류,0.4872
444530,심플랫폼,KOSDAQ,666,IT서비스,신재생에너지,0.5624,원전,0.5374,건설,0.5354
096240,크레버스,KOSDAQ,1053,교육서비스,엔터·음악,0.5603,미디어·콘텐츠,0.5558,빅플랫폼,0.4855
082850,우리바이오,KOSDAQ,971,디스플레이장비및부품,대형제약,0.5596,CMO_CDMO,0.5486,보험,0.3972
214390,경보제약,KOSPI,1522,제약,바이오_임상단계,0.5579,IT부품,0.4694,로봇,0.4155
348150,고바이오랩,KOSDAQ,903,건강관리업체및서비스,CMO_CDMO,0.5558,중소제약,0.5415,물류·육운,0.4299
053050,지에스이,KOSDAQ,707,가스유틸리티,해운,0.5554,원전,0.5267,보험,0.5011
047920,HLB제약,KOSDAQ,5149,제약,로봇,0.5554,바이오_대형CDMO,0.479,전력기기,0.4561
234690,녹십자웰빙,KOSDAQ,1929,제약,건설,0.5551,건자재,0.5526,해운,0.5211
081150,티플랙스,KOSDAQ,1059,비철금속,철강,0.5548,건설,0.537,신재생에너지,0.4612
078140,대봉엘에스,KOSDAQ,1130,제약,대형제약,0.5541,방산,0.5416,보험,0.503
018500,동원금속,KOSPI,858,자동차부품,바이오_대형CDMO,0.5527,로봇,0.4314,우주·위성,0.3788
048530,인트론바이오,KOSDAQ,1014,생명과학도구및서비스,건자재,0.5522,시멘트,0.544,전력기기,0.5152
171010,램테크놀러지,KOSDAQ,545,반도체와반도체장비,조선,0.5513,미용·에스테틱,0.5466,방산,0.4951
199550,레이저옵텍,KOSDAQ,685,건강관리장비와용품,K푸드_수출,0.5509,방산,0.5036,철강,0.4534
140070,서플러스글로벌,KOSDAQ,937,반도체와반도체장비,생활용품,0.5502,디스플레이,0.4622,석유화학,0.4424
456010,아이씨티케이,KOSDAQ,3002,통신장비,K푸드_수출,0.5499,미용·에스테틱,0.4638,방산,0.3544
416180,신성에스티,KOSDAQ,3028,전기제품,보험,0.5497,K푸드_수출,0.5434,조선,0.5349
314930,바이오다인,KOSDAQ,3247,건강관리장비와용품,대형제약,0.5494,AI_인프라,0.4841,보험,0.4836
040300,YTN,KOSDAQ,1485,방송과엔터테인먼트,타이어,0.5485,바이오_기술이전,0.5349,바이오_대형CDMO,0.5281
413390,엠오티,KOSDAQ,991,전기제품,철강,0.5479,우주·위성,0.4532,유통,0.4265
251370,와이엠티,KOSDAQ,2987,화학,반도체_중소형,0.5476,디스플레이,0.5359,반도체_장비,0.5213
008700,아남전자,KOSPI,1059,전자제품,철강,0.5459,B2B_IT서비스,0.4739,우주·위성,0.4645
012280,영화금속,KOSPI,520,자동차부품,반도체_중소형,0.5448,디스플레이,0.5193,반도체_장비,0.514
082800,비보존 제약,KOSDAQ,1691,제약,방산,0.5447,AI_인프라,0.5377,보험,0.4893
293780,압타바이오,KOSDAQ,2039,건강관리업체및서비스,화장품_ODM,0.5446,화장품_브랜드,0.4903,물류·육운,0.489
452190,한빛레이저,KOSDAQ,1884,전기제품,철강,0.5427,유통,0.3777,패션·의류,0.3565
077500,유니퀘스트,KOSPI,1566,반도체와반도체장비,조선,0.5414,보험,0.379,미용·에스테틱,0.373
014620,성광벤드,KOSDAQ,9441,기계,보험,0.5413,방산,0.4192,AI_인프라,0.3944
255220,SG,KOSDAQ,2634,건축자재,로봇,0.5411,전력기기,0.4607,바이오_임상단계,0.3966
024740,한일단조,KOSDAQ,1026,자동차부품,비철금속,0.541,전력기기,0.4871,건설,0.4783
013580,계룡건설,KOSPI,2344,건설,내수식품,0.5409,신재생에너지,0.5383,건설,0.4841
094360,칩스앤미디어,KOSDAQ,3859,반도체와반도체장비,B2B_IT서비스,0.5408,로봇,0.5242,반도체_중소형,0.5222
950130,엑세스바이오,KOSDAQ,1418,생명과학도구및서비스,화장품_ODM,0.5407,방산,0.5245,미용·에스테틱,0.5111
066430,아이로보틱스,KOSDAQ,1061,화학,내수식품,0.5405,화장품_ODM,0.5082,K푸드_수출,0.4888
163730,핑거,KOSDAQ,2168,IT서비스,생활용품,0.5395,방산,0.5033,게임,0.4614
068790,DMS,KOSDAQ,1755,디스플레이장비및부품,K푸드_수출,0.5394,미용·에스테틱,0.5263,미디어·콘텐츠,0.4204
432720,퀄리타스반도체,KOSDAQ,3100,반도체와반도체장비,철강,0.5392,K푸드_수출,0.4826,반도체_소재부품,0.4783
038680,에스넷,KOSDAQ,902,IT서비스,건설,0.5386,신재생에너지,0.5103,철강,0.5006
208370,셀바스헬스케어,KOSDAQ,1018,건강관리장비와용품,바이오_기술이전,0.5384,로봇,0.5003,바이오_대형CDMO,0.4199
303810,동국생명과학,KOSDAQ,1002,건강관리장비와용품,건자재,0.5379,석유화학,0.4931,디스플레이,0.4704
017810,풀무원,KOSPI,4143,식품,K푸드_수출,0.5371,엔터·음악,0.4033,방산,0.3572
006660,삼성공조,KOSPI,1064,자동차부품,K푸드_수출,0.5365,바이오_기술이전,0.4299,화장품_ODM,0.4228
332570,PS일렉트로닉스,KOSDAQ,6689,핸드셋,반도체_소재부품,0.5353,반도체_대형,0.5338,자동차_부품,0.531
463480,모티브링크,KOSDAQ,1023,자동차부품,자동차_부품,0.5335,2차전지_소재부품,0.4788,반도체_대형,0.4695
435570,에르코스,KOSDAQ,714,식품,내수식품,0.5327,게임,0.4466,엔터·음악,0.42
112290,와이씨켐,KOSDAQ,3073,반도체와반도체장비,B2B_IT서비스,0.5315,철강,0.4734,패션·의류,0.4558
145170,노브랜드,KOSDAQ,887,"섬유,의류,신발,호화품",디스플레이,0.5301,IT부품,0.4896,석유화학,0.4757
013890,지누스,KOSPI,2530,가구,보험,0.5293,항공,0.4798,AI_인프라,0.4265
108860,셀바스AI,KOSDAQ,3175,건강관리장비와용품,방산,0.529,AI_인프라,0.5273,B2B_IT서비스,0.5232
203650,드림시큐리티,KOSDAQ,3573,상업서비스와공급품,건설,0.5278,철강,0.3941,IT부품,0.3884
430690,한싹,KOSDAQ,512,소프트웨어,조선,0.527,미용·에스테틱,0.4988,레저·여행,0.4948
452400,이닉스,KOSDAQ,776,전기제품,핀테크·결제,0.5262,은행,0.507,CMO_CDMO,0.501
439580,블루엠텍,KOSDAQ,993,건강관리업체및서비스,생활용품,0.5246,화장품_브랜드,0.5135,CMO_CDMO,0.5058
126640,화신정공,KOSDAQ,594,자동차부품,반도체_장비,0.5241,우주·위성,0.5044,반도체_중소형,0.5005
066590,스모트로닉,KOSDAQ,974,자동차부품,게임,0.524,B2B_IT서비스,0.5225,방산,0.5007
377740,바이오노트,KOSPI,5145,건강관리장비와용품,보험,0.524,CMO_CDMO,0.5018,조선,0.4319
047400,유니온머티리얼,KOSPI,812,자동차부품,IT부품,0.5237,전력기기,0.4707,반도체_장비,0.4587
009190,대양금속,KOSPI,603,철강,방산,0.5237,화장품_브랜드,0.5166,화장품_ODM,0.4964
039980,폴라리스AI,KOSDAQ,1197,IT서비스,AI_인프라,0.5213,보험,0.5109,방산,0.4751
011000,진원생명과학,KOSPI,1019,생물공학,미용·에스테틱,0.5205,방산,0.4941,화장품_ODM,0.4586
179290,엠아이텍,KOSDAQ,2009,건강관리장비와용품,항공,0.52,엔터·음악,0.3688,방산,0.2698
058820,CMG제약,KOSDAQ,2235,제약,내수식품,0.518,K푸드_수출,0.484,미용·에스테틱,0.4663
042940,상지건설,KOSDAQ,634,건설,K푸드_수출,0.5162,방산,0.5099,미용·에스테틱,0.4238
079900,전진건설로봇,KOSPI,9310,기계,엔터·음악,0.5122,방산,0.3354,바이오_대형CDMO,0.3062
357880,SKAI,KOSDAQ,1976,IT서비스,건설,0.5113,우주·위성,0.478,전력기기,0.444
119610,인터로조,KOSDAQ,2157,건강관리장비와용품,통신,0.5097,건설,0.4776,해운,0.46
026150,특수건설,KOSDAQ,1035,건설,내수식품,0.5058,철강,0.4906,K푸드_수출,0.4779
000520,삼일제약,KOSPI,1895,제약,바이오_임상단계,0.5049,대형제약,0.4929,로봇,0.4124
361570,알비더블유,KOSDAQ,540,방송과엔터테인먼트,바이오_임상단계,0.5034,조선,0.2945,바이오_대형CDMO,0.2938
170030,현대공업,KOSDAQ,983,자동차부품,K푸드_수출,0.5032,레저·여행,0.4812,반도체_소재부품,0.4804
384470,코어라인소프트,KOSDAQ,655,건강관리기술,철강,0.5026,B2B_IT서비스,0.4632,엔터·음악,0.4615
415640,KB발해인프라,KOSPI,12119,운송인프라,CMO_CDMO,0.5025,바이오_임상단계,0.4896,2차전지_셀,0.483
091120,이엠텍,KOSDAQ,1343,핸드셋,바이오_임상단계,0.5019,IT부품,0.4629,로봇,0.413
101670,하이드로리튬,KOSDAQ,1087,전기제품,2차전지_셀,0.5002,조선,0.4996,핀테크·결제,0.4746
370090,퓨런티어,KOSDAQ,1253,전자장비와기기,로봇,0.4993,항공,0.2872,바이오_임상단계,0.2084
369370,블리츠웨이엔터테인먼트,KOSDAQ,517,방송과엔터테인먼트,바이오_대형CDMO,0.4989,타이어,0.4978,바이오_임상단계,0.4555
204610,티쓰리,KOSDAQ,1683,게임엔터테인먼트,건설,0.4974,철강,0.4809,신재생에너지,0.4409
364950,에이아이코리아,KOSDAQ,518,전자장비와기기,조선,0.4952,바이오_임상단계,0.472,의료기기,0.403
290690,소룩스,KOSDAQ,1562,디스플레이장비및부품,CMO_CDMO,0.4942,은행,0.4641,AI_인프라,0.4382
199820,제일일렉트릭,KOSDAQ,3848,전기장비,보험,0.4938,항공,0.4669,AI_인프라,0.387
003610,방림,KOSPI,1922,"섬유,의류,신발,호화품",바이오_임상단계,0.493,바이오_기술이전,0.4714,항공,0.2897
136150,원일티엔아이,KOSDAQ,1324,에너지장비및서비스,2차전지_소재부품,0.4924,석유화학,0.4881,유통,0.4797
084990,헬릭스미스,KOSDAQ,3627,생물공학,CMO_CDMO,0.4916,2차전지_셀,0.4802,조선,0.4515
067990,도이치모터스,KOSDAQ,1479,자동차,통신,0.4889,생활용품,0.4654,중국내수식품,0.4284
253840,수젠텍,KOSDAQ,1177,건강관리장비와용품,AI_인프라,0.4888,보험,0.4179,조선,0.4111
177900,쓰리에이로직스,KOSDAQ,701,통신장비,철강,0.4886,건설,0.3421,중국내수식품,0.321
273640,와이엠텍,KOSDAQ,1279,전기제품,IT부품,0.4882,건설,0.4849,전력기기,0.4605
148150,세경하이테크,KOSDAQ,1556,핸드셋,엔터·음악,0.4878,K푸드_수출,0.3804,보험,0.3442
098070,한텍,KOSDAQ,4292,에너지장비및서비스,방산,0.4856,조선,0.4686,화장품_브랜드,0.3935
340360,다보링크,KOSDAQ,728,통신장비,비철금속,0.4855,건자재,0.417,디스플레이,0.3917
376900,로킷헬스케어,KOSDAQ,11001,건강관리장비와용품,중소제약,0.4843,바이오_기술이전,0.4377,바이오_임상단계,0.3803
004380,삼익THK,KOSPI,2496,기계,바이오_기술이전,0.4838,B2B_IT서비스,0.4557,바이오_대형CDMO,0.4452
452450,피아이이,KOSDAQ,2341,IT서비스,빅플랫폼,0.4828,K푸드_수출,0.4794,중국내수식품,0.4757
232830,아이티센피엔에스,KOSDAQ,838,IT서비스,건설,0.4828,신재생에너지,0.4407,철강,0.3929
071280,로체시스템즈,KOSDAQ,1443,반도체와반도체장비,항공,0.4819,보험,0.3317,로봇,0.1784
004830,덕성,KOSPI,678,"섬유,의류,신발,호화품",바이오_대형CDMO,0.4816,철강,0.4219,엔터·음악,0.3531
142280,녹십자엠에스,KOSDAQ,1016,건강관리장비와용품,화장품_ODM,0.4816,미용·에스테틱,0.4648,화장품_브랜드,0.447
263020,디케이앤디,KOSDAQ,526,"섬유,의류,신발,호화품",대형제약,0.4805,CMO_CDMO,0.4494,비철금속,0.4061
382150,온코크로스,KOSDAQ,881,생명과학도구및서비스,K푸드_수출,0.4798,바이오_기술이전,0.4222,미디어·콘텐츠,0.3594
333620,엔시스,KOSDAQ,786,전자장비와기기,화장품_브랜드,0.4796,비철금속,0.4768,에너지유틸리티,0.4389
203400,에이비온,KOSDAQ,1964,제약,비철금속,0.4796,타이어,0.4366,에너지유틸리티,0.4214
219550,디와이디,KOSDAQ,628,화장품,철강,0.4796,우주·위성,0.3929,엔터·음악,0.3889
150900,파수AI,KOSDAQ,608,소프트웨어,조선,0.4793,레저·여행,0.4748,K푸드_수출,0.464
317690,퀀타매트릭스,KOSDAQ,744,생명과학도구및서비스,대형제약,0.4767,CMO_CDMO,0.4383,바이오_임상단계,0.4122
371950,풍원정밀,KOSDAQ,2234,디스플레이장비및부품,우주·위성,0.4717,철강,0.4111,시멘트,0.4023
003920,남양유업,KOSPI,3030,식품,엔터·음악,0.4706,방산,0.444,항공,0.421
037950,엘컴텍,KOSDAQ,539,핸드셋,로봇,0.4703,바이오_기술이전,0.2869,중소제약,0.244
084650,랩지노믹스,KOSDAQ,1031,생명과학도구및서비스,AI_인프라,0.4669,대형제약,0.4657,보험,0.4272
378800,샤페론,KOSDAQ,759,제약,보험,0.4663,항공,0.3991,대형제약,0.3499
017860,DS단석,KOSPI,3649,화학,보험,0.4654,AI_인프라,0.3543,비철금속,0.2852
353810,이지바이오,KOSDAQ,2388,식품,바이오_대형CDMO,0.465,반도체_중소형,0.4202,K푸드_수출,0.4112
339770,교촌에프앤비,KOSPI,2039,식품,엔터·음악,0.4612,K푸드_수출,0.3967,중국내수식품,0.3145
443670,에스피소프트,KOSDAQ,1303,IT서비스,B2B_IT서비스,0.4601,반도체_중소형,0.4253,패션·의류,0.3992
101360,에코앤드림,KOSDAQ,2932,화학,2차전지_소재부품,0.4596,바이오_임상단계,0.4313,2차전지_셀,0.3971
072990,에이치시티,KOSDAQ,660,전자장비와기기,CMO_CDMO,0.459,조선,0.4427,의료기기,0.3924
305090,마이크로디지탈,KOSDAQ,862,건강관리장비와용품,대형제약,0.4586,CMO_CDMO,0.4175,방산,0.3641
064240,홈캐스트,KOSDAQ,702,전문소매,화장품_브랜드,0.4576,신재생에너지,0.4546,내수식품,0.4519
004920,씨아이테크,KOSPI,565,컴퓨터와주변기기,게임,0.4576,방산,0.4551,생활용품,0.4223
128540,에코캡,KOSDAQ,500,자동차부품,B2B_IT서비스,0.4567,자동차_부품,0.4529,반도체_소재부품,0.4369
272550,삼양패키징,KOSPI,1586,포장재,CMO_CDMO,0.4567,2차전지_셀,0.4063,대형제약,0.3993
225530,HC보광산업,KOSDAQ,1073,건축자재,건설,0.4552,철강,0.3845,우주·위성,0.3356
225190,LK삼양,KOSDAQ,1388,전자장비와기기,항공,0.4544,전력기기,0.4204,시멘트,0.3766
173130,오파스넷,KOSDAQ,943,IT서비스,바이오_대형CDMO,0.4521,IT부품,0.3621,바이오_임상단계,0.308
053950,경남제약,KOSDAQ,506,제약,전력기기,0.4467,2차전지_셀,0.3941,정유,0.3667
000490,대동,KOSPI,2986,기계,로봇,0.4465,바이오_대형CDMO,0.4447,엔터·음악,0.4217
008830,대동기어,KOSDAQ,1860,기계,엔터·음악,0.4462,바이오_대형CDMO,0.4069,철강,0.2432
004100,태양금속,KOSPI,968,자동차부품,건설,0.4448,전력기기,0.406,시멘트,0.3803
143160,아이디스,KOSDAQ,1820,전자장비와기기,조선,0.4439,타이어,0.443,반도체_소재부품,0.4164
001260,남광토건,KOSPI,884,건설,방산,0.4428,엔터·음악,0.4176,보험,0.3365
123010,알엔티엑스,KOSDAQ,875,핸드셋,바이오_대형CDMO,0.4425,로봇,0.3695,바이오_임상단계,0.3636
084690,대상홀딩스,KOSPI,3349,식품,바이오_대형CDMO,0.4421,K푸드_수출,0.3325,엔터·음악,0.3095
434480,모니터랩,KOSDAQ,526,소프트웨어,조선,0.4396,미용·에스테틱,0.4022,미디어·콘텐츠,0.3974
285490,노바텍,KOSDAQ,2162,핸드셋,B2B_IT서비스,0.4388,로봇,0.4327,바이오_대형CDMO,0.417
049480,오픈베이스,KOSDAQ,898,컴퓨터와주변기기,AI_인프라,0.4367,건설,0.3825,빅플랫폼,0.3342
950210,프레스티지바이오파마,KOSPI,4669,제약,대형제약,0.4365,AI_인프라,0.3907,방산,0.3283
406820,뷰티스킨,KOSDAQ,536,화장품,자동차_부품,0.4311,바이오_기술이전,0.4265,패션·의류,0.3098
003220,대원제약,KOSPI,2215,제약,조선,0.4282,보험,0.3653,AI_인프라,0.3568
168360,펨트론,KOSDAQ,5567,전자장비와기기,엔터·음악,0.4271,보험,0.3907,반도체_중소형,0.378
002800,신신제약,KOSDAQ,823,제약,내수식품,0.4268,화장품_브랜드,0.3592,화장품_ODM,0.3575
010770,평화홀딩스,KOSPI,594,자동차부품,방산,0.4254,K푸드_수출,0.4141,엔터·음악,0.364
005690,파미셀,KOSPI,10761,화학,K푸드_수출,0.4202,바이오_대형CDMO,0.4104,바이오_임상단계,0.394
205470,휴마시스,KOSDAQ,1046,생명과학도구및서비스,AI_인프라,0.4157,방산,0.4103,보험,0.3838
311690,CJ 바이오사이언스,KOSDAQ,915,생명과학도구및서비스,중국내수식품,0.4154,레저·여행,0.4033,미용·에스테틱,0.3957
226330,신테카바이오,KOSDAQ,656,건강관리업체및서비스,엔터·음악,0.4149,K푸드_수출,0.391,B2B_IT서비스,0.342
230240,에치에프알,KOSDAQ,4518,통신장비,철강,0.4139,우주·위성,0.3784,바이오_대형CDMO,0.3111
007610,선도전기,KOSPI,2574,전기장비,전력기기,0.409,건설,0.3709,IT부품,0.3619
053800,안랩,KOSDAQ,7098,소프트웨어,바이오_대형CDMO,0.3971,엔터·음악,0.3217,로봇,0.2647
013360,일성건설,KOSPI,915,건설,바이오_대형CDMO,0.3956,로봇,0.3498,바이오_임상단계,0.2565
101930,인화정공,KOSDAQ,6066,조선,조선,0.392,엔터·음악,0.1955,항공,0.1112
465480,인스피언,KOSDAQ,596,IT서비스,건설,0.3911,신재생에너지,0.3571,유통,0.3429
407400,꿈비,KOSDAQ,555,가정용기기와용품,K푸드_수출,0.3905,엔터·음악,0.3709,방산,0.3089
321820,아티스트컴퍼니,KOSDAQ,588,방송과엔터테인먼트,항공,0.389,대형제약,0.1577,건설,0.1522
041440,현대에버다임,KOSDAQ,1642,기계,로봇,0.3875,전력기기,0.3277,비철금속,0.1916
000910,유니온,KOSPI,686,건축자재,엔터·음악,0.3865,바이오_대형CDMO,0.304,로봇,0.2559
072130,유엔젤,KOSPI,620,IT서비스,보험,0.3849,항공,0.3808,엔터·음악,0.3525
002900,TYM,KOSPI,3663,기계,엔터·음악,0.3839,로봇,0.3596,조선,0.2979
032580,피델릭스,KOSDAQ,1063,반도체와반도체장비,IT부품,0.3809,반도체_중소형,0.3217,철강,0.3208
047820,초록뱀미디어,KOSDAQ,1386,방송과엔터테인먼트,IT부품,0.3779,보험,0.3489,바이오_임상단계,0.2972
001530,DI동일,KOSPI,5727,"섬유,의류,신발,호화품",항공,0.3771,엔터·음악,0.1988,철강,0.1897
171120,라이온켐텍,KOSDAQ,861,건축자재,철강,0.3765,엔터·음악,0.2264,통신,0.2262
176750,듀켐바이오,KOSDAQ,2544,제약,대형제약,0.376,방산,0.3495,비철금속,0.2963
013990,아가방컴퍼니,KOSDAQ,1660,"섬유,의류,신발,호화품",엔터·음악,0.3755,K푸드_수출,0.3554,방산,0.2418
007280,한국특강,KOSPI,752,철강,K푸드_수출,0.368,엔터·음악,0.2217,조선,0.2195
025950,동신건설,KOSDAQ,1289,건설,바이오_대형CDMO,0.366,엔터·음악,0.2274,바이오_임상단계,0.2271
012690,모나리자,KOSPI,788,가정용품,건설,0.3651,철강,0.3613,신재생에너지,0.3526
086820,바이오솔루션,KOSDAQ,2576,생물공학,엔터·음악,0.3634,철강,0.2894,우주·위성,0.2671
004770,써니전자,KOSPI,614,전자장비와기기,바이오_대형CDMO,0.3603,엔터·음악,0.1833,철강,0.1628
048430,유라테크,KOSDAQ,874,자동차부품,K푸드_수출,0.3534,엔터·음악,0.3062,철강,0.1958
475580,에이럭스,KOSDAQ,1452,교육서비스,신재생에너지,0.3533,우주·위성,0.316,건설,0.3158
052220,iMBC,KOSDAQ,646,방송과엔터테인먼트,엔터·음악,0.3513,바이오_대형CDMO,0.3435,K푸드_수출,0.3352
101970,우양에이치씨,KOSDAQ,1978,에너지장비및서비스,K푸드_수출,0.3506,미용·에스테틱,0.3305,레저·여행,0.3301
109610,에스와이,KOSDAQ,1313,건축자재,엔터·음악,0.3494,철강,0.2793,항공,0.2625
016090,대현,KOSPI,761,"섬유,의류,신발,호화품",항공,0.34,보험,0.2238,엔터·음악,0.1859
226400,오스테오닉,KOSDAQ,1229,건강관리장비와용품,보험,0.3399,항공,0.3203,엔터·음악,0.2394
115450,HLB테라퓨틱스,KOSDAQ,2883,제약,로봇,0.3349,전력기기,0.294,바이오_임상단계,0.2116
339950,아이비김영,KOSDAQ,1179,교육서비스,우주·위성,0.3347,건설,0.3273,철강,0.2797
187420,HLB제넥스,KOSDAQ,799,생물공학,바이오_임상단계,0.3346,로봇,0.331,항공,0.2958
065500,오리엔트정공,KOSDAQ,640,자동차부품,엔터·음악,0.3313,바이오_대형CDMO,0.3252,K푸드_수출,0.2896
006370,대구백화점,KOSPI,575,백화점과일반상점,철강,0.3206,엔터·음악,0.2877,K푸드_수출,0.2808
099750,이지케어텍,KOSDAQ,1077,건강관리기술,바이오_대형CDMO,0.3199,로봇,0.283,항공,0.2542
045660,에이텍,KOSDAQ,759,컴퓨터와주변기기,바이오_대형CDMO,0.3171,엔터·음악,0.2373,바이오_임상단계,0.2361
067080,대화제약,KOSDAQ,2766,제약,대형제약,0.3171,바이오_기술이전,0.3021,생활용품,0.2959
365330,에스와이스틸텍,KOSDAQ,1710,건축자재,항공,0.3155,로봇,0.1547,대형제약,0.138
023160,태광,KOSDAQ,9493,기계,철강,0.3145,건설,0.2993,우주·위성,0.2768
025550,한국선재,KOSDAQ,984,철강,조선,0.3131,엔터·음악,0.2459,K푸드_수출,0.2029
023350,한국종합기술,KOSPI,556,건설,K푸드_수출,0.3022,바이오_대형CDMO,0.2769,엔터·음악,0.2384
039240,경남스틸,KOSDAQ,720,철강,바이오_임상단계,0.2949,바이오_대형CDMO,0.2745,로봇,0.1875
045340,토탈소프트,KOSDAQ,590,운송인프라,엔터·음악,0.2918,바이오_대형CDMO,0.1456,바이오_임상단계,0.0891
062970,한국첨단소재,KOSDAQ,1661,통신장비,바이오_대형CDMO,0.2897,엔터·음악,0.2018,철강,0.197
123860,아나패스,KOSDAQ,2094,디스플레이장비및부품,K푸드_수출,0.2857,조선,0.2791,중국내수식품,0.2482
020710,시공테크,KOSDAQ,906,"호텔,레스토랑,레저",K푸드_수출,0.2784,철강,0.142,바이오_대형CDMO,0.1397
014160,대영포장,KOSPI,1181,포장재,바이오_대형CDMO,0.2782,철강,0.2572,엔터·음악,0.2254
115500,케이씨에스,KOSDAQ,2313,IT서비스,엔터·음악,0.2534,바이오_대형CDMO,0.1832,철강,0.1374
356680,엑스게이트,KOSDAQ,5252,소프트웨어,엔터·음악,0.2458,항공,0.2178,IT부품,0.1643
007460,에이프로젠,KOSPI,1484,제약,전력기기,0.2298,IT부품,0.2244,반도체_대형,0.1779
215090,솔디펜스,KOSDAQ,585,우주항공과국방,로봇,0.2275,바이오_대형CDMO,0.1998,우주·위성,0.1917
003060,에이프로젠바이오로직스,KOSPI,648,제약,IT부품,0.1859,전력기기,0.1707,유통,0.1531
002840,미원상사,KOSPI,6502,화학,건설,0.1787,내수식품,0.1694,유통,0.1627
